Copyright 1986-2022 Xilinx, Inc. All Rights Reserved.
--------------------------------------------------------------------------------------------------------------------------------------------------------------------------------------
| Tool Version      : Vivado v.2022.2 (win64) Build 3671981 Fri Oct 14 05:00:03 MDT 2022
| Date              : Sun Apr 26 23:04:04 2026
| Host              : DESKTOP-I43IRA7 running 64-bit major release  (build 9200)
| Command           : report_bus_skew -warn_on_violation -file design_1_wrapper_bus_skew_routed.rpt -pb design_1_wrapper_bus_skew_routed.pb -rpx design_1_wrapper_bus_skew_routed.rpx
| Design            : design_1_wrapper
| Device            : xck26-sfvc784
| Speed File        : -2LV  PRODUCTION 1.30 05-15-2022
| Temperature Grade : C
--------------------------------------------------------------------------------------------------------------------------------------------------------------------------------------

Bus Skew Report

Table of Contents
-----------------
1. Bus Skew Report Summary
2. Bus Skew Report Per Constraint

1. Bus Skew Report Summary
--------------------------

Id  Position  From                            To                              Corner  Requirement(ns)  Actual(ns)  Slack(ns)
--  --------  ------------------------------  ------------------------------  ------  ---------------  ----------  ---------
1   91        [get_cells [list {design_1_i/PS_0/mipi_csi2_rx_subsyst_0/inst/rx/inst/gen_pkt_fifo/pkt_fifo/gnuram_async_fifo.xpm_fifo_base_inst/gen_cdc_pntr.wr_pntr_cdc_inst/src_gray_ff_reg[0]} {design_1_i/PS_0/mipi_csi2_rx_subsyst_0/inst/rx/inst/gen_pkt_fifo/pkt_fifo/gnuram_async_fifo.xpm_fifo_base_inst/gen_cdc_pntr.wr_pntr_cdc_inst/src_gray_ff_reg[1]} {design_1_i/PS_0/mipi_csi2_rx_subsyst_0/inst/rx/inst/gen_pkt_fifo/pkt_fifo/gnuram_async_fifo.xpm_fifo_base_inst/gen_cdc_pntr.wr_pntr_cdc_inst/src_gray_ff_reg[2]} {design_1_i/PS_0/mipi_csi2_rx_subsyst_0/inst/rx/inst/gen_pkt_fifo/pkt_fifo/gnuram_async_fifo.xpm_fifo_base_inst/gen_cdc_pntr.wr_pntr_cdc_inst/src_gray_ff_reg[3]} {design_1_i/PS_0/mipi_csi2_rx_subsyst_0/inst/rx/inst/gen_pkt_fifo/pkt_fifo/gnuram_async_fifo.xpm_fifo_base_inst/gen_cdc_pntr.wr_pntr_cdc_inst/src_gray_ff_reg[4]}]]
                                              [get_cells [list {design_1_i/PS_0/mipi_csi2_rx_subsyst_0/inst/rx/inst/gen_pkt_fifo/pkt_fifo/gnuram_async_fifo.xpm_fifo_base_inst/gen_cdc_pntr.wr_pntr_cdc_inst/dest_graysync_ff_reg[0][0]} {design_1_i/PS_0/mipi_csi2_rx_subsyst_0/inst/rx/inst/gen_pkt_fifo/pkt_fifo/gnuram_async_fifo.xpm_fifo_base_inst/gen_cdc_pntr.wr_pntr_cdc_inst/dest_graysync_ff_reg[0][1]} {design_1_i/PS_0/mipi_csi2_rx_subsyst_0/inst/rx/inst/gen_pkt_fifo/pkt_fifo/gnuram_async_fifo.xpm_fifo_base_inst/gen_cdc_pntr.wr_pntr_cdc_inst/dest_graysync_ff_reg[0][2]} {design_1_i/PS_0/mipi_csi2_rx_subsyst_0/inst/rx/inst/gen_pkt_fifo/pkt_fifo/gnuram_async_fifo.xpm_fifo_base_inst/gen_cdc_pntr.wr_pntr_cdc_inst/dest_graysync_ff_reg[0][3]} {design_1_i/PS_0/mipi_csi2_rx_subsyst_0/inst/rx/inst/gen_pkt_fifo/pkt_fifo/gnuram_async_fifo.xpm_fifo_base_inst/gen_cdc_pntr.wr_pntr_cdc_inst/dest_graysync_ff_reg[0][4]}]]
                                                                              Slow              4.000       0.485      3.515
2   93        [get_cells [list {design_1_i/PS_0/mipi_csi2_rx_subsyst_0/inst/rx/inst/gen_pkt_fifo/pkt_fifo/gnuram_async_fifo.xpm_fifo_base_inst/gen_cdc_pntr.rd_pntr_cdc_inst/src_gray_ff_reg[0]} {design_1_i/PS_0/mipi_csi2_rx_subsyst_0/inst/rx/inst/gen_pkt_fifo/pkt_fifo/gnuram_async_fifo.xpm_fifo_base_inst/gen_cdc_pntr.rd_pntr_cdc_inst/src_gray_ff_reg[1]} {design_1_i/PS_0/mipi_csi2_rx_subsyst_0/inst/rx/inst/gen_pkt_fifo/pkt_fifo/gnuram_async_fifo.xpm_fifo_base_inst/gen_cdc_pntr.rd_pntr_cdc_inst/src_gray_ff_reg[2]} {design_1_i/PS_0/mipi_csi2_rx_subsyst_0/inst/rx/inst/gen_pkt_fifo/pkt_fifo/gnuram_async_fifo.xpm_fifo_base_inst/gen_cdc_pntr.rd_pntr_cdc_inst/src_gray_ff_reg[3]} {design_1_i/PS_0/mipi_csi2_rx_subsyst_0/inst/rx/inst/gen_pkt_fifo/pkt_fifo/gnuram_async_fifo.xpm_fifo_base_inst/gen_cdc_pntr.rd_pntr_cdc_inst/src_gray_ff_reg[4]}]]
                                              [get_cells [list {design_1_i/PS_0/mipi_csi2_rx_subsyst_0/inst/rx/inst/gen_pkt_fifo/pkt_fifo/gnuram_async_fifo.xpm_fifo_base_inst/gen_cdc_pntr.rd_pntr_cdc_inst/dest_graysync_ff_reg[0][0]} {design_1_i/PS_0/mipi_csi2_rx_subsyst_0/inst/rx/inst/gen_pkt_fifo/pkt_fifo/gnuram_async_fifo.xpm_fifo_base_inst/gen_cdc_pntr.rd_pntr_cdc_inst/dest_graysync_ff_reg[0][1]} {design_1_i/PS_0/mipi_csi2_rx_subsyst_0/inst/rx/inst/gen_pkt_fifo/pkt_fifo/gnuram_async_fifo.xpm_fifo_base_inst/gen_cdc_pntr.rd_pntr_cdc_inst/dest_graysync_ff_reg[0][2]} {design_1_i/PS_0/mipi_csi2_rx_subsyst_0/inst/rx/inst/gen_pkt_fifo/pkt_fifo/gnuram_async_fifo.xpm_fifo_base_inst/gen_cdc_pntr.rd_pntr_cdc_inst/dest_graysync_ff_reg[0][3]} {design_1_i/PS_0/mipi_csi2_rx_subsyst_0/inst/rx/inst/gen_pkt_fifo/pkt_fifo/gnuram_async_fifo.xpm_fifo_base_inst/gen_cdc_pntr.rd_pntr_cdc_inst/dest_graysync_ff_reg[0][4]}]]
                                                                              Slow              4.000       1.288      2.712
3   99        [get_cells [list {design_1_i/PS_0/v_axi4s_vid_out_0/inst/COUPLER_INST/generate_async_fifo.FIFO_INST/XPM_FIFO_ASYNC_INST/gnuram_async_fifo.xpm_fifo_base_inst/gen_cdc_pntr.rd_pntr_cdc_inst/src_gray_ff_reg[0]} {design_1_i/PS_0/v_axi4s_vid_out_0/inst/COUPLER_INST/generate_async_fifo.FIFO_INST/XPM_FIFO_ASYNC_INST/gnuram_async_fifo.xpm_fifo_base_inst/gen_cdc_pntr.rd_pntr_cdc_inst/src_gray_ff_reg[1]} {design_1_i/PS_0/v_axi4s_vid_out_0/inst/COUPLER_INST/generate_async_fifo.FIFO_INST/XPM_FIFO_ASYNC_INST/gnuram_async_fifo.xpm_fifo_base_inst/gen_cdc_pntr.rd_pntr_cdc_inst/src_gray_ff_reg[2]} {design_1_i/PS_0/v_axi4s_vid_out_0/inst/COUPLER_INST/generate_async_fifo.FIFO_INST/XPM_FIFO_ASYNC_INST/gnuram_async_fifo.xpm_fifo_base_inst/gen_cdc_pntr.rd_pntr_cdc_inst/src_gray_ff_reg[3]} {design_1_i/PS_0/v_axi4s_vid_out_0/inst/COUPLER_INST/generate_async_fifo.FIFO_INST/XPM_FIFO_ASYNC_INST/gnuram_async_fifo.xpm_fifo_base_inst/gen_cdc_pntr.rd_pntr_cdc_inst/src_gray_ff_reg[4]} {design_1_i/PS_0/v_axi4s_vid_out_0/inst/COUPLER_INST/generate_async_fifo.FIFO_INST/XPM_FIFO_ASYNC_INST/gnuram_async_fifo.xpm_fifo_base_inst/gen_cdc_pntr.rd_pntr_cdc_inst/src_gray_ff_reg[5]} {design_1_i/PS_0/v_axi4s_vid_out_0/inst/COUPLER_INST/generate_async_fifo.FIFO_INST/XPM_FIFO_ASYNC_INST/gnuram_async_fifo.xpm_fifo_base_inst/gen_cdc_pntr.rd_pntr_cdc_inst/src_gray_ff_reg[6]} {design_1_i/PS_0/v_axi4s_vid_out_0/inst/COUPLER_INST/generate_async_fifo.FIFO_INST/XPM_FIFO_ASYNC_INST/gnuram_async_fifo.xpm_fifo_base_inst/gen_cdc_pntr.rd_pntr_cdc_inst/src_gray_ff_reg[7]} {design_1_i/PS_0/v_axi4s_vid_out_0/inst/COUPLER_INST/generate_async_fifo.FIFO_INST/XPM_FIFO_ASYNC_INST/gnuram_async_fifo.xpm_fifo_base_inst/gen_cdc_pntr.rd_pntr_cdc_inst/src_gray_ff_reg[8]} {design_1_i/PS_0/v_axi4s_vid_out_0/inst/COUPLER_INST/generate_async_fifo.FIFO_INST/XPM_FIFO_ASYNC_INST/gnuram_async_fifo.xpm_fifo_base_inst/gen_cdc_pntr.rd_pntr_cdc_inst/src_gray_ff_reg[9]}]]
                                              [get_cells [list {design_1_i/PS_0/v_axi4s_vid_out_0/inst/COUPLER_INST/generate_async_fifo.FIFO_INST/XPM_FIFO_ASYNC_INST/gnuram_async_fifo.xpm_fifo_base_inst/gen_cdc_pntr.rd_pntr_cdc_inst/dest_graysync_ff_reg[0][0]} {design_1_i/PS_0/v_axi4s_vid_out_0/inst/COUPLER_INST/generate_async_fifo.FIFO_INST/XPM_FIFO_ASYNC_INST/gnuram_async_fifo.xpm_fifo_base_inst/gen_cdc_pntr.rd_pntr_cdc_inst/dest_graysync_ff_reg[0][1]} {design_1_i/PS_0/v_axi4s_vid_out_0/inst/COUPLER_INST/generate_async_fifo.FIFO_INST/XPM_FIFO_ASYNC_INST/gnuram_async_fifo.xpm_fifo_base_inst/gen_cdc_pntr.rd_pntr_cdc_inst/dest_graysync_ff_reg[0][2]} {design_1_i/PS_0/v_axi4s_vid_out_0/inst/COUPLER_INST/generate_async_fifo.FIFO_INST/XPM_FIFO_ASYNC_INST/gnuram_async_fifo.xpm_fifo_base_inst/gen_cdc_pntr.rd_pntr_cdc_inst/dest_graysync_ff_reg[0][3]} {design_1_i/PS_0/v_axi4s_vid_out_0/inst/COUPLER_INST/generate_async_fifo.FIFO_INST/XPM_FIFO_ASYNC_INST/gnuram_async_fifo.xpm_fifo_base_inst/gen_cdc_pntr.rd_pntr_cdc_inst/dest_graysync_ff_reg[0][4]} {design_1_i/PS_0/v_axi4s_vid_out_0/inst/COUPLER_INST/generate_async_fifo.FIFO_INST/XPM_FIFO_ASYNC_INST/gnuram_async_fifo.xpm_fifo_base_inst/gen_cdc_pntr.rd_pntr_cdc_inst/dest_graysync_ff_reg[0][5]} {design_1_i/PS_0/v_axi4s_vid_out_0/inst/COUPLER_INST/generate_async_fifo.FIFO_INST/XPM_FIFO_ASYNC_INST/gnuram_async_fifo.xpm_fifo_base_inst/gen_cdc_pntr.rd_pntr_cdc_inst/dest_graysync_ff_reg[0][6]} {design_1_i/PS_0/v_axi4s_vid_out_0/inst/COUPLER_INST/generate_async_fifo.FIFO_INST/XPM_FIFO_ASYNC_INST/gnuram_async_fifo.xpm_fifo_base_inst/gen_cdc_pntr.rd_pntr_cdc_inst/dest_graysync_ff_reg[0][7]} {design_1_i/PS_0/v_axi4s_vid_out_0/inst/COUPLER_INST/generate_async_fifo.FIFO_INST/XPM_FIFO_ASYNC_INST/gnuram_async_fifo.xpm_fifo_base_inst/gen_cdc_pntr.rd_pntr_cdc_inst/dest_graysync_ff_reg[0][8]} {design_1_i/PS_0/v_axi4s_vid_out_0/inst/COUPLER_INST/generate_async_fifo.FIFO_INST/XPM_FIFO_ASYNC_INST/gnuram_async_fifo.xpm_fifo_base_inst/gen_cdc_pntr.rd_pntr_cdc_inst/dest_graysync_ff_reg[0][9]}]]
                                                                              Slow              4.000       0.127      3.873
4   101       [get_cells [list {design_1_i/PS_0/v_axi4s_vid_out_0/inst/COUPLER_INST/generate_async_fifo.FIFO_INST/XPM_FIFO_ASYNC_INST/gnuram_async_fifo.xpm_fifo_base_inst/gen_cdc_pntr.wr_pntr_cdc_inst/src_gray_ff_reg[0]} {design_1_i/PS_0/v_axi4s_vid_out_0/inst/COUPLER_INST/generate_async_fifo.FIFO_INST/XPM_FIFO_ASYNC_INST/gnuram_async_fifo.xpm_fifo_base_inst/gen_cdc_pntr.wr_pntr_cdc_inst/src_gray_ff_reg[1]} {design_1_i/PS_0/v_axi4s_vid_out_0/inst/COUPLER_INST/generate_async_fifo.FIFO_INST/XPM_FIFO_ASYNC_INST/gnuram_async_fifo.xpm_fifo_base_inst/gen_cdc_pntr.wr_pntr_cdc_inst/src_gray_ff_reg[2]} {design_1_i/PS_0/v_axi4s_vid_out_0/inst/COUPLER_INST/generate_async_fifo.FIFO_INST/XPM_FIFO_ASYNC_INST/gnuram_async_fifo.xpm_fifo_base_inst/gen_cdc_pntr.wr_pntr_cdc_inst/src_gray_ff_reg[3]} {design_1_i/PS_0/v_axi4s_vid_out_0/inst/COUPLER_INST/generate_async_fifo.FIFO_INST/XPM_FIFO_ASYNC_INST/gnuram_async_fifo.xpm_fifo_base_inst/gen_cdc_pntr.wr_pntr_cdc_inst/src_gray_ff_reg[4]} {design_1_i/PS_0/v_axi4s_vid_out_0/inst/COUPLER_INST/generate_async_fifo.FIFO_INST/XPM_FIFO_ASYNC_INST/gnuram_async_fifo.xpm_fifo_base_inst/gen_cdc_pntr.wr_pntr_cdc_inst/src_gray_ff_reg[5]} {design_1_i/PS_0/v_axi4s_vid_out_0/inst/COUPLER_INST/generate_async_fifo.FIFO_INST/XPM_FIFO_ASYNC_INST/gnuram_async_fifo.xpm_fifo_base_inst/gen_cdc_pntr.wr_pntr_cdc_inst/src_gray_ff_reg[6]} {design_1_i/PS_0/v_axi4s_vid_out_0/inst/COUPLER_INST/generate_async_fifo.FIFO_INST/XPM_FIFO_ASYNC_INST/gnuram_async_fifo.xpm_fifo_base_inst/gen_cdc_pntr.wr_pntr_cdc_inst/src_gray_ff_reg[7]} {design_1_i/PS_0/v_axi4s_vid_out_0/inst/COUPLER_INST/generate_async_fifo.FIFO_INST/XPM_FIFO_ASYNC_INST/gnuram_async_fifo.xpm_fifo_base_inst/gen_cdc_pntr.wr_pntr_cdc_inst/src_gray_ff_reg[8]} {design_1_i/PS_0/v_axi4s_vid_out_0/inst/COUPLER_INST/generate_async_fifo.FIFO_INST/XPM_FIFO_ASYNC_INST/gnuram_async_fifo.xpm_fifo_base_inst/gen_cdc_pntr.wr_pntr_cdc_inst/src_gray_ff_reg[9]}]]
                                              [get_cells [list {design_1_i/PS_0/v_axi4s_vid_out_0/inst/COUPLER_INST/generate_async_fifo.FIFO_INST/XPM_FIFO_ASYNC_INST/gnuram_async_fifo.xpm_fifo_base_inst/gen_cdc_pntr.wr_pntr_cdc_inst/dest_graysync_ff_reg[0][0]} {design_1_i/PS_0/v_axi4s_vid_out_0/inst/COUPLER_INST/generate_async_fifo.FIFO_INST/XPM_FIFO_ASYNC_INST/gnuram_async_fifo.xpm_fifo_base_inst/gen_cdc_pntr.wr_pntr_cdc_inst/dest_graysync_ff_reg[0][1]} {design_1_i/PS_0/v_axi4s_vid_out_0/inst/COUPLER_INST/generate_async_fifo.FIFO_INST/XPM_FIFO_ASYNC_INST/gnuram_async_fifo.xpm_fifo_base_inst/gen_cdc_pntr.wr_pntr_cdc_inst/dest_graysync_ff_reg[0][2]} {design_1_i/PS_0/v_axi4s_vid_out_0/inst/COUPLER_INST/generate_async_fifo.FIFO_INST/XPM_FIFO_ASYNC_INST/gnuram_async_fifo.xpm_fifo_base_inst/gen_cdc_pntr.wr_pntr_cdc_inst/dest_graysync_ff_reg[0][3]} {design_1_i/PS_0/v_axi4s_vid_out_0/inst/COUPLER_INST/generate_async_fifo.FIFO_INST/XPM_FIFO_ASYNC_INST/gnuram_async_fifo.xpm_fifo_base_inst/gen_cdc_pntr.wr_pntr_cdc_inst/dest_graysync_ff_reg[0][4]} {design_1_i/PS_0/v_axi4s_vid_out_0/inst/COUPLER_INST/generate_async_fifo.FIFO_INST/XPM_FIFO_ASYNC_INST/gnuram_async_fifo.xpm_fifo_base_inst/gen_cdc_pntr.wr_pntr_cdc_inst/dest_graysync_ff_reg[0][5]} {design_1_i/PS_0/v_axi4s_vid_out_0/inst/COUPLER_INST/generate_async_fifo.FIFO_INST/XPM_FIFO_ASYNC_INST/gnuram_async_fifo.xpm_fifo_base_inst/gen_cdc_pntr.wr_pntr_cdc_inst/dest_graysync_ff_reg[0][6]} {design_1_i/PS_0/v_axi4s_vid_out_0/inst/COUPLER_INST/generate_async_fifo.FIFO_INST/XPM_FIFO_ASYNC_INST/gnuram_async_fifo.xpm_fifo_base_inst/gen_cdc_pntr.wr_pntr_cdc_inst/dest_graysync_ff_reg[0][7]} {design_1_i/PS_0/v_axi4s_vid_out_0/inst/COUPLER_INST/generate_async_fifo.FIFO_INST/XPM_FIFO_ASYNC_INST/gnuram_async_fifo.xpm_fifo_base_inst/gen_cdc_pntr.wr_pntr_cdc_inst/dest_graysync_ff_reg[0][8]} {design_1_i/PS_0/v_axi4s_vid_out_0/inst/COUPLER_INST/generate_async_fifo.FIFO_INST/XPM_FIFO_ASYNC_INST/gnuram_async_fifo.xpm_fifo_base_inst/gen_cdc_pntr.wr_pntr_cdc_inst/dest_graysync_ff_reg[0][9]}]]
                                                                              Slow              4.000       0.389      3.611
5   103       [get_cells [list {design_1_i/PS_0/v_axi4s_vid_out_0/inst/COUPLER_INST/generate_async_fifo.FIFO_INST/XPM_FIFO_ASYNC_INST/gnuram_async_fifo.xpm_fifo_base_inst/gen_cdc_pntr.wr_pntr_cdc_dc_inst/src_gray_ff_reg[0]} \
          {design_1_i/PS_0/v_axi4s_vid_out_0/inst/COUPLER_INST/generate_async_fifo.FIFO_INST/XPM_FIFO_ASYNC_INST/gnuram_async_fifo.xpm_fifo_base_inst/gen_cdc_pntr.wr_pntr_cdc_dc_inst/src_gray_ff_reg[10]} \
          {design_1_i/PS_0/v_axi4s_vid_out_0/inst/COUPLER_INST/generate_async_fifo.FIFO_INST/XPM_FIFO_ASYNC_INST/gnuram_async_fifo.xpm_fifo_base_inst/gen_cdc_pntr.wr_pntr_cdc_dc_inst/src_gray_ff_reg[1]} \
          {design_1_i/PS_0/v_axi4s_vid_out_0/inst/COUPLER_INST/generate_async_fifo.FIFO_INST/XPM_FIFO_ASYNC_INST/gnuram_async_fifo.xpm_fifo_base_inst/gen_cdc_pntr.wr_pntr_cdc_dc_inst/src_gray_ff_reg[2]} \
          {design_1_i/PS_0/v_axi4s_vid_out_0/inst/COUPLER_INST/generate_async_fifo.FIFO_INST/XPM_FIFO_ASYNC_INST/gnuram_async_fifo.xpm_fifo_base_inst/gen_cdc_pntr.wr_pntr_cdc_dc_inst/src_gray_ff_reg[3]} \
          {design_1_i/PS_0/v_axi4s_vid_out_0/inst/COUPLER_INST/generate_async_fifo.FIFO_INST/XPM_FIFO_ASYNC_INST/gnuram_async_fifo.xpm_fifo_base_inst/gen_cdc_pntr.wr_pntr_cdc_dc_inst/src_gray_ff_reg[4]} \
          {design_1_i/PS_0/v_axi4s_vid_out_0/inst/COUPLER_INST/generate_async_fifo.FIFO_INST/XPM_FIFO_ASYNC_INST/gnuram_async_fifo.xpm_fifo_base_inst/gen_cdc_pntr.wr_pntr_cdc_dc_inst/src_gray_ff_reg[5]} \
          {design_1_i/PS_0/v_axi4s_vid_out_0/inst/COUPLER_INST/generate_async_fifo.FIFO_INST/XPM_FIFO_ASYNC_INST/gnuram_async_fifo.xpm_fifo_base_inst/gen_cdc_pntr.wr_pntr_cdc_dc_inst/src_gray_ff_reg[6]} \
          {design_1_i/PS_0/v_axi4s_vid_out_0/inst/COUPLER_INST/generate_async_fifo.FIFO_INST/XPM_FIFO_ASYNC_INST/gnuram_async_fifo.xpm_fifo_base_inst/gen_cdc_pntr.wr_pntr_cdc_dc_inst/src_gray_ff_reg[7]} \
          {design_1_i/PS_0/v_axi4s_vid_out_0/inst/COUPLER_INST/generate_async_fifo.FIFO_INST/XPM_FIFO_ASYNC_INST/gnuram_async_fifo.xpm_fifo_base_inst/gen_cdc_pntr.wr_pntr_cdc_dc_inst/src_gray_ff_reg[8]} \
          {design_1_i/PS_0/v_axi4s_vid_out_0/inst/COUPLER_INST/generate_async_fifo.FIFO_INST/XPM_FIFO_ASYNC_INST/gnuram_async_fifo.xpm_fifo_base_inst/gen_cdc_pntr.wr_pntr_cdc_dc_inst/src_gray_ff_reg[9]}]]
                                              [get_cells [list {design_1_i/PS_0/v_axi4s_vid_out_0/inst/COUPLER_INST/generate_async_fifo.FIFO_INST/XPM_FIFO_ASYNC_INST/gnuram_async_fifo.xpm_fifo_base_inst/gen_cdc_pntr.wr_pntr_cdc_dc_inst/dest_graysync_ff_reg[0][0]} \
          {design_1_i/PS_0/v_axi4s_vid_out_0/inst/COUPLER_INST/generate_async_fifo.FIFO_INST/XPM_FIFO_ASYNC_INST/gnuram_async_fifo.xpm_fifo_base_inst/gen_cdc_pntr.wr_pntr_cdc_dc_inst/dest_graysync_ff_reg[0][10]} \
          {design_1_i/PS_0/v_axi4s_vid_out_0/inst/COUPLER_INST/generate_async_fifo.FIFO_INST/XPM_FIFO_ASYNC_INST/gnuram_async_fifo.xpm_fifo_base_inst/gen_cdc_pntr.wr_pntr_cdc_dc_inst/dest_graysync_ff_reg[0][1]} \
          {design_1_i/PS_0/v_axi4s_vid_out_0/inst/COUPLER_INST/generate_async_fifo.FIFO_INST/XPM_FIFO_ASYNC_INST/gnuram_async_fifo.xpm_fifo_base_inst/gen_cdc_pntr.wr_pntr_cdc_dc_inst/dest_graysync_ff_reg[0][2]} \
          {design_1_i/PS_0/v_axi4s_vid_out_0/inst/COUPLER_INST/generate_async_fifo.FIFO_INST/XPM_FIFO_ASYNC_INST/gnuram_async_fifo.xpm_fifo_base_inst/gen_cdc_pntr.wr_pntr_cdc_dc_inst/dest_graysync_ff_reg[0][3]} \
          {design_1_i/PS_0/v_axi4s_vid_out_0/inst/COUPLER_INST/generate_async_fifo.FIFO_INST/XPM_FIFO_ASYNC_INST/gnuram_async_fifo.xpm_fifo_base_inst/gen_cdc_pntr.wr_pntr_cdc_dc_inst/dest_graysync_ff_reg[0][4]} \
          {design_1_i/PS_0/v_axi4s_vid_out_0/inst/COUPLER_INST/generate_async_fifo.FIFO_INST/XPM_FIFO_ASYNC_INST/gnuram_async_fifo.xpm_fifo_base_inst/gen_cdc_pntr.wr_pntr_cdc_dc_inst/dest_graysync_ff_reg[0][5]} \
          {design_1_i/PS_0/v_axi4s_vid_out_0/inst/COUPLER_INST/generate_async_fifo.FIFO_INST/XPM_FIFO_ASYNC_INST/gnuram_async_fifo.xpm_fifo_base_inst/gen_cdc_pntr.wr_pntr_cdc_dc_inst/dest_graysync_ff_reg[0][6]} \
          {design_1_i/PS_0/v_axi4s_vid_out_0/inst/COUPLER_INST/generate_async_fifo.FIFO_INST/XPM_FIFO_ASYNC_INST/gnuram_async_fifo.xpm_fifo_base_inst/gen_cdc_pntr.wr_pntr_cdc_dc_inst/dest_graysync_ff_reg[0][7]} \
          {design_1_i/PS_0/v_axi4s_vid_out_0/inst/COUPLER_INST/generate_async_fifo.FIFO_INST/XPM_FIFO_ASYNC_INST/gnuram_async_fifo.xpm_fifo_base_inst/gen_cdc_pntr.wr_pntr_cdc_dc_inst/dest_graysync_ff_reg[0][8]} \
          {design_1_i/PS_0/v_axi4s_vid_out_0/inst/COUPLER_INST/generate_async_fifo.FIFO_INST/XPM_FIFO_ASYNC_INST/gnuram_async_fifo.xpm_fifo_base_inst/gen_cdc_pntr.wr_pntr_cdc_dc_inst/dest_graysync_ff_reg[0][9]}]]
                                                                              Slow              4.000       0.046      3.954
6   109       [get_cells [list {design_1_i/PS_0/mipi_csi2_rx_subsyst_0/inst/rx/inst/AXI_LITE.isr_cdc/ecc_cdc/src_hsdata_ff_reg[0]} {design_1_i/PS_0/mipi_csi2_rx_subsyst_0/inst/rx/inst/AXI_LITE.isr_cdc/ecc_cdc/src_hsdata_ff_reg[1]}]]
                                              [get_cells [list {design_1_i/PS_0/mipi_csi2_rx_subsyst_0/inst/rx/inst/AXI_LITE.isr_cdc/ecc_cdc/dest_hsdata_ff_reg[0]} {design_1_i/PS_0/mipi_csi2_rx_subsyst_0/inst/rx/inst/AXI_LITE.isr_cdc/ecc_cdc/dest_hsdata_ff_reg[1]}]]
                                                                              Slow             12.000       0.483     11.517
7   111       [get_cells [list {design_1_i/PS_0/mipi_csi2_rx_subsyst_0/inst/rx/inst/AXI_LITE.reg_inf/img_info_cdc/src_hsdata_ff_reg[0]} \
          {design_1_i/PS_0/mipi_csi2_rx_subsyst_0/inst/rx/inst/AXI_LITE.reg_inf/img_info_cdc/src_hsdata_ff_reg[10]} \
          {design_1_i/PS_0/mipi_csi2_rx_subsyst_0/inst/rx/inst/AXI_LITE.reg_inf/img_info_cdc/src_hsdata_ff_reg[11]} \
          {design_1_i/PS_0/mipi_csi2_rx_subsyst_0/inst/rx/inst/AXI_LITE.reg_inf/img_info_cdc/src_hsdata_ff_reg[12]} \
          {design_1_i/PS_0/mipi_csi2_rx_subsyst_0/inst/rx/inst/AXI_LITE.reg_inf/img_info_cdc/src_hsdata_ff_reg[13]} \
          {design_1_i/PS_0/mipi_csi2_rx_subsyst_0/inst/rx/inst/AXI_LITE.reg_inf/img_info_cdc/src_hsdata_ff_reg[14]} \
          {design_1_i/PS_0/mipi_csi2_rx_subsyst_0/inst/rx/inst/AXI_LITE.reg_inf/img_info_cdc/src_hsdata_ff_reg[15]} \
          {design_1_i/PS_0/mipi_csi2_rx_subsyst_0/inst/rx/inst/AXI_LITE.reg_inf/img_info_cdc/src_hsdata_ff_reg[16]} \
          {design_1_i/PS_0/mipi_csi2_rx_subsyst_0/inst/rx/inst/AXI_LITE.reg_inf/img_info_cdc/src_hsdata_ff_reg[17]} \
          {design_1_i/PS_0/mipi_csi2_rx_subsyst_0/inst/rx/inst/AXI_LITE.reg_inf/img_info_cdc/src_hsdata_ff_reg[18]} \
          {design_1_i/PS_0/mipi_csi2_rx_subsyst_0/inst/rx/inst/AXI_LITE.reg_inf/img_info_cdc/src_hsdata_ff_reg[19]} \
          {design_1_i/PS_0/mipi_csi2_rx_subsyst_0/inst/rx/inst/AXI_LITE.reg_inf/img_info_cdc/src_hsdata_ff_reg[1]} \
          {design_1_i/PS_0/mipi_csi2_rx_subsyst_0/inst/rx/inst/AXI_LITE.reg_inf/img_info_cdc/src_hsdata_ff_reg[20]} \
          {design_1_i/PS_0/mipi_csi2_rx_subsyst_0/inst/rx/inst/AXI_LITE.reg_inf/img_info_cdc/src_hsdata_ff_reg[21]} \
          {design_1_i/PS_0/mipi_csi2_rx_subsyst_0/inst/rx/inst/AXI_LITE.reg_inf/img_info_cdc/src_hsdata_ff_reg[22]} \
          {design_1_i/PS_0/mipi_csi2_rx_subsyst_0/inst/rx/inst/AXI_LITE.reg_inf/img_info_cdc/src_hsdata_ff_reg[23]} \
          {design_1_i/PS_0/mipi_csi2_rx_subsyst_0/inst/rx/inst/AXI_LITE.reg_inf/img_info_cdc/src_hsdata_ff_reg[24]} \
          {design_1_i/PS_0/mipi_csi2_rx_subsyst_0/inst/rx/inst/AXI_LITE.reg_inf/img_info_cdc/src_hsdata_ff_reg[25]} \
          {design_1_i/PS_0/mipi_csi2_rx_subsyst_0/inst/rx/inst/AXI_LITE.reg_inf/img_info_cdc/src_hsdata_ff_reg[2]} \
          {design_1_i/PS_0/mipi_csi2_rx_subsyst_0/inst/rx/inst/AXI_LITE.reg_inf/img_info_cdc/src_hsdata_ff_reg[3]} \
          {design_1_i/PS_0/mipi_csi2_rx_subsyst_0/inst/rx/inst/AXI_LITE.reg_inf/img_info_cdc/src_hsdata_ff_reg[4]} \
          {design_1_i/PS_0/mipi_csi2_rx_subsyst_0/inst/rx/inst/AXI_LITE.reg_inf/img_info_cdc/src_hsdata_ff_reg[5]} \
          {design_1_i/PS_0/mipi_csi2_rx_subsyst_0/inst/rx/inst/AXI_LITE.reg_inf/img_info_cdc/src_hsdata_ff_reg[6]} \
          {design_1_i/PS_0/mipi_csi2_rx_subsyst_0/inst/rx/inst/AXI_LITE.reg_inf/img_info_cdc/src_hsdata_ff_reg[7]} \
          {design_1_i/PS_0/mipi_csi2_rx_subsyst_0/inst/rx/inst/AXI_LITE.reg_inf/img_info_cdc/src_hsdata_ff_reg[8]} \
          {design_1_i/PS_0/mipi_csi2_rx_subsyst_0/inst/rx/inst/AXI_LITE.reg_inf/img_info_cdc/src_hsdata_ff_reg[9]}]]
                                              [get_cells [list {design_1_i/PS_0/mipi_csi2_rx_subsyst_0/inst/rx/inst/AXI_LITE.reg_inf/img_info_cdc/dest_hsdata_ff_reg[0]} \
          {design_1_i/PS_0/mipi_csi2_rx_subsyst_0/inst/rx/inst/AXI_LITE.reg_inf/img_info_cdc/dest_hsdata_ff_reg[10]} \
          {design_1_i/PS_0/mipi_csi2_rx_subsyst_0/inst/rx/inst/AXI_LITE.reg_inf/img_info_cdc/dest_hsdata_ff_reg[11]} \
          {design_1_i/PS_0/mipi_csi2_rx_subsyst_0/inst/rx/inst/AXI_LITE.reg_inf/img_info_cdc/dest_hsdata_ff_reg[12]} \
          {design_1_i/PS_0/mipi_csi2_rx_subsyst_0/inst/rx/inst/AXI_LITE.reg_inf/img_info_cdc/dest_hsdata_ff_reg[13]} \
          {design_1_i/PS_0/mipi_csi2_rx_subsyst_0/inst/rx/inst/AXI_LITE.reg_inf/img_info_cdc/dest_hsdata_ff_reg[14]} \
          {design_1_i/PS_0/mipi_csi2_rx_subsyst_0/inst/rx/inst/AXI_LITE.reg_inf/img_info_cdc/dest_hsdata_ff_reg[15]} \
          {design_1_i/PS_0/mipi_csi2_rx_subsyst_0/inst/rx/inst/AXI_LITE.reg_inf/img_info_cdc/dest_hsdata_ff_reg[16]} \
          {design_1_i/PS_0/mipi_csi2_rx_subsyst_0/inst/rx/inst/AXI_LITE.reg_inf/img_info_cdc/dest_hsdata_ff_reg[17]} \
          {design_1_i/PS_0/mipi_csi2_rx_subsyst_0/inst/rx/inst/AXI_LITE.reg_inf/img_info_cdc/dest_hsdata_ff_reg[18]} \
          {design_1_i/PS_0/mipi_csi2_rx_subsyst_0/inst/rx/inst/AXI_LITE.reg_inf/img_info_cdc/dest_hsdata_ff_reg[19]} \
          {design_1_i/PS_0/mipi_csi2_rx_subsyst_0/inst/rx/inst/AXI_LITE.reg_inf/img_info_cdc/dest_hsdata_ff_reg[1]} \
          {design_1_i/PS_0/mipi_csi2_rx_subsyst_0/inst/rx/inst/AXI_LITE.reg_inf/img_info_cdc/dest_hsdata_ff_reg[20]} \
          {design_1_i/PS_0/mipi_csi2_rx_subsyst_0/inst/rx/inst/AXI_LITE.reg_inf/img_info_cdc/dest_hsdata_ff_reg[21]} \
          {design_1_i/PS_0/mipi_csi2_rx_subsyst_0/inst/rx/inst/AXI_LITE.reg_inf/img_info_cdc/dest_hsdata_ff_reg[22]} \
          {design_1_i/PS_0/mipi_csi2_rx_subsyst_0/inst/rx/inst/AXI_LITE.reg_inf/img_info_cdc/dest_hsdata_ff_reg[23]} \
          {design_1_i/PS_0/mipi_csi2_rx_subsyst_0/inst/rx/inst/AXI_LITE.reg_inf/img_info_cdc/dest_hsdata_ff_reg[24]} \
          {design_1_i/PS_0/mipi_csi2_rx_subsyst_0/inst/rx/inst/AXI_LITE.reg_inf/img_info_cdc/dest_hsdata_ff_reg[25]} \
          {design_1_i/PS_0/mipi_csi2_rx_subsyst_0/inst/rx/inst/AXI_LITE.reg_inf/img_info_cdc/dest_hsdata_ff_reg[2]} \
          {design_1_i/PS_0/mipi_csi2_rx_subsyst_0/inst/rx/inst/AXI_LITE.reg_inf/img_info_cdc/dest_hsdata_ff_reg[3]} \
          {design_1_i/PS_0/mipi_csi2_rx_subsyst_0/inst/rx/inst/AXI_LITE.reg_inf/img_info_cdc/dest_hsdata_ff_reg[4]} \
          {design_1_i/PS_0/mipi_csi2_rx_subsyst_0/inst/rx/inst/AXI_LITE.reg_inf/img_info_cdc/dest_hsdata_ff_reg[5]} \
          {design_1_i/PS_0/mipi_csi2_rx_subsyst_0/inst/rx/inst/AXI_LITE.reg_inf/img_info_cdc/dest_hsdata_ff_reg[6]} \
          {design_1_i/PS_0/mipi_csi2_rx_subsyst_0/inst/rx/inst/AXI_LITE.reg_inf/img_info_cdc/dest_hsdata_ff_reg[7]} \
          {design_1_i/PS_0/mipi_csi2_rx_subsyst_0/inst/rx/inst/AXI_LITE.reg_inf/img_info_cdc/dest_hsdata_ff_reg[8]} \
          {design_1_i/PS_0/mipi_csi2_rx_subsyst_0/inst/rx/inst/AXI_LITE.reg_inf/img_info_cdc/dest_hsdata_ff_reg[9]}]]
                                                                              Slow             12.000       0.531     11.469


2. Bus Skew Report Per Constraint
---------------------------------

Id: 1
set_bus_skew -from [get_cells [list {design_1_i/PS_0/mipi_csi2_rx_subsyst_0/inst/rx/inst/gen_pkt_fifo/pkt_fifo/gnuram_async_fifo.xpm_fifo_base_inst/gen_cdc_pntr.wr_pntr_cdc_inst/src_gray_ff_reg[0]} {design_1_i/PS_0/mipi_csi2_rx_subsyst_0/inst/rx/inst/gen_pkt_fifo/pkt_fifo/gnuram_async_fifo.xpm_fifo_base_inst/gen_cdc_pntr.wr_pntr_cdc_inst/src_gray_ff_reg[1]} {design_1_i/PS_0/mipi_csi2_rx_subsyst_0/inst/rx/inst/gen_pkt_fifo/pkt_fifo/gnuram_async_fifo.xpm_fifo_base_inst/gen_cdc_pntr.wr_pntr_cdc_inst/src_gray_ff_reg[2]} {design_1_i/PS_0/mipi_csi2_rx_subsyst_0/inst/rx/inst/gen_pkt_fifo/pkt_fifo/gnuram_async_fifo.xpm_fifo_base_inst/gen_cdc_pntr.wr_pntr_cdc_inst/src_gray_ff_reg[3]} {design_1_i/PS_0/mipi_csi2_rx_subsyst_0/inst/rx/inst/gen_pkt_fifo/pkt_fifo/gnuram_async_fifo.xpm_fifo_base_inst/gen_cdc_pntr.wr_pntr_cdc_inst/src_gray_ff_reg[4]}]] -to [get_cells [list {design_1_i/PS_0/mipi_csi2_rx_subsyst_0/inst/rx/inst/gen_pkt_fifo/pkt_fifo/gnuram_async_fifo.xpm_fifo_base_inst/gen_cdc_pntr.wr_pntr_cdc_inst/dest_graysync_ff_reg[0][0]} {design_1_i/PS_0/mipi_csi2_rx_subsyst_0/inst/rx/inst/gen_pkt_fifo/pkt_fifo/gnuram_async_fifo.xpm_fifo_base_inst/gen_cdc_pntr.wr_pntr_cdc_inst/dest_graysync_ff_reg[0][1]} {design_1_i/PS_0/mipi_csi2_rx_subsyst_0/inst/rx/inst/gen_pkt_fifo/pkt_fifo/gnuram_async_fifo.xpm_fifo_base_inst/gen_cdc_pntr.wr_pntr_cdc_inst/dest_graysync_ff_reg[0][2]} {design_1_i/PS_0/mipi_csi2_rx_subsyst_0/inst/rx/inst/gen_pkt_fifo/pkt_fifo/gnuram_async_fifo.xpm_fifo_base_inst/gen_cdc_pntr.wr_pntr_cdc_inst/dest_graysync_ff_reg[0][3]} {design_1_i/PS_0/mipi_csi2_rx_subsyst_0/inst/rx/inst/gen_pkt_fifo/pkt_fifo/gnuram_async_fifo.xpm_fifo_base_inst/gen_cdc_pntr.wr_pntr_cdc_inst/dest_graysync_ff_reg[0][4]}]] 4.000
Requirement: 4.000ns
Endpoints: 5

From Clock            To Clock              Endpoint Pin                    Reference Pin                   Corner  Actual(ns)  Slack(ns)
--------------------  --------------------  ------------------------------  ------------------------------  ------  ----------  ---------
mipi_phy_if_0_clk_p_FIFO_WRCLK_OUT
                      clk_pl_0              design_1_i/PS_0/mipi_csi2_rx_subsyst_0/inst/rx/inst/gen_pkt_fifo/pkt_fifo/gnuram_async_fifo.xpm_fifo_base_inst/gen_cdc_pntr.wr_pntr_cdc_inst/dest_graysync_ff_reg[0][2]/D
                                                                            design_1_i/PS_0/mipi_csi2_rx_subsyst_0/inst/rx/inst/gen_pkt_fifo/pkt_fifo/gnuram_async_fifo.xpm_fifo_base_inst/gen_cdc_pntr.wr_pntr_cdc_inst/dest_graysync_ff_reg[0][3]/D
                                                                                                            Slow         0.485      3.515


Slack (MET) :             3.515ns  (requirement - actual skew)
  Endpoint Source:        design_1_i/PS_0/mipi_csi2_rx_subsyst_0/inst/rx/inst/gen_pkt_fifo/pkt_fifo/gnuram_async_fifo.xpm_fifo_base_inst/gen_cdc_pntr.wr_pntr_cdc_inst/src_gray_ff_reg[2]/C
                            (rising edge-triggered cell FDRE clocked by mipi_phy_if_0_clk_p_FIFO_WRCLK_OUT)
  Endpoint Destination:   design_1_i/PS_0/mipi_csi2_rx_subsyst_0/inst/rx/inst/gen_pkt_fifo/pkt_fifo/gnuram_async_fifo.xpm_fifo_base_inst/gen_cdc_pntr.wr_pntr_cdc_inst/dest_graysync_ff_reg[0][2]/D
                            (rising edge-triggered cell FDRE clocked by clk_pl_0)
  Reference Source:       design_1_i/PS_0/mipi_csi2_rx_subsyst_0/inst/rx/inst/gen_pkt_fifo/pkt_fifo/gnuram_async_fifo.xpm_fifo_base_inst/gen_cdc_pntr.wr_pntr_cdc_inst/src_gray_ff_reg[3]/C
                            (rising edge-triggered cell FDRE clocked by mipi_phy_if_0_clk_p_FIFO_WRCLK_OUT)
  Reference Destination:  design_1_i/PS_0/mipi_csi2_rx_subsyst_0/inst/rx/inst/gen_pkt_fifo/pkt_fifo/gnuram_async_fifo.xpm_fifo_base_inst/gen_cdc_pntr.wr_pntr_cdc_inst/dest_graysync_ff_reg[0][3]/D
                            (rising edge-triggered cell FDRE clocked by clk_pl_0)
  Path Type:              Bus Skew (Max at Slow Process Corner)
  Requirement:            4.000ns
  Endpoint Relative Delay:    3.327ns
  Reference Relative Delay:   1.288ns
  Relative CRPR:              1.554ns
  Actual Bus Skew:            0.485ns  (Endpoint Relative Delay - Reference Relative Delay - Relative CRPR)

Endpoint path:
    Location             Delay type                Incr(ns)  Path(ns)    Netlist Resource(s)
  -------------------------------------------------------------------    -------------------
                         (clock mipi_phy_if_0_clk_p_FIFO_WRCLK_OUT rise edge)
                                                      0.000     0.000 r  
    D7                                                0.000     0.000 r  mipi_phy_if_0_clk_p (IN)
                         net (fo=0)                   0.100     0.100    design_1_i/PS_0/mipi_csi2_rx_subsyst_0/inst/phy/inst/inst/bd_d10d_phy_0_rx_support_i/slave_rx.bd_d10d_phy_0_rx_hssio_i/inst/top_inst/iobuf_top_inst/io_gen[26].ibufds_dphy/I
    HPIOBDIFFINBUF_X0Y84 DPHY_DIFFINBUF (Prop_DPHY_DIFFINBUF_HPIOBDIFFINBUF_I_HSRX_O)
                                                      0.386     0.486 r  design_1_i/PS_0/mipi_csi2_rx_subsyst_0/inst/phy/inst/inst/bd_d10d_phy_0_rx_support_i/slave_rx.bd_d10d_phy_0_rx_hssio_i/inst/top_inst/iobuf_top_inst/io_gen[26].ibufds_dphy/DIFFINBUF_INST/HSRX_O
                         net (fo=1, routed)           0.050     0.536    design_1_i/PS_0/mipi_csi2_rx_subsyst_0/inst/phy/inst/inst/bd_d10d_phy_0_rx_support_i/slave_rx.bd_d10d_phy_0_rx_hssio_i/inst/top_inst/iobuf_top_inst/io_gen[26].ibufds_dphy/OUT
    D7                   IBUFCTRL (Prop_IBUFCTRL_HPIOB_M_I_O)
                                                      0.000     0.536 r  design_1_i/PS_0/mipi_csi2_rx_subsyst_0/inst/phy/inst/inst/bd_d10d_phy_0_rx_support_i/slave_rx.bd_d10d_phy_0_rx_hssio_i/inst/top_inst/iobuf_top_inst/io_gen[26].ibufds_dphy/IBUFCTRL_INST/O
                         net (fo=1, routed)           0.003     0.539    design_1_i/PS_0/mipi_csi2_rx_subsyst_0/inst/phy/inst/inst/bd_d10d_phy_0_rx_support_i/slave_rx.bd_d10d_phy_0_rx_hssio_i/inst/top_inst/bs_top_inst/u_rx_bs/data_to_bs_out[0]
    BITSLICE_RX_TX_X0Y182
                         RX_BITSLICE (Prop_RX_BITSLICE_BITSLICE_RXTX_RX_DATAIN_RX_BIT_CTRL_OUT[9])
                                                      0.050     0.589 f  design_1_i/PS_0/mipi_csi2_rx_subsyst_0/inst/phy/inst/inst/bd_d10d_phy_0_rx_support_i/slave_rx.bd_d10d_phy_0_rx_hssio_i/inst/top_inst/bs_top_inst/u_rx_bs/RX_BS[26].rx_bitslice_if_bs/RX_BIT_CTRL_OUT[9]
                         net (fo=1, routed)           0.006     0.595    design_1_i/PS_0/mipi_csi2_rx_subsyst_0/inst/phy/inst/inst/bd_d10d_phy_0_rx_support_i/slave_rx.bd_d10d_phy_0_rx_hssio_i/inst/top_inst/bs_ctrl_top_inst/rx_bs26_rx_bit_ctrl_out[9]
    BITSLICE_CONTROL_X0Y28
                         BITSLICE_CONTROL (Prop_CONTROL_BITSLICE_CONTROL_RX_BIT_CTRL_IN0[9]_RX_BIT_CTRL_OUT0[20])
                                                      0.705     1.300 r  design_1_i/PS_0/mipi_csi2_rx_subsyst_0/inst/phy/inst/inst/bd_d10d_phy_0_rx_support_i/slave_rx.bd_d10d_phy_0_rx_hssio_i/inst/top_inst/bs_ctrl_top_inst/BITSLICE_CTRL[4].bs_ctrl_inst/RX_BIT_CTRL_OUT0[20]
                         net (fo=1, routed)           0.013     1.313    design_1_i/PS_0/mipi_csi2_rx_subsyst_0/inst/phy/inst/inst/bd_d10d_phy_0_rx_support_i/slave_rx.bd_d10d_phy_0_rx_hssio_i/inst/top_inst/bs_top_inst/u_rx_bs/rx_bs26_rx_bit_ctrl_in[20]
    BITSLICE_RX_TX_X0Y182
                         RX_BITSLICE (Prop_RX_BITSLICE_BITSLICE_RXTX_RX_RX_BIT_CTRL_IN[20]_FIFO_WRCLK_OUT)
                                                      0.745     2.058 r  design_1_i/PS_0/mipi_csi2_rx_subsyst_0/inst/phy/inst/inst/bd_d10d_phy_0_rx_support_i/slave_rx.bd_d10d_phy_0_rx_hssio_i/inst/top_inst/bs_top_inst/u_rx_bs/RX_BS[26].rx_bitslice_if_bs/FIFO_WRCLK_OUT
                         net (fo=1, routed)           0.829     2.887    design_1_i/PS_0/mipi_csi2_rx_subsyst_0/inst/phy/inst/inst/bd_d10d_phy_0_rx_support_i/div4_clk_t
    BUFGCE_X0Y91         BUFGCE (Prop_BUFCE_BUFGCE_I_O)
                                                      0.044     2.931 r  design_1_i/PS_0/mipi_csi2_rx_subsyst_0/inst/phy/inst/inst/bd_d10d_phy_0_rx_support_i/slave_rx.rxbyteclkhs_buf/O
    X0Y2 (CLOCK_ROOT)    net (fo=491, routed)         2.569     5.500    design_1_i/PS_0/mipi_csi2_rx_subsyst_0/inst/rx/inst/gen_pkt_fifo/pkt_fifo/gnuram_async_fifo.xpm_fifo_base_inst/gen_cdc_pntr.wr_pntr_cdc_inst/src_clk
    SLICE_X23Y84         FDRE                                         r  design_1_i/PS_0/mipi_csi2_rx_subsyst_0/inst/rx/inst/gen_pkt_fifo/pkt_fifo/gnuram_async_fifo.xpm_fifo_base_inst/gen_cdc_pntr.wr_pntr_cdc_inst/src_gray_ff_reg[2]/C
  -------------------------------------------------------------------    -------------------
    SLICE_X23Y84         FDRE (Prop_GFF_SLICEL_C_Q)
                                                      0.114     5.614 r  design_1_i/PS_0/mipi_csi2_rx_subsyst_0/inst/rx/inst/gen_pkt_fifo/pkt_fifo/gnuram_async_fifo.xpm_fifo_base_inst/gen_cdc_pntr.wr_pntr_cdc_inst/src_gray_ff_reg[2]/Q
                         net (fo=1, routed)           0.391     6.005    design_1_i/PS_0/mipi_csi2_rx_subsyst_0/inst/rx/inst/gen_pkt_fifo/pkt_fifo/gnuram_async_fifo.xpm_fifo_base_inst/gen_cdc_pntr.wr_pntr_cdc_inst/async_path[2]
    SLICE_X24Y84         FDRE                                         r  design_1_i/PS_0/mipi_csi2_rx_subsyst_0/inst/rx/inst/gen_pkt_fifo/pkt_fifo/gnuram_async_fifo.xpm_fifo_base_inst/gen_cdc_pntr.wr_pntr_cdc_inst/dest_graysync_ff_reg[0][2]/D
  -------------------------------------------------------------------    -------------------

                         (clock clk_pl_0 rise edge)
                                                      0.000     0.000 r  
    PS8_X0Y0             PS8                          0.000     0.000 r  design_1_i/PS_0/zynq_ultra_ps_e_0/inst/PS8_i/PLCLK[0]
                         net (fo=1, routed)           0.181     0.181    design_1_i/PS_0/zynq_ultra_ps_e_0/inst/pl_clk_unbuffered[0]
    BUFG_PS_X0Y94        BUFG_PS (Prop_BUFG_PS_I_O)
                                                      0.035     0.216 r  design_1_i/PS_0/zynq_ultra_ps_e_0/inst/buffer_pl_clk_0.PL_CLK_0_BUFG/O
    X0Y1 (CLOCK_ROOT)    net (fo=25885, routed)       2.417     2.633    design_1_i/PS_0/mipi_csi2_rx_subsyst_0/inst/rx/inst/gen_pkt_fifo/pkt_fifo/gnuram_async_fifo.xpm_fifo_base_inst/gen_cdc_pntr.wr_pntr_cdc_inst/dest_clk
    SLICE_X24Y84         FDRE                                         r  design_1_i/PS_0/mipi_csi2_rx_subsyst_0/inst/rx/inst/gen_pkt_fifo/pkt_fifo/gnuram_async_fifo.xpm_fifo_base_inst/gen_cdc_pntr.wr_pntr_cdc_inst/dest_graysync_ff_reg[0][2]/C
                         clock pessimism              0.000     2.633    
    SLICE_X24Y84         FDRE (Setup_CFF2_SLICEM_C_D)
                                                      0.045     2.678    design_1_i/PS_0/mipi_csi2_rx_subsyst_0/inst/rx/inst/gen_pkt_fifo/pkt_fifo/gnuram_async_fifo.xpm_fifo_base_inst/gen_cdc_pntr.wr_pntr_cdc_inst/dest_graysync_ff_reg[0][2]
  -------------------------------------------------------------------
                         data arrival                           6.005    
                         clock arrival                          2.678    
  -------------------------------------------------------------------
                         relative delay                         3.327    

Reference path:
    Location             Delay type                Incr(ns)  Path(ns)    Netlist Resource(s)
  -------------------------------------------------------------------    -------------------
                         (clock mipi_phy_if_0_clk_p_FIFO_WRCLK_OUT rise edge)
                                                      0.000     0.000 r  
    D7                                                0.000     0.000 r  mipi_phy_if_0_clk_p (IN)
                         net (fo=0)                   0.079     0.079    design_1_i/PS_0/mipi_csi2_rx_subsyst_0/inst/phy/inst/inst/bd_d10d_phy_0_rx_support_i/slave_rx.bd_d10d_phy_0_rx_hssio_i/inst/top_inst/iobuf_top_inst/io_gen[26].ibufds_dphy/I
    HPIOBDIFFINBUF_X0Y84 DPHY_DIFFINBUF (Prop_DPHY_DIFFINBUF_HPIOBDIFFINBUF_I_HSRX_O)
                                                      0.305     0.384 r  design_1_i/PS_0/mipi_csi2_rx_subsyst_0/inst/phy/inst/inst/bd_d10d_phy_0_rx_support_i/slave_rx.bd_d10d_phy_0_rx_hssio_i/inst/top_inst/iobuf_top_inst/io_gen[26].ibufds_dphy/DIFFINBUF_INST/HSRX_O
                         net (fo=1, routed)           0.040     0.424    design_1_i/PS_0/mipi_csi2_rx_subsyst_0/inst/phy/inst/inst/bd_d10d_phy_0_rx_support_i/slave_rx.bd_d10d_phy_0_rx_hssio_i/inst/top_inst/iobuf_top_inst/io_gen[26].ibufds_dphy/OUT
    D7                   IBUFCTRL (Prop_IBUFCTRL_HPIOB_M_I_O)
                                                      0.000     0.424 r  design_1_i/PS_0/mipi_csi2_rx_subsyst_0/inst/phy/inst/inst/bd_d10d_phy_0_rx_support_i/slave_rx.bd_d10d_phy_0_rx_hssio_i/inst/top_inst/iobuf_top_inst/io_gen[26].ibufds_dphy/IBUFCTRL_INST/O
                         net (fo=1, routed)           0.002     0.426    design_1_i/PS_0/mipi_csi2_rx_subsyst_0/inst/phy/inst/inst/bd_d10d_phy_0_rx_support_i/slave_rx.bd_d10d_phy_0_rx_hssio_i/inst/top_inst/bs_top_inst/u_rx_bs/data_to_bs_out[0]
    BITSLICE_RX_TX_X0Y182
                         RX_BITSLICE (Prop_RX_BITSLICE_BITSLICE_RXTX_RX_DATAIN_RX_BIT_CTRL_OUT[9])
                                                      0.025     0.451 f  design_1_i/PS_0/mipi_csi2_rx_subsyst_0/inst/phy/inst/inst/bd_d10d_phy_0_rx_support_i/slave_rx.bd_d10d_phy_0_rx_hssio_i/inst/top_inst/bs_top_inst/u_rx_bs/RX_BS[26].rx_bitslice_if_bs/RX_BIT_CTRL_OUT[9]
                         net (fo=1, routed)           0.003     0.454    design_1_i/PS_0/mipi_csi2_rx_subsyst_0/inst/phy/inst/inst/bd_d10d_phy_0_rx_support_i/slave_rx.bd_d10d_phy_0_rx_hssio_i/inst/top_inst/bs_ctrl_top_inst/rx_bs26_rx_bit_ctrl_out[9]
    BITSLICE_CONTROL_X0Y28
                         BITSLICE_CONTROL (Prop_CONTROL_BITSLICE_CONTROL_RX_BIT_CTRL_IN0[9]_RX_BIT_CTRL_OUT0[20])
                                                      0.254     0.708 r  design_1_i/PS_0/mipi_csi2_rx_subsyst_0/inst/phy/inst/inst/bd_d10d_phy_0_rx_support_i/slave_rx.bd_d10d_phy_0_rx_hssio_i/inst/top_inst/bs_ctrl_top_inst/BITSLICE_CTRL[4].bs_ctrl_inst/RX_BIT_CTRL_OUT0[20]
                         net (fo=1, routed)           0.006     0.714    design_1_i/PS_0/mipi_csi2_rx_subsyst_0/inst/phy/inst/inst/bd_d10d_phy_0_rx_support_i/slave_rx.bd_d10d_phy_0_rx_hssio_i/inst/top_inst/bs_top_inst/u_rx_bs/rx_bs26_rx_bit_ctrl_in[20]
    BITSLICE_RX_TX_X0Y182
                         RX_BITSLICE (Prop_RX_BITSLICE_BITSLICE_RXTX_RX_RX_BIT_CTRL_IN[20]_FIFO_WRCLK_OUT)
                                                      0.382     1.096 r  design_1_i/PS_0/mipi_csi2_rx_subsyst_0/inst/phy/inst/inst/bd_d10d_phy_0_rx_support_i/slave_rx.bd_d10d_phy_0_rx_hssio_i/inst/top_inst/bs_top_inst/u_rx_bs/RX_BS[26].rx_bitslice_if_bs/FIFO_WRCLK_OUT
                         net (fo=1, routed)           0.653     1.749    design_1_i/PS_0/mipi_csi2_rx_subsyst_0/inst/phy/inst/inst/bd_d10d_phy_0_rx_support_i/div4_clk_t
    BUFGCE_X0Y91         BUFGCE (Prop_BUFCE_BUFGCE_I_O)
                                                      0.039     1.788 r  design_1_i/PS_0/mipi_csi2_rx_subsyst_0/inst/phy/inst/inst/bd_d10d_phy_0_rx_support_i/slave_rx.rxbyteclkhs_buf/O
    X0Y2 (CLOCK_ROOT)    net (fo=491, routed)         2.326     4.114    design_1_i/PS_0/mipi_csi2_rx_subsyst_0/inst/rx/inst/gen_pkt_fifo/pkt_fifo/gnuram_async_fifo.xpm_fifo_base_inst/gen_cdc_pntr.wr_pntr_cdc_inst/src_clk
    SLICE_X23Y85         FDRE                                         r  design_1_i/PS_0/mipi_csi2_rx_subsyst_0/inst/rx/inst/gen_pkt_fifo/pkt_fifo/gnuram_async_fifo.xpm_fifo_base_inst/gen_cdc_pntr.wr_pntr_cdc_inst/src_gray_ff_reg[3]/C
  -------------------------------------------------------------------    -------------------
    SLICE_X23Y85         FDRE (Prop_HFF_SLICEL_C_Q)
                                                      0.112     4.226 r  design_1_i/PS_0/mipi_csi2_rx_subsyst_0/inst/rx/inst/gen_pkt_fifo/pkt_fifo/gnuram_async_fifo.xpm_fifo_base_inst/gen_cdc_pntr.wr_pntr_cdc_inst/src_gray_ff_reg[3]/Q
                         net (fo=1, routed)           0.094     4.320    design_1_i/PS_0/mipi_csi2_rx_subsyst_0/inst/rx/inst/gen_pkt_fifo/pkt_fifo/gnuram_async_fifo.xpm_fifo_base_inst/gen_cdc_pntr.wr_pntr_cdc_inst/async_path[3]
    SLICE_X23Y87         FDRE                                         r  design_1_i/PS_0/mipi_csi2_rx_subsyst_0/inst/rx/inst/gen_pkt_fifo/pkt_fifo/gnuram_async_fifo.xpm_fifo_base_inst/gen_cdc_pntr.wr_pntr_cdc_inst/dest_graysync_ff_reg[0][3]/D
  -------------------------------------------------------------------    -------------------

                         (clock clk_pl_0 rise edge)
                                                      0.000     0.000 r  
    PS8_X0Y0             PS8                          0.000     0.000 r  design_1_i/PS_0/zynq_ultra_ps_e_0/inst/PS8_i/PLCLK[0]
                         net (fo=1, routed)           0.229     0.229    design_1_i/PS_0/zynq_ultra_ps_e_0/inst/pl_clk_unbuffered[0]
    BUFG_PS_X0Y94        BUFG_PS (Prop_BUFG_PS_I_O)
                                                      0.038     0.267 r  design_1_i/PS_0/zynq_ultra_ps_e_0/inst/buffer_pl_clk_0.PL_CLK_0_BUFG/O
    X0Y1 (CLOCK_ROOT)    net (fo=25885, routed)       2.662     2.929    design_1_i/PS_0/mipi_csi2_rx_subsyst_0/inst/rx/inst/gen_pkt_fifo/pkt_fifo/gnuram_async_fifo.xpm_fifo_base_inst/gen_cdc_pntr.wr_pntr_cdc_inst/dest_clk
    SLICE_X23Y87         FDRE                                         r  design_1_i/PS_0/mipi_csi2_rx_subsyst_0/inst/rx/inst/gen_pkt_fifo/pkt_fifo/gnuram_async_fifo.xpm_fifo_base_inst/gen_cdc_pntr.wr_pntr_cdc_inst/dest_graysync_ff_reg[0][3]/C
                         clock pessimism              0.000     2.929    
    SLICE_X23Y87         FDRE (Hold_HFF2_SLICEL_C_D)
                                                      0.103     3.032    design_1_i/PS_0/mipi_csi2_rx_subsyst_0/inst/rx/inst/gen_pkt_fifo/pkt_fifo/gnuram_async_fifo.xpm_fifo_base_inst/gen_cdc_pntr.wr_pntr_cdc_inst/dest_graysync_ff_reg[0][3]
  -------------------------------------------------------------------
                         data arrival                           4.320    
                         clock arrival                          3.032    
  -------------------------------------------------------------------
                         relative delay                         1.288    



Id: 2
set_bus_skew -from [get_cells [list {design_1_i/PS_0/mipi_csi2_rx_subsyst_0/inst/rx/inst/gen_pkt_fifo/pkt_fifo/gnuram_async_fifo.xpm_fifo_base_inst/gen_cdc_pntr.rd_pntr_cdc_inst/src_gray_ff_reg[0]} {design_1_i/PS_0/mipi_csi2_rx_subsyst_0/inst/rx/inst/gen_pkt_fifo/pkt_fifo/gnuram_async_fifo.xpm_fifo_base_inst/gen_cdc_pntr.rd_pntr_cdc_inst/src_gray_ff_reg[1]} {design_1_i/PS_0/mipi_csi2_rx_subsyst_0/inst/rx/inst/gen_pkt_fifo/pkt_fifo/gnuram_async_fifo.xpm_fifo_base_inst/gen_cdc_pntr.rd_pntr_cdc_inst/src_gray_ff_reg[2]} {design_1_i/PS_0/mipi_csi2_rx_subsyst_0/inst/rx/inst/gen_pkt_fifo/pkt_fifo/gnuram_async_fifo.xpm_fifo_base_inst/gen_cdc_pntr.rd_pntr_cdc_inst/src_gray_ff_reg[3]} {design_1_i/PS_0/mipi_csi2_rx_subsyst_0/inst/rx/inst/gen_pkt_fifo/pkt_fifo/gnuram_async_fifo.xpm_fifo_base_inst/gen_cdc_pntr.rd_pntr_cdc_inst/src_gray_ff_reg[4]}]] -to [get_cells [list {design_1_i/PS_0/mipi_csi2_rx_subsyst_0/inst/rx/inst/gen_pkt_fifo/pkt_fifo/gnuram_async_fifo.xpm_fifo_base_inst/gen_cdc_pntr.rd_pntr_cdc_inst/dest_graysync_ff_reg[0][0]} {design_1_i/PS_0/mipi_csi2_rx_subsyst_0/inst/rx/inst/gen_pkt_fifo/pkt_fifo/gnuram_async_fifo.xpm_fifo_base_inst/gen_cdc_pntr.rd_pntr_cdc_inst/dest_graysync_ff_reg[0][1]} {design_1_i/PS_0/mipi_csi2_rx_subsyst_0/inst/rx/inst/gen_pkt_fifo/pkt_fifo/gnuram_async_fifo.xpm_fifo_base_inst/gen_cdc_pntr.rd_pntr_cdc_inst/dest_graysync_ff_reg[0][2]} {design_1_i/PS_0/mipi_csi2_rx_subsyst_0/inst/rx/inst/gen_pkt_fifo/pkt_fifo/gnuram_async_fifo.xpm_fifo_base_inst/gen_cdc_pntr.rd_pntr_cdc_inst/dest_graysync_ff_reg[0][3]} {design_1_i/PS_0/mipi_csi2_rx_subsyst_0/inst/rx/inst/gen_pkt_fifo/pkt_fifo/gnuram_async_fifo.xpm_fifo_base_inst/gen_cdc_pntr.rd_pntr_cdc_inst/dest_graysync_ff_reg[0][4]}]] 4.000
Requirement: 4.000ns
Endpoints: 5

From Clock            To Clock              Endpoint Pin                    Reference Pin                   Corner  Actual(ns)  Slack(ns)
--------------------  --------------------  ------------------------------  ------------------------------  ------  ----------  ---------
clk_pl_0              mipi_phy_if_0_clk_p_FIFO_WRCLK_OUT
                                            design_1_i/PS_0/mipi_csi2_rx_subsyst_0/inst/rx/inst/gen_pkt_fifo/pkt_fifo/gnuram_async_fifo.xpm_fifo_base_inst/gen_cdc_pntr.rd_pntr_cdc_inst/dest_graysync_ff_reg[0][2]/D
                                                                            design_1_i/PS_0/mipi_csi2_rx_subsyst_0/inst/rx/inst/gen_pkt_fifo/pkt_fifo/gnuram_async_fifo.xpm_fifo_base_inst/gen_cdc_pntr.rd_pntr_cdc_inst/dest_graysync_ff_reg[0][4]/D
                                                                                                            Slow         1.288      2.712


Slack (MET) :             2.712ns  (requirement - actual skew)
  Endpoint Source:        design_1_i/PS_0/mipi_csi2_rx_subsyst_0/inst/rx/inst/gen_pkt_fifo/pkt_fifo/gnuram_async_fifo.xpm_fifo_base_inst/gen_cdc_pntr.rd_pntr_cdc_inst/src_gray_ff_reg[2]/C
                            (rising edge-triggered cell FDRE clocked by clk_pl_0)
  Endpoint Destination:   design_1_i/PS_0/mipi_csi2_rx_subsyst_0/inst/rx/inst/gen_pkt_fifo/pkt_fifo/gnuram_async_fifo.xpm_fifo_base_inst/gen_cdc_pntr.rd_pntr_cdc_inst/dest_graysync_ff_reg[0][2]/D
                            (rising edge-triggered cell FDRE clocked by mipi_phy_if_0_clk_p_FIFO_WRCLK_OUT)
  Reference Source:       design_1_i/PS_0/mipi_csi2_rx_subsyst_0/inst/rx/inst/gen_pkt_fifo/pkt_fifo/gnuram_async_fifo.xpm_fifo_base_inst/gen_cdc_pntr.rd_pntr_cdc_inst/src_gray_ff_reg[4]/C
                            (rising edge-triggered cell FDRE clocked by clk_pl_0)
  Reference Destination:  design_1_i/PS_0/mipi_csi2_rx_subsyst_0/inst/rx/inst/gen_pkt_fifo/pkt_fifo/gnuram_async_fifo.xpm_fifo_base_inst/gen_cdc_pntr.rd_pntr_cdc_inst/dest_graysync_ff_reg[0][4]/D
                            (rising edge-triggered cell FDRE clocked by mipi_phy_if_0_clk_p_FIFO_WRCLK_OUT)
  Path Type:              Bus Skew (Max at Slow Process Corner)
  Requirement:            4.000ns
  Endpoint Relative Delay:    0.078ns
  Reference Relative Delay:  -2.708ns
  Relative CRPR:              1.498ns
  Actual Bus Skew:            1.288ns  (Endpoint Relative Delay - Reference Relative Delay - Relative CRPR)

Endpoint path:
    Location             Delay type                Incr(ns)  Path(ns)    Netlist Resource(s)
  -------------------------------------------------------------------    -------------------
                         (clock clk_pl_0 rise edge)
                                                      0.000     0.000 r  
    PS8_X0Y0             PS8                          0.000     0.000 r  design_1_i/PS_0/zynq_ultra_ps_e_0/inst/PS8_i/PLCLK[0]
                         net (fo=1, routed)           0.229     0.229    design_1_i/PS_0/zynq_ultra_ps_e_0/inst/pl_clk_unbuffered[0]
    BUFG_PS_X0Y94        BUFG_PS (Prop_BUFG_PS_I_O)
                                                      0.038     0.267 r  design_1_i/PS_0/zynq_ultra_ps_e_0/inst/buffer_pl_clk_0.PL_CLK_0_BUFG/O
    X0Y1 (CLOCK_ROOT)    net (fo=25885, routed)       2.643     2.910    design_1_i/PS_0/mipi_csi2_rx_subsyst_0/inst/rx/inst/gen_pkt_fifo/pkt_fifo/gnuram_async_fifo.xpm_fifo_base_inst/gen_cdc_pntr.rd_pntr_cdc_inst/src_clk
    SLICE_X23Y85         FDRE                                         r  design_1_i/PS_0/mipi_csi2_rx_subsyst_0/inst/rx/inst/gen_pkt_fifo/pkt_fifo/gnuram_async_fifo.xpm_fifo_base_inst/gen_cdc_pntr.rd_pntr_cdc_inst/src_gray_ff_reg[2]/C
  -------------------------------------------------------------------    -------------------
    SLICE_X23Y85         FDRE (Prop_AFF_SLICEL_C_Q)
                                                      0.114     3.024 r  design_1_i/PS_0/mipi_csi2_rx_subsyst_0/inst/rx/inst/gen_pkt_fifo/pkt_fifo/gnuram_async_fifo.xpm_fifo_base_inst/gen_cdc_pntr.rd_pntr_cdc_inst/src_gray_ff_reg[2]/Q
                         net (fo=1, routed)           1.214     4.238    design_1_i/PS_0/mipi_csi2_rx_subsyst_0/inst/rx/inst/gen_pkt_fifo/pkt_fifo/gnuram_async_fifo.xpm_fifo_base_inst/gen_cdc_pntr.rd_pntr_cdc_inst/async_path[2]
    SLICE_X23Y85         FDRE                                         r  design_1_i/PS_0/mipi_csi2_rx_subsyst_0/inst/rx/inst/gen_pkt_fifo/pkt_fifo/gnuram_async_fifo.xpm_fifo_base_inst/gen_cdc_pntr.rd_pntr_cdc_inst/dest_graysync_ff_reg[0][2]/D
  -------------------------------------------------------------------    -------------------

                         (clock mipi_phy_if_0_clk_p_FIFO_WRCLK_OUT rise edge)
                                                      0.000     0.000 r  
    D7                                                0.000     0.000 r  mipi_phy_if_0_clk_p (IN)
                         net (fo=0)                   0.079     0.079    design_1_i/PS_0/mipi_csi2_rx_subsyst_0/inst/phy/inst/inst/bd_d10d_phy_0_rx_support_i/slave_rx.bd_d10d_phy_0_rx_hssio_i/inst/top_inst/iobuf_top_inst/io_gen[26].ibufds_dphy/I
    HPIOBDIFFINBUF_X0Y84 DPHY_DIFFINBUF (Prop_DPHY_DIFFINBUF_HPIOBDIFFINBUF_I_HSRX_O)
                                                      0.305     0.384 r  design_1_i/PS_0/mipi_csi2_rx_subsyst_0/inst/phy/inst/inst/bd_d10d_phy_0_rx_support_i/slave_rx.bd_d10d_phy_0_rx_hssio_i/inst/top_inst/iobuf_top_inst/io_gen[26].ibufds_dphy/DIFFINBUF_INST/HSRX_O
                         net (fo=1, routed)           0.040     0.424    design_1_i/PS_0/mipi_csi2_rx_subsyst_0/inst/phy/inst/inst/bd_d10d_phy_0_rx_support_i/slave_rx.bd_d10d_phy_0_rx_hssio_i/inst/top_inst/iobuf_top_inst/io_gen[26].ibufds_dphy/OUT
    D7                   IBUFCTRL (Prop_IBUFCTRL_HPIOB_M_I_O)
                                                      0.000     0.424 r  design_1_i/PS_0/mipi_csi2_rx_subsyst_0/inst/phy/inst/inst/bd_d10d_phy_0_rx_support_i/slave_rx.bd_d10d_phy_0_rx_hssio_i/inst/top_inst/iobuf_top_inst/io_gen[26].ibufds_dphy/IBUFCTRL_INST/O
                         net (fo=1, routed)           0.002     0.426    design_1_i/PS_0/mipi_csi2_rx_subsyst_0/inst/phy/inst/inst/bd_d10d_phy_0_rx_support_i/slave_rx.bd_d10d_phy_0_rx_hssio_i/inst/top_inst/bs_top_inst/u_rx_bs/data_to_bs_out[0]
    BITSLICE_RX_TX_X0Y182
                         RX_BITSLICE (Prop_RX_BITSLICE_BITSLICE_RXTX_RX_DATAIN_RX_BIT_CTRL_OUT[9])
                                                      0.025     0.451 f  design_1_i/PS_0/mipi_csi2_rx_subsyst_0/inst/phy/inst/inst/bd_d10d_phy_0_rx_support_i/slave_rx.bd_d10d_phy_0_rx_hssio_i/inst/top_inst/bs_top_inst/u_rx_bs/RX_BS[26].rx_bitslice_if_bs/RX_BIT_CTRL_OUT[9]
                         net (fo=1, routed)           0.003     0.454    design_1_i/PS_0/mipi_csi2_rx_subsyst_0/inst/phy/inst/inst/bd_d10d_phy_0_rx_support_i/slave_rx.bd_d10d_phy_0_rx_hssio_i/inst/top_inst/bs_ctrl_top_inst/rx_bs26_rx_bit_ctrl_out[9]
    BITSLICE_CONTROL_X0Y28
                         BITSLICE_CONTROL (Prop_CONTROL_BITSLICE_CONTROL_RX_BIT_CTRL_IN0[9]_RX_BIT_CTRL_OUT0[20])
                                                      0.254     0.708 r  design_1_i/PS_0/mipi_csi2_rx_subsyst_0/inst/phy/inst/inst/bd_d10d_phy_0_rx_support_i/slave_rx.bd_d10d_phy_0_rx_hssio_i/inst/top_inst/bs_ctrl_top_inst/BITSLICE_CTRL[4].bs_ctrl_inst/RX_BIT_CTRL_OUT0[20]
                         net (fo=1, routed)           0.006     0.714    design_1_i/PS_0/mipi_csi2_rx_subsyst_0/inst/phy/inst/inst/bd_d10d_phy_0_rx_support_i/slave_rx.bd_d10d_phy_0_rx_hssio_i/inst/top_inst/bs_top_inst/u_rx_bs/rx_bs26_rx_bit_ctrl_in[20]
    BITSLICE_RX_TX_X0Y182
                         RX_BITSLICE (Prop_RX_BITSLICE_BITSLICE_RXTX_RX_RX_BIT_CTRL_IN[20]_FIFO_WRCLK_OUT)
                                                      0.382     1.096 r  design_1_i/PS_0/mipi_csi2_rx_subsyst_0/inst/phy/inst/inst/bd_d10d_phy_0_rx_support_i/slave_rx.bd_d10d_phy_0_rx_hssio_i/inst/top_inst/bs_top_inst/u_rx_bs/RX_BS[26].rx_bitslice_if_bs/FIFO_WRCLK_OUT
                         net (fo=1, routed)           0.653     1.749    design_1_i/PS_0/mipi_csi2_rx_subsyst_0/inst/phy/inst/inst/bd_d10d_phy_0_rx_support_i/div4_clk_t
    BUFGCE_X0Y91         BUFGCE (Prop_BUFCE_BUFGCE_I_O)
                                                      0.039     1.788 r  design_1_i/PS_0/mipi_csi2_rx_subsyst_0/inst/phy/inst/inst/bd_d10d_phy_0_rx_support_i/slave_rx.rxbyteclkhs_buf/O
    X0Y2 (CLOCK_ROOT)    net (fo=491, routed)         2.326     4.114    design_1_i/PS_0/mipi_csi2_rx_subsyst_0/inst/rx/inst/gen_pkt_fifo/pkt_fifo/gnuram_async_fifo.xpm_fifo_base_inst/gen_cdc_pntr.rd_pntr_cdc_inst/dest_clk
    SLICE_X23Y85         FDRE                                         r  design_1_i/PS_0/mipi_csi2_rx_subsyst_0/inst/rx/inst/gen_pkt_fifo/pkt_fifo/gnuram_async_fifo.xpm_fifo_base_inst/gen_cdc_pntr.rd_pntr_cdc_inst/dest_graysync_ff_reg[0][2]/C
                         clock pessimism              0.000     4.114    
    SLICE_X23Y85         FDRE (Setup_FFF2_SLICEL_C_D)
                                                      0.046     4.160    design_1_i/PS_0/mipi_csi2_rx_subsyst_0/inst/rx/inst/gen_pkt_fifo/pkt_fifo/gnuram_async_fifo.xpm_fifo_base_inst/gen_cdc_pntr.rd_pntr_cdc_inst/dest_graysync_ff_reg[0][2]
  -------------------------------------------------------------------
                         data arrival                           4.238    
                         clock arrival                          4.160    
  -------------------------------------------------------------------
                         relative delay                         0.078    

Reference path:
    Location             Delay type                Incr(ns)  Path(ns)    Netlist Resource(s)
  -------------------------------------------------------------------    -------------------
                         (clock clk_pl_0 rise edge)
                                                      0.000     0.000 r  
    PS8_X0Y0             PS8                          0.000     0.000 r  design_1_i/PS_0/zynq_ultra_ps_e_0/inst/PS8_i/PLCLK[0]
                         net (fo=1, routed)           0.181     0.181    design_1_i/PS_0/zynq_ultra_ps_e_0/inst/pl_clk_unbuffered[0]
    BUFG_PS_X0Y94        BUFG_PS (Prop_BUFG_PS_I_O)
                                                      0.035     0.216 r  design_1_i/PS_0/zynq_ultra_ps_e_0/inst/buffer_pl_clk_0.PL_CLK_0_BUFG/O
    X0Y1 (CLOCK_ROOT)    net (fo=25885, routed)       2.413     2.629    design_1_i/PS_0/mipi_csi2_rx_subsyst_0/inst/rx/inst/gen_pkt_fifo/pkt_fifo/gnuram_async_fifo.xpm_fifo_base_inst/gen_cdc_pntr.rd_pntr_cdc_inst/src_clk
    SLICE_X24Y87         FDRE                                         r  design_1_i/PS_0/mipi_csi2_rx_subsyst_0/inst/rx/inst/gen_pkt_fifo/pkt_fifo/gnuram_async_fifo.xpm_fifo_base_inst/gen_cdc_pntr.rd_pntr_cdc_inst/src_gray_ff_reg[4]/C
  -------------------------------------------------------------------    -------------------
    SLICE_X24Y87         FDRE (Prop_EFF_SLICEM_C_Q)
                                                      0.112     2.741 r  design_1_i/PS_0/mipi_csi2_rx_subsyst_0/inst/rx/inst/gen_pkt_fifo/pkt_fifo/gnuram_async_fifo.xpm_fifo_base_inst/gen_cdc_pntr.rd_pntr_cdc_inst/src_gray_ff_reg[4]/Q
                         net (fo=1, routed)           0.155     2.896    design_1_i/PS_0/mipi_csi2_rx_subsyst_0/inst/rx/inst/gen_pkt_fifo/pkt_fifo/gnuram_async_fifo.xpm_fifo_base_inst/gen_cdc_pntr.rd_pntr_cdc_inst/async_path[4]
    SLICE_X24Y88         FDRE                                         r  design_1_i/PS_0/mipi_csi2_rx_subsyst_0/inst/rx/inst/gen_pkt_fifo/pkt_fifo/gnuram_async_fifo.xpm_fifo_base_inst/gen_cdc_pntr.rd_pntr_cdc_inst/dest_graysync_ff_reg[0][4]/D
  -------------------------------------------------------------------    -------------------

                         (clock mipi_phy_if_0_clk_p_FIFO_WRCLK_OUT rise edge)
                                                      0.000     0.000 r  
    D7                                                0.000     0.000 r  mipi_phy_if_0_clk_p (IN)
                         net (fo=0)                   0.100     0.100    design_1_i/PS_0/mipi_csi2_rx_subsyst_0/inst/phy/inst/inst/bd_d10d_phy_0_rx_support_i/slave_rx.bd_d10d_phy_0_rx_hssio_i/inst/top_inst/iobuf_top_inst/io_gen[26].ibufds_dphy/I
    HPIOBDIFFINBUF_X0Y84 DPHY_DIFFINBUF (Prop_DPHY_DIFFINBUF_HPIOBDIFFINBUF_I_HSRX_O)
                                                      0.386     0.486 r  design_1_i/PS_0/mipi_csi2_rx_subsyst_0/inst/phy/inst/inst/bd_d10d_phy_0_rx_support_i/slave_rx.bd_d10d_phy_0_rx_hssio_i/inst/top_inst/iobuf_top_inst/io_gen[26].ibufds_dphy/DIFFINBUF_INST/HSRX_O
                         net (fo=1, routed)           0.050     0.536    design_1_i/PS_0/mipi_csi2_rx_subsyst_0/inst/phy/inst/inst/bd_d10d_phy_0_rx_support_i/slave_rx.bd_d10d_phy_0_rx_hssio_i/inst/top_inst/iobuf_top_inst/io_gen[26].ibufds_dphy/OUT
    D7                   IBUFCTRL (Prop_IBUFCTRL_HPIOB_M_I_O)
                                                      0.000     0.536 r  design_1_i/PS_0/mipi_csi2_rx_subsyst_0/inst/phy/inst/inst/bd_d10d_phy_0_rx_support_i/slave_rx.bd_d10d_phy_0_rx_hssio_i/inst/top_inst/iobuf_top_inst/io_gen[26].ibufds_dphy/IBUFCTRL_INST/O
                         net (fo=1, routed)           0.003     0.539    design_1_i/PS_0/mipi_csi2_rx_subsyst_0/inst/phy/inst/inst/bd_d10d_phy_0_rx_support_i/slave_rx.bd_d10d_phy_0_rx_hssio_i/inst/top_inst/bs_top_inst/u_rx_bs/data_to_bs_out[0]
    BITSLICE_RX_TX_X0Y182
                         RX_BITSLICE (Prop_RX_BITSLICE_BITSLICE_RXTX_RX_DATAIN_RX_BIT_CTRL_OUT[9])
                                                      0.050     0.589 f  design_1_i/PS_0/mipi_csi2_rx_subsyst_0/inst/phy/inst/inst/bd_d10d_phy_0_rx_support_i/slave_rx.bd_d10d_phy_0_rx_hssio_i/inst/top_inst/bs_top_inst/u_rx_bs/RX_BS[26].rx_bitslice_if_bs/RX_BIT_CTRL_OUT[9]
                         net (fo=1, routed)           0.006     0.595    design_1_i/PS_0/mipi_csi2_rx_subsyst_0/inst/phy/inst/inst/bd_d10d_phy_0_rx_support_i/slave_rx.bd_d10d_phy_0_rx_hssio_i/inst/top_inst/bs_ctrl_top_inst/rx_bs26_rx_bit_ctrl_out[9]
    BITSLICE_CONTROL_X0Y28
                         BITSLICE_CONTROL (Prop_CONTROL_BITSLICE_CONTROL_RX_BIT_CTRL_IN0[9]_RX_BIT_CTRL_OUT0[20])
                                                      0.705     1.300 r  design_1_i/PS_0/mipi_csi2_rx_subsyst_0/inst/phy/inst/inst/bd_d10d_phy_0_rx_support_i/slave_rx.bd_d10d_phy_0_rx_hssio_i/inst/top_inst/bs_ctrl_top_inst/BITSLICE_CTRL[4].bs_ctrl_inst/RX_BIT_CTRL_OUT0[20]
                         net (fo=1, routed)           0.013     1.313    design_1_i/PS_0/mipi_csi2_rx_subsyst_0/inst/phy/inst/inst/bd_d10d_phy_0_rx_support_i/slave_rx.bd_d10d_phy_0_rx_hssio_i/inst/top_inst/bs_top_inst/u_rx_bs/rx_bs26_rx_bit_ctrl_in[20]
    BITSLICE_RX_TX_X0Y182
                         RX_BITSLICE (Prop_RX_BITSLICE_BITSLICE_RXTX_RX_RX_BIT_CTRL_IN[20]_FIFO_WRCLK_OUT)
                                                      0.745     2.058 r  design_1_i/PS_0/mipi_csi2_rx_subsyst_0/inst/phy/inst/inst/bd_d10d_phy_0_rx_support_i/slave_rx.bd_d10d_phy_0_rx_hssio_i/inst/top_inst/bs_top_inst/u_rx_bs/RX_BS[26].rx_bitslice_if_bs/FIFO_WRCLK_OUT
                         net (fo=1, routed)           0.829     2.887    design_1_i/PS_0/mipi_csi2_rx_subsyst_0/inst/phy/inst/inst/bd_d10d_phy_0_rx_support_i/div4_clk_t
    BUFGCE_X0Y91         BUFGCE (Prop_BUFCE_BUFGCE_I_O)
                                                      0.044     2.931 r  design_1_i/PS_0/mipi_csi2_rx_subsyst_0/inst/phy/inst/inst/bd_d10d_phy_0_rx_support_i/slave_rx.rxbyteclkhs_buf/O
    X0Y2 (CLOCK_ROOT)    net (fo=491, routed)         2.571     5.502    design_1_i/PS_0/mipi_csi2_rx_subsyst_0/inst/rx/inst/gen_pkt_fifo/pkt_fifo/gnuram_async_fifo.xpm_fifo_base_inst/gen_cdc_pntr.rd_pntr_cdc_inst/dest_clk
    SLICE_X24Y88         FDRE                                         r  design_1_i/PS_0/mipi_csi2_rx_subsyst_0/inst/rx/inst/gen_pkt_fifo/pkt_fifo/gnuram_async_fifo.xpm_fifo_base_inst/gen_cdc_pntr.rd_pntr_cdc_inst/dest_graysync_ff_reg[0][4]/C
                         clock pessimism              0.000     5.502    
    SLICE_X24Y88         FDRE (Hold_CFF2_SLICEM_C_D)
                                                      0.102     5.604    design_1_i/PS_0/mipi_csi2_rx_subsyst_0/inst/rx/inst/gen_pkt_fifo/pkt_fifo/gnuram_async_fifo.xpm_fifo_base_inst/gen_cdc_pntr.rd_pntr_cdc_inst/dest_graysync_ff_reg[0][4]
  -------------------------------------------------------------------
                         data arrival                           2.896    
                         clock arrival                          5.604    
  -------------------------------------------------------------------
                         relative delay                        -2.708    



Id: 3
set_bus_skew -from [get_cells [list {design_1_i/PS_0/v_axi4s_vid_out_0/inst/COUPLER_INST/generate_async_fifo.FIFO_INST/XPM_FIFO_ASYNC_INST/gnuram_async_fifo.xpm_fifo_base_inst/gen_cdc_pntr.rd_pntr_cdc_inst/src_gray_ff_reg[0]} {design_1_i/PS_0/v_axi4s_vid_out_0/inst/COUPLER_INST/generate_async_fifo.FIFO_INST/XPM_FIFO_ASYNC_INST/gnuram_async_fifo.xpm_fifo_base_inst/gen_cdc_pntr.rd_pntr_cdc_inst/src_gray_ff_reg[1]} {design_1_i/PS_0/v_axi4s_vid_out_0/inst/COUPLER_INST/generate_async_fifo.FIFO_INST/XPM_FIFO_ASYNC_INST/gnuram_async_fifo.xpm_fifo_base_inst/gen_cdc_pntr.rd_pntr_cdc_inst/src_gray_ff_reg[2]} {design_1_i/PS_0/v_axi4s_vid_out_0/inst/COUPLER_INST/generate_async_fifo.FIFO_INST/XPM_FIFO_ASYNC_INST/gnuram_async_fifo.xpm_fifo_base_inst/gen_cdc_pntr.rd_pntr_cdc_inst/src_gray_ff_reg[3]} {design_1_i/PS_0/v_axi4s_vid_out_0/inst/COUPLER_INST/generate_async_fifo.FIFO_INST/XPM_FIFO_ASYNC_INST/gnuram_async_fifo.xpm_fifo_base_inst/gen_cdc_pntr.rd_pntr_cdc_inst/src_gray_ff_reg[4]} {design_1_i/PS_0/v_axi4s_vid_out_0/inst/COUPLER_INST/generate_async_fifo.FIFO_INST/XPM_FIFO_ASYNC_INST/gnuram_async_fifo.xpm_fifo_base_inst/gen_cdc_pntr.rd_pntr_cdc_inst/src_gray_ff_reg[5]} {design_1_i/PS_0/v_axi4s_vid_out_0/inst/COUPLER_INST/generate_async_fifo.FIFO_INST/XPM_FIFO_ASYNC_INST/gnuram_async_fifo.xpm_fifo_base_inst/gen_cdc_pntr.rd_pntr_cdc_inst/src_gray_ff_reg[6]} {design_1_i/PS_0/v_axi4s_vid_out_0/inst/COUPLER_INST/generate_async_fifo.FIFO_INST/XPM_FIFO_ASYNC_INST/gnuram_async_fifo.xpm_fifo_base_inst/gen_cdc_pntr.rd_pntr_cdc_inst/src_gray_ff_reg[7]} {design_1_i/PS_0/v_axi4s_vid_out_0/inst/COUPLER_INST/generate_async_fifo.FIFO_INST/XPM_FIFO_ASYNC_INST/gnuram_async_fifo.xpm_fifo_base_inst/gen_cdc_pntr.rd_pntr_cdc_inst/src_gray_ff_reg[8]} {design_1_i/PS_0/v_axi4s_vid_out_0/inst/COUPLER_INST/generate_async_fifo.FIFO_INST/XPM_FIFO_ASYNC_INST/gnuram_async_fifo.xpm_fifo_base_inst/gen_cdc_pntr.rd_pntr_cdc_inst/src_gray_ff_reg[9]}]] -to [get_cells [list {design_1_i/PS_0/v_axi4s_vid_out_0/inst/COUPLER_INST/generate_async_fifo.FIFO_INST/XPM_FIFO_ASYNC_INST/gnuram_async_fifo.xpm_fifo_base_inst/gen_cdc_pntr.rd_pntr_cdc_inst/dest_graysync_ff_reg[0][0]} {design_1_i/PS_0/v_axi4s_vid_out_0/inst/COUPLER_INST/generate_async_fifo.FIFO_INST/XPM_FIFO_ASYNC_INST/gnuram_async_fifo.xpm_fifo_base_inst/gen_cdc_pntr.rd_pntr_cdc_inst/dest_graysync_ff_reg[0][1]} {design_1_i/PS_0/v_axi4s_vid_out_0/inst/COUPLER_INST/generate_async_fifo.FIFO_INST/XPM_FIFO_ASYNC_INST/gnuram_async_fifo.xpm_fifo_base_inst/gen_cdc_pntr.rd_pntr_cdc_inst/dest_graysync_ff_reg[0][2]} {design_1_i/PS_0/v_axi4s_vid_out_0/inst/COUPLER_INST/generate_async_fifo.FIFO_INST/XPM_FIFO_ASYNC_INST/gnuram_async_fifo.xpm_fifo_base_inst/gen_cdc_pntr.rd_pntr_cdc_inst/dest_graysync_ff_reg[0][3]} {design_1_i/PS_0/v_axi4s_vid_out_0/inst/COUPLER_INST/generate_async_fifo.FIFO_INST/XPM_FIFO_ASYNC_INST/gnuram_async_fifo.xpm_fifo_base_inst/gen_cdc_pntr.rd_pntr_cdc_inst/dest_graysync_ff_reg[0][4]} {design_1_i/PS_0/v_axi4s_vid_out_0/inst/COUPLER_INST/generate_async_fifo.FIFO_INST/XPM_FIFO_ASYNC_INST/gnuram_async_fifo.xpm_fifo_base_inst/gen_cdc_pntr.rd_pntr_cdc_inst/dest_graysync_ff_reg[0][5]} {design_1_i/PS_0/v_axi4s_vid_out_0/inst/COUPLER_INST/generate_async_fifo.FIFO_INST/XPM_FIFO_ASYNC_INST/gnuram_async_fifo.xpm_fifo_base_inst/gen_cdc_pntr.rd_pntr_cdc_inst/dest_graysync_ff_reg[0][6]} {design_1_i/PS_0/v_axi4s_vid_out_0/inst/COUPLER_INST/generate_async_fifo.FIFO_INST/XPM_FIFO_ASYNC_INST/gnuram_async_fifo.xpm_fifo_base_inst/gen_cdc_pntr.rd_pntr_cdc_inst/dest_graysync_ff_reg[0][7]} {design_1_i/PS_0/v_axi4s_vid_out_0/inst/COUPLER_INST/generate_async_fifo.FIFO_INST/XPM_FIFO_ASYNC_INST/gnuram_async_fifo.xpm_fifo_base_inst/gen_cdc_pntr.rd_pntr_cdc_inst/dest_graysync_ff_reg[0][8]} {design_1_i/PS_0/v_axi4s_vid_out_0/inst/COUPLER_INST/generate_async_fifo.FIFO_INST/XPM_FIFO_ASYNC_INST/gnuram_async_fifo.xpm_fifo_base_inst/gen_cdc_pntr.rd_pntr_cdc_inst/dest_graysync_ff_reg[0][9]}]] 4.000
Requirement: 4.000ns
Endpoints: 10

From Clock            To Clock              Endpoint Pin                    Reference Pin                   Corner  Actual(ns)  Slack(ns)
--------------------  --------------------  ------------------------------  ------------------------------  ------  ----------  ---------
clk_out1_design_1_clk_wiz_0_0
                      clk_pl_0              design_1_i/PS_0/v_axi4s_vid_out_0/inst/COUPLER_INST/generate_async_fifo.FIFO_INST/XPM_FIFO_ASYNC_INST/gnuram_async_fifo.xpm_fifo_base_inst/gen_cdc_pntr.rd_pntr_cdc_inst/dest_graysync_ff_reg[0][1]/D
                                                                            design_1_i/PS_0/v_axi4s_vid_out_0/inst/COUPLER_INST/generate_async_fifo.FIFO_INST/XPM_FIFO_ASYNC_INST/gnuram_async_fifo.xpm_fifo_base_inst/gen_cdc_pntr.rd_pntr_cdc_inst/dest_graysync_ff_reg[0][5]/D
                                                                                                            Slow         0.127      3.873


Slack (MET) :             3.873ns  (requirement - actual skew)
  Endpoint Source:        design_1_i/PS_0/v_axi4s_vid_out_0/inst/COUPLER_INST/generate_async_fifo.FIFO_INST/XPM_FIFO_ASYNC_INST/gnuram_async_fifo.xpm_fifo_base_inst/gen_cdc_pntr.rd_pntr_cdc_inst/src_gray_ff_reg[1]/C
                            (rising edge-triggered cell FDRE clocked by clk_out1_design_1_clk_wiz_0_0)
  Endpoint Destination:   design_1_i/PS_0/v_axi4s_vid_out_0/inst/COUPLER_INST/generate_async_fifo.FIFO_INST/XPM_FIFO_ASYNC_INST/gnuram_async_fifo.xpm_fifo_base_inst/gen_cdc_pntr.rd_pntr_cdc_inst/dest_graysync_ff_reg[0][1]/D
                            (rising edge-triggered cell FDRE clocked by clk_pl_0)
  Reference Source:       design_1_i/PS_0/v_axi4s_vid_out_0/inst/COUPLER_INST/generate_async_fifo.FIFO_INST/XPM_FIFO_ASYNC_INST/gnuram_async_fifo.xpm_fifo_base_inst/gen_cdc_pntr.rd_pntr_cdc_inst/src_gray_ff_reg[5]/C
                            (rising edge-triggered cell FDRE clocked by clk_out1_design_1_clk_wiz_0_0)
  Reference Destination:  design_1_i/PS_0/v_axi4s_vid_out_0/inst/COUPLER_INST/generate_async_fifo.FIFO_INST/XPM_FIFO_ASYNC_INST/gnuram_async_fifo.xpm_fifo_base_inst/gen_cdc_pntr.rd_pntr_cdc_inst/dest_graysync_ff_reg[0][5]/D
                            (rising edge-triggered cell FDRE clocked by clk_pl_0)
  Path Type:              Bus Skew (Max at Slow Process Corner)
  Requirement:            4.000ns
  Endpoint Relative Delay:    3.609ns
  Reference Relative Delay:   3.482ns
  Relative CRPR:              0.000ns
  Actual Bus Skew:            0.127ns  (Endpoint Relative Delay - Reference Relative Delay - Relative CRPR)

Endpoint path:
    Location             Delay type                Incr(ns)  Path(ns)    Netlist Resource(s)
  -------------------------------------------------------------------    -------------------
                         (clock clk_out1_design_1_clk_wiz_0_0 rise edge)
                                                      0.000     0.000 r  
    PS8_X0Y0             PS8                          0.000     0.000 r  design_1_i/PS_0/zynq_ultra_ps_e_0/inst/PS8_i/PLCLK[0]
                         net (fo=1, routed)           0.229     0.229    design_1_i/PS_0/zynq_ultra_ps_e_0/inst/pl_clk_unbuffered[0]
    BUFG_PS_X0Y94        BUFG_PS (Prop_BUFG_PS_I_O)
                                                      0.038     0.267 r  design_1_i/PS_0/zynq_ultra_ps_e_0/inst/buffer_pl_clk_0.PL_CLK_0_BUFG/O
                         net (fo=25885, routed)       2.496     2.763    design_1_i/PS_0/clk_wiz_0/inst/clk_in1
    MMCM_X0Y3            MMCME4_ADV (Prop_MMCM_CLKIN1_CLKOUT0)
                                                     -0.103     2.660 r  design_1_i/PS_0/clk_wiz_0/inst/mmcme4_adv_inst/CLKOUT0
                         net (fo=1, routed)           0.348     3.008    design_1_i/PS_0/clk_wiz_0/inst/clk_out1_design_1_clk_wiz_0_0
    BUFGCE_X0Y76         BUFGCE (Prop_BUFCE_BUFGCE_I_O)
                                                      0.044     3.052 r  design_1_i/PS_0/clk_wiz_0/inst/clkout1_buf/O
    X0Y1 (CLOCK_ROOT)    net (fo=2861, routed)        2.881     5.933    design_1_i/PS_0/v_axi4s_vid_out_0/inst/COUPLER_INST/generate_async_fifo.FIFO_INST/XPM_FIFO_ASYNC_INST/gnuram_async_fifo.xpm_fifo_base_inst/gen_cdc_pntr.rd_pntr_cdc_inst/src_clk
    SLICE_X28Y120        FDRE                                         r  design_1_i/PS_0/v_axi4s_vid_out_0/inst/COUPLER_INST/generate_async_fifo.FIFO_INST/XPM_FIFO_ASYNC_INST/gnuram_async_fifo.xpm_fifo_base_inst/gen_cdc_pntr.rd_pntr_cdc_inst/src_gray_ff_reg[1]/C
  -------------------------------------------------------------------    -------------------
    SLICE_X28Y120        FDRE (Prop_HFF2_SLICEM_C_Q)
                                                      0.114     6.047 r  design_1_i/PS_0/v_axi4s_vid_out_0/inst/COUPLER_INST/generate_async_fifo.FIFO_INST/XPM_FIFO_ASYNC_INST/gnuram_async_fifo.xpm_fifo_base_inst/gen_cdc_pntr.rd_pntr_cdc_inst/src_gray_ff_reg[1]/Q
                         net (fo=1, routed)           0.415     6.462    design_1_i/PS_0/v_axi4s_vid_out_0/inst/COUPLER_INST/generate_async_fifo.FIFO_INST/XPM_FIFO_ASYNC_INST/gnuram_async_fifo.xpm_fifo_base_inst/gen_cdc_pntr.rd_pntr_cdc_inst/async_path[1]
    SLICE_X28Y119        FDRE                                         r  design_1_i/PS_0/v_axi4s_vid_out_0/inst/COUPLER_INST/generate_async_fifo.FIFO_INST/XPM_FIFO_ASYNC_INST/gnuram_async_fifo.xpm_fifo_base_inst/gen_cdc_pntr.rd_pntr_cdc_inst/dest_graysync_ff_reg[0][1]/D
  -------------------------------------------------------------------    -------------------

                         (clock clk_pl_0 rise edge)
                                                      0.000     0.000 r  
    PS8_X0Y0             PS8                          0.000     0.000 r  design_1_i/PS_0/zynq_ultra_ps_e_0/inst/PS8_i/PLCLK[0]
                         net (fo=1, routed)           0.181     0.181    design_1_i/PS_0/zynq_ultra_ps_e_0/inst/pl_clk_unbuffered[0]
    BUFG_PS_X0Y94        BUFG_PS (Prop_BUFG_PS_I_O)
                                                      0.035     0.216 r  design_1_i/PS_0/zynq_ultra_ps_e_0/inst/buffer_pl_clk_0.PL_CLK_0_BUFG/O
    X0Y1 (CLOCK_ROOT)    net (fo=25885, routed)       2.434     2.650    design_1_i/PS_0/v_axi4s_vid_out_0/inst/COUPLER_INST/generate_async_fifo.FIFO_INST/XPM_FIFO_ASYNC_INST/gnuram_async_fifo.xpm_fifo_base_inst/gen_cdc_pntr.rd_pntr_cdc_inst/dest_clk
    SLICE_X28Y119        FDRE                                         r  design_1_i/PS_0/v_axi4s_vid_out_0/inst/COUPLER_INST/generate_async_fifo.FIFO_INST/XPM_FIFO_ASYNC_INST/gnuram_async_fifo.xpm_fifo_base_inst/gen_cdc_pntr.rd_pntr_cdc_inst/dest_graysync_ff_reg[0][1]/C
                         clock pessimism              0.157     2.807    
    SLICE_X28Y119        FDRE (Setup_HFF2_SLICEM_C_D)
                                                      0.046     2.853    design_1_i/PS_0/v_axi4s_vid_out_0/inst/COUPLER_INST/generate_async_fifo.FIFO_INST/XPM_FIFO_ASYNC_INST/gnuram_async_fifo.xpm_fifo_base_inst/gen_cdc_pntr.rd_pntr_cdc_inst/dest_graysync_ff_reg[0][1]
  -------------------------------------------------------------------
                         data arrival                           6.462    
                         clock arrival                          2.853    
  -------------------------------------------------------------------
                         relative delay                         3.609    

Reference path:
    Location             Delay type                Incr(ns)  Path(ns)    Netlist Resource(s)
  -------------------------------------------------------------------    -------------------
                         (clock clk_out1_design_1_clk_wiz_0_0 rise edge)
                                                      0.000     0.000 r  
    PS8_X0Y0             PS8                          0.000     0.000 r  design_1_i/PS_0/zynq_ultra_ps_e_0/inst/PS8_i/PLCLK[0]
                         net (fo=1, routed)           0.181     0.181    design_1_i/PS_0/zynq_ultra_ps_e_0/inst/pl_clk_unbuffered[0]
    BUFG_PS_X0Y94        BUFG_PS (Prop_BUFG_PS_I_O)
                                                      0.035     0.216 r  design_1_i/PS_0/zynq_ultra_ps_e_0/inst/buffer_pl_clk_0.PL_CLK_0_BUFG/O
                         net (fo=25885, routed)       2.282     2.498    design_1_i/PS_0/clk_wiz_0/inst/clk_in1
    MMCM_X0Y3            MMCME4_ADV (Prop_MMCM_CLKIN1_CLKOUT0)
                                                      0.739     3.237 r  design_1_i/PS_0/clk_wiz_0/inst/mmcme4_adv_inst/CLKOUT0
                         net (fo=1, routed)           0.307     3.544    design_1_i/PS_0/clk_wiz_0/inst/clk_out1_design_1_clk_wiz_0_0
    BUFGCE_X0Y76         BUFGCE (Prop_BUFCE_BUFGCE_I_O)
                                                      0.039     3.583 r  design_1_i/PS_0/clk_wiz_0/inst/clkout1_buf/O
    X0Y1 (CLOCK_ROOT)    net (fo=2861, routed)        2.612     6.195    design_1_i/PS_0/v_axi4s_vid_out_0/inst/COUPLER_INST/generate_async_fifo.FIFO_INST/XPM_FIFO_ASYNC_INST/gnuram_async_fifo.xpm_fifo_base_inst/gen_cdc_pntr.rd_pntr_cdc_inst/src_clk
    SLICE_X29Y122        FDRE                                         r  design_1_i/PS_0/v_axi4s_vid_out_0/inst/COUPLER_INST/generate_async_fifo.FIFO_INST/XPM_FIFO_ASYNC_INST/gnuram_async_fifo.xpm_fifo_base_inst/gen_cdc_pntr.rd_pntr_cdc_inst/src_gray_ff_reg[5]/C
  -------------------------------------------------------------------    -------------------
    SLICE_X29Y122        FDRE (Prop_HFF_SLICEM_C_Q)
                                                      0.112     6.307 r  design_1_i/PS_0/v_axi4s_vid_out_0/inst/COUPLER_INST/generate_async_fifo.FIFO_INST/XPM_FIFO_ASYNC_INST/gnuram_async_fifo.xpm_fifo_base_inst/gen_cdc_pntr.rd_pntr_cdc_inst/src_gray_ff_reg[5]/Q
                         net (fo=1, routed)           0.133     6.440    design_1_i/PS_0/v_axi4s_vid_out_0/inst/COUPLER_INST/generate_async_fifo.FIFO_INST/XPM_FIFO_ASYNC_INST/gnuram_async_fifo.xpm_fifo_base_inst/gen_cdc_pntr.rd_pntr_cdc_inst/async_path[5]
    SLICE_X30Y122        FDRE                                         r  design_1_i/PS_0/v_axi4s_vid_out_0/inst/COUPLER_INST/generate_async_fifo.FIFO_INST/XPM_FIFO_ASYNC_INST/gnuram_async_fifo.xpm_fifo_base_inst/gen_cdc_pntr.rd_pntr_cdc_inst/dest_graysync_ff_reg[0][5]/D
  -------------------------------------------------------------------    -------------------

                         (clock clk_pl_0 rise edge)
                                                      0.000     0.000 r  
    PS8_X0Y0             PS8                          0.000     0.000 r  design_1_i/PS_0/zynq_ultra_ps_e_0/inst/PS8_i/PLCLK[0]
                         net (fo=1, routed)           0.229     0.229    design_1_i/PS_0/zynq_ultra_ps_e_0/inst/pl_clk_unbuffered[0]
    BUFG_PS_X0Y94        BUFG_PS (Prop_BUFG_PS_I_O)
                                                      0.038     0.267 r  design_1_i/PS_0/zynq_ultra_ps_e_0/inst/buffer_pl_clk_0.PL_CLK_0_BUFG/O
    X0Y1 (CLOCK_ROOT)    net (fo=25885, routed)       2.752     3.019    design_1_i/PS_0/v_axi4s_vid_out_0/inst/COUPLER_INST/generate_async_fifo.FIFO_INST/XPM_FIFO_ASYNC_INST/gnuram_async_fifo.xpm_fifo_base_inst/gen_cdc_pntr.rd_pntr_cdc_inst/dest_clk
    SLICE_X30Y122        FDRE                                         r  design_1_i/PS_0/v_axi4s_vid_out_0/inst/COUPLER_INST/generate_async_fifo.FIFO_INST/XPM_FIFO_ASYNC_INST/gnuram_async_fifo.xpm_fifo_base_inst/gen_cdc_pntr.rd_pntr_cdc_inst/dest_graysync_ff_reg[0][5]/C
                         clock pessimism             -0.163     2.856    
    SLICE_X30Y122        FDRE (Hold_DFF2_SLICEL_C_D)
                                                      0.102     2.958    design_1_i/PS_0/v_axi4s_vid_out_0/inst/COUPLER_INST/generate_async_fifo.FIFO_INST/XPM_FIFO_ASYNC_INST/gnuram_async_fifo.xpm_fifo_base_inst/gen_cdc_pntr.rd_pntr_cdc_inst/dest_graysync_ff_reg[0][5]
  -------------------------------------------------------------------
                         data arrival                           6.440    
                         clock arrival                          2.958    
  -------------------------------------------------------------------
                         relative delay                         3.482    



Id: 4
set_bus_skew -from [get_cells [list {design_1_i/PS_0/v_axi4s_vid_out_0/inst/COUPLER_INST/generate_async_fifo.FIFO_INST/XPM_FIFO_ASYNC_INST/gnuram_async_fifo.xpm_fifo_base_inst/gen_cdc_pntr.wr_pntr_cdc_inst/src_gray_ff_reg[0]} {design_1_i/PS_0/v_axi4s_vid_out_0/inst/COUPLER_INST/generate_async_fifo.FIFO_INST/XPM_FIFO_ASYNC_INST/gnuram_async_fifo.xpm_fifo_base_inst/gen_cdc_pntr.wr_pntr_cdc_inst/src_gray_ff_reg[1]} {design_1_i/PS_0/v_axi4s_vid_out_0/inst/COUPLER_INST/generate_async_fifo.FIFO_INST/XPM_FIFO_ASYNC_INST/gnuram_async_fifo.xpm_fifo_base_inst/gen_cdc_pntr.wr_pntr_cdc_inst/src_gray_ff_reg[2]} {design_1_i/PS_0/v_axi4s_vid_out_0/inst/COUPLER_INST/generate_async_fifo.FIFO_INST/XPM_FIFO_ASYNC_INST/gnuram_async_fifo.xpm_fifo_base_inst/gen_cdc_pntr.wr_pntr_cdc_inst/src_gray_ff_reg[3]} {design_1_i/PS_0/v_axi4s_vid_out_0/inst/COUPLER_INST/generate_async_fifo.FIFO_INST/XPM_FIFO_ASYNC_INST/gnuram_async_fifo.xpm_fifo_base_inst/gen_cdc_pntr.wr_pntr_cdc_inst/src_gray_ff_reg[4]} {design_1_i/PS_0/v_axi4s_vid_out_0/inst/COUPLER_INST/generate_async_fifo.FIFO_INST/XPM_FIFO_ASYNC_INST/gnuram_async_fifo.xpm_fifo_base_inst/gen_cdc_pntr.wr_pntr_cdc_inst/src_gray_ff_reg[5]} {design_1_i/PS_0/v_axi4s_vid_out_0/inst/COUPLER_INST/generate_async_fifo.FIFO_INST/XPM_FIFO_ASYNC_INST/gnuram_async_fifo.xpm_fifo_base_inst/gen_cdc_pntr.wr_pntr_cdc_inst/src_gray_ff_reg[6]} {design_1_i/PS_0/v_axi4s_vid_out_0/inst/COUPLER_INST/generate_async_fifo.FIFO_INST/XPM_FIFO_ASYNC_INST/gnuram_async_fifo.xpm_fifo_base_inst/gen_cdc_pntr.wr_pntr_cdc_inst/src_gray_ff_reg[7]} {design_1_i/PS_0/v_axi4s_vid_out_0/inst/COUPLER_INST/generate_async_fifo.FIFO_INST/XPM_FIFO_ASYNC_INST/gnuram_async_fifo.xpm_fifo_base_inst/gen_cdc_pntr.wr_pntr_cdc_inst/src_gray_ff_reg[8]} {design_1_i/PS_0/v_axi4s_vid_out_0/inst/COUPLER_INST/generate_async_fifo.FIFO_INST/XPM_FIFO_ASYNC_INST/gnuram_async_fifo.xpm_fifo_base_inst/gen_cdc_pntr.wr_pntr_cdc_inst/src_gray_ff_reg[9]}]] -to [get_cells [list {design_1_i/PS_0/v_axi4s_vid_out_0/inst/COUPLER_INST/generate_async_fifo.FIFO_INST/XPM_FIFO_ASYNC_INST/gnuram_async_fifo.xpm_fifo_base_inst/gen_cdc_pntr.wr_pntr_cdc_inst/dest_graysync_ff_reg[0][0]} {design_1_i/PS_0/v_axi4s_vid_out_0/inst/COUPLER_INST/generate_async_fifo.FIFO_INST/XPM_FIFO_ASYNC_INST/gnuram_async_fifo.xpm_fifo_base_inst/gen_cdc_pntr.wr_pntr_cdc_inst/dest_graysync_ff_reg[0][1]} {design_1_i/PS_0/v_axi4s_vid_out_0/inst/COUPLER_INST/generate_async_fifo.FIFO_INST/XPM_FIFO_ASYNC_INST/gnuram_async_fifo.xpm_fifo_base_inst/gen_cdc_pntr.wr_pntr_cdc_inst/dest_graysync_ff_reg[0][2]} {design_1_i/PS_0/v_axi4s_vid_out_0/inst/COUPLER_INST/generate_async_fifo.FIFO_INST/XPM_FIFO_ASYNC_INST/gnuram_async_fifo.xpm_fifo_base_inst/gen_cdc_pntr.wr_pntr_cdc_inst/dest_graysync_ff_reg[0][3]} {design_1_i/PS_0/v_axi4s_vid_out_0/inst/COUPLER_INST/generate_async_fifo.FIFO_INST/XPM_FIFO_ASYNC_INST/gnuram_async_fifo.xpm_fifo_base_inst/gen_cdc_pntr.wr_pntr_cdc_inst/dest_graysync_ff_reg[0][4]} {design_1_i/PS_0/v_axi4s_vid_out_0/inst/COUPLER_INST/generate_async_fifo.FIFO_INST/XPM_FIFO_ASYNC_INST/gnuram_async_fifo.xpm_fifo_base_inst/gen_cdc_pntr.wr_pntr_cdc_inst/dest_graysync_ff_reg[0][5]} {design_1_i/PS_0/v_axi4s_vid_out_0/inst/COUPLER_INST/generate_async_fifo.FIFO_INST/XPM_FIFO_ASYNC_INST/gnuram_async_fifo.xpm_fifo_base_inst/gen_cdc_pntr.wr_pntr_cdc_inst/dest_graysync_ff_reg[0][6]} {design_1_i/PS_0/v_axi4s_vid_out_0/inst/COUPLER_INST/generate_async_fifo.FIFO_INST/XPM_FIFO_ASYNC_INST/gnuram_async_fifo.xpm_fifo_base_inst/gen_cdc_pntr.wr_pntr_cdc_inst/dest_graysync_ff_reg[0][7]} {design_1_i/PS_0/v_axi4s_vid_out_0/inst/COUPLER_INST/generate_async_fifo.FIFO_INST/XPM_FIFO_ASYNC_INST/gnuram_async_fifo.xpm_fifo_base_inst/gen_cdc_pntr.wr_pntr_cdc_inst/dest_graysync_ff_reg[0][8]} {design_1_i/PS_0/v_axi4s_vid_out_0/inst/COUPLER_INST/generate_async_fifo.FIFO_INST/XPM_FIFO_ASYNC_INST/gnuram_async_fifo.xpm_fifo_base_inst/gen_cdc_pntr.wr_pntr_cdc_inst/dest_graysync_ff_reg[0][9]}]] 4.000
Requirement: 4.000ns
Endpoints: 10

From Clock            To Clock              Endpoint Pin                    Reference Pin                   Corner  Actual(ns)  Slack(ns)
--------------------  --------------------  ------------------------------  ------------------------------  ------  ----------  ---------
clk_pl_0              clk_out1_design_1_clk_wiz_0_0
                                            design_1_i/PS_0/v_axi4s_vid_out_0/inst/COUPLER_INST/generate_async_fifo.FIFO_INST/XPM_FIFO_ASYNC_INST/gnuram_async_fifo.xpm_fifo_base_inst/gen_cdc_pntr.wr_pntr_cdc_inst/dest_graysync_ff_reg[0][1]/D
                                                                            design_1_i/PS_0/v_axi4s_vid_out_0/inst/COUPLER_INST/generate_async_fifo.FIFO_INST/XPM_FIFO_ASYNC_INST/gnuram_async_fifo.xpm_fifo_base_inst/gen_cdc_pntr.wr_pntr_cdc_inst/dest_graysync_ff_reg[0][0]/D
                                                                                                            Slow         0.389      3.611


Slack (MET) :             3.611ns  (requirement - actual skew)
  Endpoint Source:        design_1_i/PS_0/v_axi4s_vid_out_0/inst/COUPLER_INST/generate_async_fifo.FIFO_INST/XPM_FIFO_ASYNC_INST/gnuram_async_fifo.xpm_fifo_base_inst/gen_cdc_pntr.wr_pntr_cdc_inst/src_gray_ff_reg[1]/C
                            (rising edge-triggered cell FDRE clocked by clk_pl_0)
  Endpoint Destination:   design_1_i/PS_0/v_axi4s_vid_out_0/inst/COUPLER_INST/generate_async_fifo.FIFO_INST/XPM_FIFO_ASYNC_INST/gnuram_async_fifo.xpm_fifo_base_inst/gen_cdc_pntr.wr_pntr_cdc_inst/dest_graysync_ff_reg[0][1]/D
                            (rising edge-triggered cell FDRE clocked by clk_out1_design_1_clk_wiz_0_0)
  Reference Source:       design_1_i/PS_0/v_axi4s_vid_out_0/inst/COUPLER_INST/generate_async_fifo.FIFO_INST/XPM_FIFO_ASYNC_INST/gnuram_async_fifo.xpm_fifo_base_inst/gen_cdc_pntr.wr_pntr_cdc_inst/src_gray_ff_reg[0]/C
                            (rising edge-triggered cell FDRE clocked by clk_pl_0)
  Reference Destination:  design_1_i/PS_0/v_axi4s_vid_out_0/inst/COUPLER_INST/generate_async_fifo.FIFO_INST/XPM_FIFO_ASYNC_INST/gnuram_async_fifo.xpm_fifo_base_inst/gen_cdc_pntr.wr_pntr_cdc_inst/dest_graysync_ff_reg[0][0]/D
                            (rising edge-triggered cell FDRE clocked by clk_out1_design_1_clk_wiz_0_0)
  Path Type:              Bus Skew (Max at Slow Process Corner)
  Requirement:            4.000ns
  Endpoint Relative Delay:   -2.532ns
  Reference Relative Delay:  -2.921ns
  Relative CRPR:              0.000ns
  Actual Bus Skew:            0.389ns  (Endpoint Relative Delay - Reference Relative Delay - Relative CRPR)

Endpoint path:
    Location             Delay type                Incr(ns)  Path(ns)    Netlist Resource(s)
  -------------------------------------------------------------------    -------------------
                         (clock clk_pl_0 rise edge)
                                                      0.000     0.000 r  
    PS8_X0Y0             PS8                          0.000     0.000 r  design_1_i/PS_0/zynq_ultra_ps_e_0/inst/PS8_i/PLCLK[0]
                         net (fo=1, routed)           0.229     0.229    design_1_i/PS_0/zynq_ultra_ps_e_0/inst/pl_clk_unbuffered[0]
    BUFG_PS_X0Y94        BUFG_PS (Prop_BUFG_PS_I_O)
                                                      0.038     0.267 r  design_1_i/PS_0/zynq_ultra_ps_e_0/inst/buffer_pl_clk_0.PL_CLK_0_BUFG/O
    X0Y1 (CLOCK_ROOT)    net (fo=25885, routed)       2.733     3.000    design_1_i/PS_0/v_axi4s_vid_out_0/inst/COUPLER_INST/generate_async_fifo.FIFO_INST/XPM_FIFO_ASYNC_INST/gnuram_async_fifo.xpm_fifo_base_inst/gen_cdc_pntr.wr_pntr_cdc_inst/src_clk
    SLICE_X26Y123        FDRE                                         r  design_1_i/PS_0/v_axi4s_vid_out_0/inst/COUPLER_INST/generate_async_fifo.FIFO_INST/XPM_FIFO_ASYNC_INST/gnuram_async_fifo.xpm_fifo_base_inst/gen_cdc_pntr.wr_pntr_cdc_inst/src_gray_ff_reg[1]/C
  -------------------------------------------------------------------    -------------------
    SLICE_X26Y123        FDRE (Prop_DFF_SLICEL_C_Q)
                                                      0.114     3.114 r  design_1_i/PS_0/v_axi4s_vid_out_0/inst/COUPLER_INST/generate_async_fifo.FIFO_INST/XPM_FIFO_ASYNC_INST/gnuram_async_fifo.xpm_fifo_base_inst/gen_cdc_pntr.wr_pntr_cdc_inst/src_gray_ff_reg[1]/Q
                         net (fo=1, routed)           0.697     3.811    design_1_i/PS_0/v_axi4s_vid_out_0/inst/COUPLER_INST/generate_async_fifo.FIFO_INST/XPM_FIFO_ASYNC_INST/gnuram_async_fifo.xpm_fifo_base_inst/gen_cdc_pntr.wr_pntr_cdc_inst/async_path[1]
    SLICE_X27Y119        FDRE                                         r  design_1_i/PS_0/v_axi4s_vid_out_0/inst/COUPLER_INST/generate_async_fifo.FIFO_INST/XPM_FIFO_ASYNC_INST/gnuram_async_fifo.xpm_fifo_base_inst/gen_cdc_pntr.wr_pntr_cdc_inst/dest_graysync_ff_reg[0][1]/D
  -------------------------------------------------------------------    -------------------

                         (clock clk_out1_design_1_clk_wiz_0_0 rise edge)
                                                      0.000     0.000 r  
    PS8_X0Y0             PS8                          0.000     0.000 r  design_1_i/PS_0/zynq_ultra_ps_e_0/inst/PS8_i/PLCLK[0]
                         net (fo=1, routed)           0.181     0.181    design_1_i/PS_0/zynq_ultra_ps_e_0/inst/pl_clk_unbuffered[0]
    BUFG_PS_X0Y94        BUFG_PS (Prop_BUFG_PS_I_O)
                                                      0.035     0.216 r  design_1_i/PS_0/zynq_ultra_ps_e_0/inst/buffer_pl_clk_0.PL_CLK_0_BUFG/O
                         net (fo=25885, routed)       2.282     2.498    design_1_i/PS_0/clk_wiz_0/inst/clk_in1
    MMCM_X0Y3            MMCME4_ADV (Prop_MMCM_CLKIN1_CLKOUT0)
                                                      0.739     3.237 r  design_1_i/PS_0/clk_wiz_0/inst/mmcme4_adv_inst/CLKOUT0
                         net (fo=1, routed)           0.307     3.544    design_1_i/PS_0/clk_wiz_0/inst/clk_out1_design_1_clk_wiz_0_0
    BUFGCE_X0Y76         BUFGCE (Prop_BUFCE_BUFGCE_I_O)
                                                      0.039     3.583 r  design_1_i/PS_0/clk_wiz_0/inst/clkout1_buf/O
    X0Y1 (CLOCK_ROOT)    net (fo=2861, routed)        2.551     6.134    design_1_i/PS_0/v_axi4s_vid_out_0/inst/COUPLER_INST/generate_async_fifo.FIFO_INST/XPM_FIFO_ASYNC_INST/gnuram_async_fifo.xpm_fifo_base_inst/gen_cdc_pntr.wr_pntr_cdc_inst/dest_clk
    SLICE_X27Y119        FDRE                                         r  design_1_i/PS_0/v_axi4s_vid_out_0/inst/COUPLER_INST/generate_async_fifo.FIFO_INST/XPM_FIFO_ASYNC_INST/gnuram_async_fifo.xpm_fifo_base_inst/gen_cdc_pntr.wr_pntr_cdc_inst/dest_graysync_ff_reg[0][1]/C
                         clock pessimism              0.163     6.297    
    SLICE_X27Y119        FDRE (Setup_HFF2_SLICEL_C_D)
                                                      0.046     6.343    design_1_i/PS_0/v_axi4s_vid_out_0/inst/COUPLER_INST/generate_async_fifo.FIFO_INST/XPM_FIFO_ASYNC_INST/gnuram_async_fifo.xpm_fifo_base_inst/gen_cdc_pntr.wr_pntr_cdc_inst/dest_graysync_ff_reg[0][1]
  -------------------------------------------------------------------
                         data arrival                           3.811    
                         clock arrival                          6.343    
  -------------------------------------------------------------------
                         relative delay                        -2.532    

Reference path:
    Location             Delay type                Incr(ns)  Path(ns)    Netlist Resource(s)
  -------------------------------------------------------------------    -------------------
                         (clock clk_pl_0 rise edge)
                                                      0.000     0.000 r  
    PS8_X0Y0             PS8                          0.000     0.000 r  design_1_i/PS_0/zynq_ultra_ps_e_0/inst/PS8_i/PLCLK[0]
                         net (fo=1, routed)           0.181     0.181    design_1_i/PS_0/zynq_ultra_ps_e_0/inst/pl_clk_unbuffered[0]
    BUFG_PS_X0Y94        BUFG_PS (Prop_BUFG_PS_I_O)
                                                      0.035     0.216 r  design_1_i/PS_0/zynq_ultra_ps_e_0/inst/buffer_pl_clk_0.PL_CLK_0_BUFG/O
    X0Y1 (CLOCK_ROOT)    net (fo=25885, routed)       2.427     2.643    design_1_i/PS_0/v_axi4s_vid_out_0/inst/COUPLER_INST/generate_async_fifo.FIFO_INST/XPM_FIFO_ASYNC_INST/gnuram_async_fifo.xpm_fifo_base_inst/gen_cdc_pntr.wr_pntr_cdc_inst/src_clk
    SLICE_X27Y119        FDRE                                         r  design_1_i/PS_0/v_axi4s_vid_out_0/inst/COUPLER_INST/generate_async_fifo.FIFO_INST/XPM_FIFO_ASYNC_INST/gnuram_async_fifo.xpm_fifo_base_inst/gen_cdc_pntr.wr_pntr_cdc_inst/src_gray_ff_reg[0]/C
  -------------------------------------------------------------------    -------------------
    SLICE_X27Y119        FDRE (Prop_DFF_SLICEL_C_Q)
                                                      0.112     2.755 r  design_1_i/PS_0/v_axi4s_vid_out_0/inst/COUPLER_INST/generate_async_fifo.FIFO_INST/XPM_FIFO_ASYNC_INST/gnuram_async_fifo.xpm_fifo_base_inst/gen_cdc_pntr.wr_pntr_cdc_inst/src_gray_ff_reg[0]/Q
                         net (fo=1, routed)           0.206     2.961    design_1_i/PS_0/v_axi4s_vid_out_0/inst/COUPLER_INST/generate_async_fifo.FIFO_INST/XPM_FIFO_ASYNC_INST/gnuram_async_fifo.xpm_fifo_base_inst/gen_cdc_pntr.wr_pntr_cdc_inst/async_path[0]
    SLICE_X29Y120        FDRE                                         r  design_1_i/PS_0/v_axi4s_vid_out_0/inst/COUPLER_INST/generate_async_fifo.FIFO_INST/XPM_FIFO_ASYNC_INST/gnuram_async_fifo.xpm_fifo_base_inst/gen_cdc_pntr.wr_pntr_cdc_inst/dest_graysync_ff_reg[0][0]/D
  -------------------------------------------------------------------    -------------------

                         (clock clk_out1_design_1_clk_wiz_0_0 rise edge)
                                                      0.000     0.000 r  
    PS8_X0Y0             PS8                          0.000     0.000 r  design_1_i/PS_0/zynq_ultra_ps_e_0/inst/PS8_i/PLCLK[0]
                         net (fo=1, routed)           0.229     0.229    design_1_i/PS_0/zynq_ultra_ps_e_0/inst/pl_clk_unbuffered[0]
    BUFG_PS_X0Y94        BUFG_PS (Prop_BUFG_PS_I_O)
                                                      0.038     0.267 r  design_1_i/PS_0/zynq_ultra_ps_e_0/inst/buffer_pl_clk_0.PL_CLK_0_BUFG/O
                         net (fo=25885, routed)       2.496     2.763    design_1_i/PS_0/clk_wiz_0/inst/clk_in1
    MMCM_X0Y3            MMCME4_ADV (Prop_MMCM_CLKIN1_CLKOUT0)
                                                     -0.103     2.660 r  design_1_i/PS_0/clk_wiz_0/inst/mmcme4_adv_inst/CLKOUT0
                         net (fo=1, routed)           0.348     3.008    design_1_i/PS_0/clk_wiz_0/inst/clk_out1_design_1_clk_wiz_0_0
    BUFGCE_X0Y76         BUFGCE (Prop_BUFCE_BUFGCE_I_O)
                                                      0.044     3.052 r  design_1_i/PS_0/clk_wiz_0/inst/clkout1_buf/O
    X0Y1 (CLOCK_ROOT)    net (fo=2861, routed)        2.884     5.936    design_1_i/PS_0/v_axi4s_vid_out_0/inst/COUPLER_INST/generate_async_fifo.FIFO_INST/XPM_FIFO_ASYNC_INST/gnuram_async_fifo.xpm_fifo_base_inst/gen_cdc_pntr.wr_pntr_cdc_inst/dest_clk
    SLICE_X29Y120        FDRE                                         r  design_1_i/PS_0/v_axi4s_vid_out_0/inst/COUPLER_INST/generate_async_fifo.FIFO_INST/XPM_FIFO_ASYNC_INST/gnuram_async_fifo.xpm_fifo_base_inst/gen_cdc_pntr.wr_pntr_cdc_inst/dest_graysync_ff_reg[0][0]/C
                         clock pessimism             -0.157     5.779    
    SLICE_X29Y120        FDRE (Hold_HFF2_SLICEM_C_D)
                                                      0.103     5.882    design_1_i/PS_0/v_axi4s_vid_out_0/inst/COUPLER_INST/generate_async_fifo.FIFO_INST/XPM_FIFO_ASYNC_INST/gnuram_async_fifo.xpm_fifo_base_inst/gen_cdc_pntr.wr_pntr_cdc_inst/dest_graysync_ff_reg[0][0]
  -------------------------------------------------------------------
                         data arrival                           2.961    
                         clock arrival                          5.882    
  -------------------------------------------------------------------
                         relative delay                        -2.921    



Id: 5
set_bus_skew -from [get_cells [list {design_1_i/PS_0/v_axi4s_vid_out_0/inst/COUPLER_INST/generate_async_fifo.FIFO_INST/XPM_FIFO_ASYNC_INST/gnuram_async_fifo.xpm_fifo_base_inst/gen_cdc_pntr.wr_pntr_cdc_dc_inst/src_gray_ff_reg[0]} \
          {design_1_i/PS_0/v_axi4s_vid_out_0/inst/COUPLER_INST/generate_async_fifo.FIFO_INST/XPM_FIFO_ASYNC_INST/gnuram_async_fifo.xpm_fifo_base_inst/gen_cdc_pntr.wr_pntr_cdc_dc_inst/src_gray_ff_reg[10]} \
          {design_1_i/PS_0/v_axi4s_vid_out_0/inst/COUPLER_INST/generate_async_fifo.FIFO_INST/XPM_FIFO_ASYNC_INST/gnuram_async_fifo.xpm_fifo_base_inst/gen_cdc_pntr.wr_pntr_cdc_dc_inst/src_gray_ff_reg[1]} \
          {design_1_i/PS_0/v_axi4s_vid_out_0/inst/COUPLER_INST/generate_async_fifo.FIFO_INST/XPM_FIFO_ASYNC_INST/gnuram_async_fifo.xpm_fifo_base_inst/gen_cdc_pntr.wr_pntr_cdc_dc_inst/src_gray_ff_reg[2]} \
          {design_1_i/PS_0/v_axi4s_vid_out_0/inst/COUPLER_INST/generate_async_fifo.FIFO_INST/XPM_FIFO_ASYNC_INST/gnuram_async_fifo.xpm_fifo_base_inst/gen_cdc_pntr.wr_pntr_cdc_dc_inst/src_gray_ff_reg[3]} \
          {design_1_i/PS_0/v_axi4s_vid_out_0/inst/COUPLER_INST/generate_async_fifo.FIFO_INST/XPM_FIFO_ASYNC_INST/gnuram_async_fifo.xpm_fifo_base_inst/gen_cdc_pntr.wr_pntr_cdc_dc_inst/src_gray_ff_reg[4]} \
          {design_1_i/PS_0/v_axi4s_vid_out_0/inst/COUPLER_INST/generate_async_fifo.FIFO_INST/XPM_FIFO_ASYNC_INST/gnuram_async_fifo.xpm_fifo_base_inst/gen_cdc_pntr.wr_pntr_cdc_dc_inst/src_gray_ff_reg[5]} \
          {design_1_i/PS_0/v_axi4s_vid_out_0/inst/COUPLER_INST/generate_async_fifo.FIFO_INST/XPM_FIFO_ASYNC_INST/gnuram_async_fifo.xpm_fifo_base_inst/gen_cdc_pntr.wr_pntr_cdc_dc_inst/src_gray_ff_reg[6]} \
          {design_1_i/PS_0/v_axi4s_vid_out_0/inst/COUPLER_INST/generate_async_fifo.FIFO_INST/XPM_FIFO_ASYNC_INST/gnuram_async_fifo.xpm_fifo_base_inst/gen_cdc_pntr.wr_pntr_cdc_dc_inst/src_gray_ff_reg[7]} \
          {design_1_i/PS_0/v_axi4s_vid_out_0/inst/COUPLER_INST/generate_async_fifo.FIFO_INST/XPM_FIFO_ASYNC_INST/gnuram_async_fifo.xpm_fifo_base_inst/gen_cdc_pntr.wr_pntr_cdc_dc_inst/src_gray_ff_reg[8]} \
          {design_1_i/PS_0/v_axi4s_vid_out_0/inst/COUPLER_INST/generate_async_fifo.FIFO_INST/XPM_FIFO_ASYNC_INST/gnuram_async_fifo.xpm_fifo_base_inst/gen_cdc_pntr.wr_pntr_cdc_dc_inst/src_gray_ff_reg[9]}]] -to [get_cells [list {design_1_i/PS_0/v_axi4s_vid_out_0/inst/COUPLER_INST/generate_async_fifo.FIFO_INST/XPM_FIFO_ASYNC_INST/gnuram_async_fifo.xpm_fifo_base_inst/gen_cdc_pntr.wr_pntr_cdc_dc_inst/dest_graysync_ff_reg[0][0]} \
          {design_1_i/PS_0/v_axi4s_vid_out_0/inst/COUPLER_INST/generate_async_fifo.FIFO_INST/XPM_FIFO_ASYNC_INST/gnuram_async_fifo.xpm_fifo_base_inst/gen_cdc_pntr.wr_pntr_cdc_dc_inst/dest_graysync_ff_reg[0][10]} \
          {design_1_i/PS_0/v_axi4s_vid_out_0/inst/COUPLER_INST/generate_async_fifo.FIFO_INST/XPM_FIFO_ASYNC_INST/gnuram_async_fifo.xpm_fifo_base_inst/gen_cdc_pntr.wr_pntr_cdc_dc_inst/dest_graysync_ff_reg[0][1]} \
          {design_1_i/PS_0/v_axi4s_vid_out_0/inst/COUPLER_INST/generate_async_fifo.FIFO_INST/XPM_FIFO_ASYNC_INST/gnuram_async_fifo.xpm_fifo_base_inst/gen_cdc_pntr.wr_pntr_cdc_dc_inst/dest_graysync_ff_reg[0][2]} \
          {design_1_i/PS_0/v_axi4s_vid_out_0/inst/COUPLER_INST/generate_async_fifo.FIFO_INST/XPM_FIFO_ASYNC_INST/gnuram_async_fifo.xpm_fifo_base_inst/gen_cdc_pntr.wr_pntr_cdc_dc_inst/dest_graysync_ff_reg[0][3]} \
          {design_1_i/PS_0/v_axi4s_vid_out_0/inst/COUPLER_INST/generate_async_fifo.FIFO_INST/XPM_FIFO_ASYNC_INST/gnuram_async_fifo.xpm_fifo_base_inst/gen_cdc_pntr.wr_pntr_cdc_dc_inst/dest_graysync_ff_reg[0][4]} \
          {design_1_i/PS_0/v_axi4s_vid_out_0/inst/COUPLER_INST/generate_async_fifo.FIFO_INST/XPM_FIFO_ASYNC_INST/gnuram_async_fifo.xpm_fifo_base_inst/gen_cdc_pntr.wr_pntr_cdc_dc_inst/dest_graysync_ff_reg[0][5]} \
          {design_1_i/PS_0/v_axi4s_vid_out_0/inst/COUPLER_INST/generate_async_fifo.FIFO_INST/XPM_FIFO_ASYNC_INST/gnuram_async_fifo.xpm_fifo_base_inst/gen_cdc_pntr.wr_pntr_cdc_dc_inst/dest_graysync_ff_reg[0][6]} \
          {design_1_i/PS_0/v_axi4s_vid_out_0/inst/COUPLER_INST/generate_async_fifo.FIFO_INST/XPM_FIFO_ASYNC_INST/gnuram_async_fifo.xpm_fifo_base_inst/gen_cdc_pntr.wr_pntr_cdc_dc_inst/dest_graysync_ff_reg[0][7]} \
          {design_1_i/PS_0/v_axi4s_vid_out_0/inst/COUPLER_INST/generate_async_fifo.FIFO_INST/XPM_FIFO_ASYNC_INST/gnuram_async_fifo.xpm_fifo_base_inst/gen_cdc_pntr.wr_pntr_cdc_dc_inst/dest_graysync_ff_reg[0][8]} \
          {design_1_i/PS_0/v_axi4s_vid_out_0/inst/COUPLER_INST/generate_async_fifo.FIFO_INST/XPM_FIFO_ASYNC_INST/gnuram_async_fifo.xpm_fifo_base_inst/gen_cdc_pntr.wr_pntr_cdc_dc_inst/dest_graysync_ff_reg[0][9]}]] 4.000
Requirement: 4.000ns
Endpoints: 11

From Clock            To Clock              Endpoint Pin                    Reference Pin                   Corner  Actual(ns)  Slack(ns)
--------------------  --------------------  ------------------------------  ------------------------------  ------  ----------  ---------
clk_pl_0              clk_out1_design_1_clk_wiz_0_0
                                            design_1_i/PS_0/v_axi4s_vid_out_0/inst/COUPLER_INST/generate_async_fifo.FIFO_INST/XPM_FIFO_ASYNC_INST/gnuram_async_fifo.xpm_fifo_base_inst/gen_cdc_pntr.wr_pntr_cdc_dc_inst/dest_graysync_ff_reg[0][1]/D
                                                                            design_1_i/PS_0/v_axi4s_vid_out_0/inst/COUPLER_INST/generate_async_fifo.FIFO_INST/XPM_FIFO_ASYNC_INST/gnuram_async_fifo.xpm_fifo_base_inst/gen_cdc_pntr.wr_pntr_cdc_dc_inst/dest_graysync_ff_reg[0][6]/D
                                                                                                            Slow         0.046      3.954


Slack (MET) :             3.954ns  (requirement - actual skew)
  Endpoint Source:        design_1_i/PS_0/v_axi4s_vid_out_0/inst/COUPLER_INST/generate_async_fifo.FIFO_INST/XPM_FIFO_ASYNC_INST/gnuram_async_fifo.xpm_fifo_base_inst/gen_cdc_pntr.wr_pntr_cdc_dc_inst/src_gray_ff_reg[1]/C
                            (rising edge-triggered cell FDRE clocked by clk_pl_0)
  Endpoint Destination:   design_1_i/PS_0/v_axi4s_vid_out_0/inst/COUPLER_INST/generate_async_fifo.FIFO_INST/XPM_FIFO_ASYNC_INST/gnuram_async_fifo.xpm_fifo_base_inst/gen_cdc_pntr.wr_pntr_cdc_dc_inst/dest_graysync_ff_reg[0][1]/D
                            (rising edge-triggered cell FDRE clocked by clk_out1_design_1_clk_wiz_0_0)
  Reference Source:       design_1_i/PS_0/v_axi4s_vid_out_0/inst/COUPLER_INST/generate_async_fifo.FIFO_INST/XPM_FIFO_ASYNC_INST/gnuram_async_fifo.xpm_fifo_base_inst/gen_cdc_pntr.wr_pntr_cdc_dc_inst/src_gray_ff_reg[6]/C
                            (rising edge-triggered cell FDRE clocked by clk_pl_0)
  Reference Destination:  design_1_i/PS_0/v_axi4s_vid_out_0/inst/COUPLER_INST/generate_async_fifo.FIFO_INST/XPM_FIFO_ASYNC_INST/gnuram_async_fifo.xpm_fifo_base_inst/gen_cdc_pntr.wr_pntr_cdc_dc_inst/dest_graysync_ff_reg[0][6]/D
                            (rising edge-triggered cell FDRE clocked by clk_out1_design_1_clk_wiz_0_0)
  Path Type:              Bus Skew (Max at Slow Process Corner)
  Requirement:            4.000ns
  Endpoint Relative Delay:   -2.839ns
  Reference Relative Delay:  -2.939ns
  Relative CRPR:              0.054ns
  Actual Bus Skew:            0.046ns  (Endpoint Relative Delay - Reference Relative Delay - Relative CRPR)

Endpoint path:
    Location             Delay type                Incr(ns)  Path(ns)    Netlist Resource(s)
  -------------------------------------------------------------------    -------------------
                         (clock clk_pl_0 rise edge)
                                                      0.000     0.000 r  
    PS8_X0Y0             PS8                          0.000     0.000 r  design_1_i/PS_0/zynq_ultra_ps_e_0/inst/PS8_i/PLCLK[0]
                         net (fo=1, routed)           0.229     0.229    design_1_i/PS_0/zynq_ultra_ps_e_0/inst/pl_clk_unbuffered[0]
    BUFG_PS_X0Y94        BUFG_PS (Prop_BUFG_PS_I_O)
                                                      0.038     0.267 r  design_1_i/PS_0/zynq_ultra_ps_e_0/inst/buffer_pl_clk_0.PL_CLK_0_BUFG/O
    X0Y1 (CLOCK_ROOT)    net (fo=25885, routed)       2.746     3.013    design_1_i/PS_0/v_axi4s_vid_out_0/inst/COUPLER_INST/generate_async_fifo.FIFO_INST/XPM_FIFO_ASYNC_INST/gnuram_async_fifo.xpm_fifo_base_inst/gen_cdc_pntr.wr_pntr_cdc_dc_inst/src_clk
    SLICE_X25Y123        FDRE                                         r  design_1_i/PS_0/v_axi4s_vid_out_0/inst/COUPLER_INST/generate_async_fifo.FIFO_INST/XPM_FIFO_ASYNC_INST/gnuram_async_fifo.xpm_fifo_base_inst/gen_cdc_pntr.wr_pntr_cdc_dc_inst/src_gray_ff_reg[1]/C
  -------------------------------------------------------------------    -------------------
    SLICE_X25Y123        FDRE (Prop_DFF_SLICEM_C_Q)
                                                      0.116     3.129 r  design_1_i/PS_0/v_axi4s_vid_out_0/inst/COUPLER_INST/generate_async_fifo.FIFO_INST/XPM_FIFO_ASYNC_INST/gnuram_async_fifo.xpm_fifo_base_inst/gen_cdc_pntr.wr_pntr_cdc_dc_inst/src_gray_ff_reg[1]/Q
                         net (fo=1, routed)           0.368     3.497    design_1_i/PS_0/v_axi4s_vid_out_0/inst/COUPLER_INST/generate_async_fifo.FIFO_INST/XPM_FIFO_ASYNC_INST/gnuram_async_fifo.xpm_fifo_base_inst/gen_cdc_pntr.wr_pntr_cdc_dc_inst/async_path[1]
    SLICE_X24Y118        FDRE                                         r  design_1_i/PS_0/v_axi4s_vid_out_0/inst/COUPLER_INST/generate_async_fifo.FIFO_INST/XPM_FIFO_ASYNC_INST/gnuram_async_fifo.xpm_fifo_base_inst/gen_cdc_pntr.wr_pntr_cdc_dc_inst/dest_graysync_ff_reg[0][1]/D
  -------------------------------------------------------------------    -------------------

                         (clock clk_out1_design_1_clk_wiz_0_0 rise edge)
                                                      0.000     0.000 r  
    PS8_X0Y0             PS8                          0.000     0.000 r  design_1_i/PS_0/zynq_ultra_ps_e_0/inst/PS8_i/PLCLK[0]
                         net (fo=1, routed)           0.181     0.181    design_1_i/PS_0/zynq_ultra_ps_e_0/inst/pl_clk_unbuffered[0]
    BUFG_PS_X0Y94        BUFG_PS (Prop_BUFG_PS_I_O)
                                                      0.035     0.216 r  design_1_i/PS_0/zynq_ultra_ps_e_0/inst/buffer_pl_clk_0.PL_CLK_0_BUFG/O
                         net (fo=25885, routed)       2.282     2.498    design_1_i/PS_0/clk_wiz_0/inst/clk_in1
    MMCM_X0Y3            MMCME4_ADV (Prop_MMCM_CLKIN1_CLKOUT0)
                                                      0.739     3.237 r  design_1_i/PS_0/clk_wiz_0/inst/mmcme4_adv_inst/CLKOUT0
                         net (fo=1, routed)           0.307     3.544    design_1_i/PS_0/clk_wiz_0/inst/clk_out1_design_1_clk_wiz_0_0
    BUFGCE_X0Y76         BUFGCE (Prop_BUFCE_BUFGCE_I_O)
                                                      0.039     3.583 r  design_1_i/PS_0/clk_wiz_0/inst/clkout1_buf/O
    X0Y1 (CLOCK_ROOT)    net (fo=2861, routed)        2.544     6.127    design_1_i/PS_0/v_axi4s_vid_out_0/inst/COUPLER_INST/generate_async_fifo.FIFO_INST/XPM_FIFO_ASYNC_INST/gnuram_async_fifo.xpm_fifo_base_inst/gen_cdc_pntr.wr_pntr_cdc_dc_inst/dest_clk
    SLICE_X24Y118        FDRE                                         r  design_1_i/PS_0/v_axi4s_vid_out_0/inst/COUPLER_INST/generate_async_fifo.FIFO_INST/XPM_FIFO_ASYNC_INST/gnuram_async_fifo.xpm_fifo_base_inst/gen_cdc_pntr.wr_pntr_cdc_dc_inst/dest_graysync_ff_reg[0][1]/C
                         clock pessimism              0.163     6.290    
    SLICE_X24Y118        FDRE (Setup_HFF2_SLICEM_C_D)
                                                      0.046     6.336    design_1_i/PS_0/v_axi4s_vid_out_0/inst/COUPLER_INST/generate_async_fifo.FIFO_INST/XPM_FIFO_ASYNC_INST/gnuram_async_fifo.xpm_fifo_base_inst/gen_cdc_pntr.wr_pntr_cdc_dc_inst/dest_graysync_ff_reg[0][1]
  -------------------------------------------------------------------
                         data arrival                           3.497    
                         clock arrival                          6.336    
  -------------------------------------------------------------------
                         relative delay                        -2.839    

Reference path:
    Location             Delay type                Incr(ns)  Path(ns)    Netlist Resource(s)
  -------------------------------------------------------------------    -------------------
                         (clock clk_pl_0 rise edge)
                                                      0.000     0.000 r  
    PS8_X0Y0             PS8                          0.000     0.000 r  design_1_i/PS_0/zynq_ultra_ps_e_0/inst/PS8_i/PLCLK[0]
                         net (fo=1, routed)           0.181     0.181    design_1_i/PS_0/zynq_ultra_ps_e_0/inst/pl_clk_unbuffered[0]
    BUFG_PS_X0Y94        BUFG_PS (Prop_BUFG_PS_I_O)
                                                      0.035     0.216 r  design_1_i/PS_0/zynq_ultra_ps_e_0/inst/buffer_pl_clk_0.PL_CLK_0_BUFG/O
    X0Y1 (CLOCK_ROOT)    net (fo=25885, routed)       2.478     2.694    design_1_i/PS_0/v_axi4s_vid_out_0/inst/COUPLER_INST/generate_async_fifo.FIFO_INST/XPM_FIFO_ASYNC_INST/gnuram_async_fifo.xpm_fifo_base_inst/gen_cdc_pntr.wr_pntr_cdc_dc_inst/src_clk
    SLICE_X27Y127        FDRE                                         r  design_1_i/PS_0/v_axi4s_vid_out_0/inst/COUPLER_INST/generate_async_fifo.FIFO_INST/XPM_FIFO_ASYNC_INST/gnuram_async_fifo.xpm_fifo_base_inst/gen_cdc_pntr.wr_pntr_cdc_dc_inst/src_gray_ff_reg[6]/C
  -------------------------------------------------------------------    -------------------
    SLICE_X27Y127        FDRE (Prop_HFF_SLICEL_C_Q)
                                                      0.112     2.806 r  design_1_i/PS_0/v_axi4s_vid_out_0/inst/COUPLER_INST/generate_async_fifo.FIFO_INST/XPM_FIFO_ASYNC_INST/gnuram_async_fifo.xpm_fifo_base_inst/gen_cdc_pntr.wr_pntr_cdc_dc_inst/src_gray_ff_reg[6]/Q
                         net (fo=1, routed)           0.146     2.952    design_1_i/PS_0/v_axi4s_vid_out_0/inst/COUPLER_INST/generate_async_fifo.FIFO_INST/XPM_FIFO_ASYNC_INST/gnuram_async_fifo.xpm_fifo_base_inst/gen_cdc_pntr.wr_pntr_cdc_dc_inst/async_path[6]
    SLICE_X26Y126        FDRE                                         r  design_1_i/PS_0/v_axi4s_vid_out_0/inst/COUPLER_INST/generate_async_fifo.FIFO_INST/XPM_FIFO_ASYNC_INST/gnuram_async_fifo.xpm_fifo_base_inst/gen_cdc_pntr.wr_pntr_cdc_dc_inst/dest_graysync_ff_reg[0][6]/D
  -------------------------------------------------------------------    -------------------

                         (clock clk_out1_design_1_clk_wiz_0_0 rise edge)
                                                      0.000     0.000 r  
    PS8_X0Y0             PS8                          0.000     0.000 r  design_1_i/PS_0/zynq_ultra_ps_e_0/inst/PS8_i/PLCLK[0]
                         net (fo=1, routed)           0.229     0.229    design_1_i/PS_0/zynq_ultra_ps_e_0/inst/pl_clk_unbuffered[0]
    BUFG_PS_X0Y94        BUFG_PS (Prop_BUFG_PS_I_O)
                                                      0.038     0.267 r  design_1_i/PS_0/zynq_ultra_ps_e_0/inst/buffer_pl_clk_0.PL_CLK_0_BUFG/O
                         net (fo=25885, routed)       2.496     2.763    design_1_i/PS_0/clk_wiz_0/inst/clk_in1
    MMCM_X0Y3            MMCME4_ADV (Prop_MMCM_CLKIN1_CLKOUT0)
                                                     -0.103     2.660 r  design_1_i/PS_0/clk_wiz_0/inst/mmcme4_adv_inst/CLKOUT0
                         net (fo=1, routed)           0.348     3.008    design_1_i/PS_0/clk_wiz_0/inst/clk_out1_design_1_clk_wiz_0_0
    BUFGCE_X0Y76         BUFGCE (Prop_BUFCE_BUFGCE_I_O)
                                                      0.044     3.052 r  design_1_i/PS_0/clk_wiz_0/inst/clkout1_buf/O
    X0Y1 (CLOCK_ROOT)    net (fo=2861, routed)        2.899     5.951    design_1_i/PS_0/v_axi4s_vid_out_0/inst/COUPLER_INST/generate_async_fifo.FIFO_INST/XPM_FIFO_ASYNC_INST/gnuram_async_fifo.xpm_fifo_base_inst/gen_cdc_pntr.wr_pntr_cdc_dc_inst/dest_clk
    SLICE_X26Y126        FDRE                                         r  design_1_i/PS_0/v_axi4s_vid_out_0/inst/COUPLER_INST/generate_async_fifo.FIFO_INST/XPM_FIFO_ASYNC_INST/gnuram_async_fifo.xpm_fifo_base_inst/gen_cdc_pntr.wr_pntr_cdc_dc_inst/dest_graysync_ff_reg[0][6]/C
                         clock pessimism             -0.163     5.788    
    SLICE_X26Y126        FDRE (Hold_HFF2_SLICEL_C_D)
                                                      0.103     5.891    design_1_i/PS_0/v_axi4s_vid_out_0/inst/COUPLER_INST/generate_async_fifo.FIFO_INST/XPM_FIFO_ASYNC_INST/gnuram_async_fifo.xpm_fifo_base_inst/gen_cdc_pntr.wr_pntr_cdc_dc_inst/dest_graysync_ff_reg[0][6]
  -------------------------------------------------------------------
                         data arrival                           2.952    
                         clock arrival                          5.891    
  -------------------------------------------------------------------
                         relative delay                        -2.939    



Id: 6
set_bus_skew -from [get_cells [list {design_1_i/PS_0/mipi_csi2_rx_subsyst_0/inst/rx/inst/AXI_LITE.isr_cdc/ecc_cdc/src_hsdata_ff_reg[0]} {design_1_i/PS_0/mipi_csi2_rx_subsyst_0/inst/rx/inst/AXI_LITE.isr_cdc/ecc_cdc/src_hsdata_ff_reg[1]}]] -to [get_cells [list {design_1_i/PS_0/mipi_csi2_rx_subsyst_0/inst/rx/inst/AXI_LITE.isr_cdc/ecc_cdc/dest_hsdata_ff_reg[0]} {design_1_i/PS_0/mipi_csi2_rx_subsyst_0/inst/rx/inst/AXI_LITE.isr_cdc/ecc_cdc/dest_hsdata_ff_reg[1]}]] 12.000
Requirement: 12.000ns
Endpoints: 2

From Clock            To Clock              Endpoint Pin                    Reference Pin                   Corner  Actual(ns)  Slack(ns)
--------------------  --------------------  ------------------------------  ------------------------------  ------  ----------  ---------
clk_pl_0              clk_pl_0              design_1_i/PS_0/mipi_csi2_rx_subsyst_0/inst/rx/inst/AXI_LITE.isr_cdc/ecc_cdc/dest_hsdata_ff_reg[0]/D
                                                                            design_1_i/PS_0/mipi_csi2_rx_subsyst_0/inst/rx/inst/AXI_LITE.isr_cdc/ecc_cdc/dest_hsdata_ff_reg[1]/D
                                                                                                            Slow         0.483     11.517


Slack (MET) :             11.517ns  (requirement - actual skew)
  Endpoint Source:        design_1_i/PS_0/mipi_csi2_rx_subsyst_0/inst/rx/inst/AXI_LITE.isr_cdc/ecc_cdc/src_hsdata_ff_reg[0]/C
                            (rising edge-triggered cell FDRE clocked by clk_pl_0)
  Endpoint Destination:   design_1_i/PS_0/mipi_csi2_rx_subsyst_0/inst/rx/inst/AXI_LITE.isr_cdc/ecc_cdc/dest_hsdata_ff_reg[0]/D
                            (rising edge-triggered cell FDRE clocked by clk_pl_0)
  Reference Source:       design_1_i/PS_0/mipi_csi2_rx_subsyst_0/inst/rx/inst/AXI_LITE.isr_cdc/ecc_cdc/src_hsdata_ff_reg[1]/C
                            (rising edge-triggered cell FDRE clocked by clk_pl_0)
  Reference Destination:  design_1_i/PS_0/mipi_csi2_rx_subsyst_0/inst/rx/inst/AXI_LITE.isr_cdc/ecc_cdc/dest_hsdata_ff_reg[1]/D
                            (rising edge-triggered cell FDRE clocked by clk_pl_0)
  Path Type:              Bus Skew (Max at Slow Process Corner)
  Requirement:            12.000ns
  Endpoint Relative Delay:    0.738ns
  Reference Relative Delay:   0.073ns
  Relative CRPR:              0.181ns
  Actual Bus Skew:            0.483ns  (Endpoint Relative Delay - Reference Relative Delay - Relative CRPR)

Endpoint path:
    Location             Delay type                Incr(ns)  Path(ns)    Netlist Resource(s)
  -------------------------------------------------------------------    -------------------
                         (clock clk_pl_0 rise edge)
                                                      0.000     0.000 r  
    PS8_X0Y0             PS8                          0.000     0.000 r  design_1_i/PS_0/zynq_ultra_ps_e_0/inst/PS8_i/PLCLK[0]
                         net (fo=1, routed)           0.229     0.229    design_1_i/PS_0/zynq_ultra_ps_e_0/inst/pl_clk_unbuffered[0]
    BUFG_PS_X0Y94        BUFG_PS (Prop_BUFG_PS_I_O)
                                                      0.038     0.267 r  design_1_i/PS_0/zynq_ultra_ps_e_0/inst/buffer_pl_clk_0.PL_CLK_0_BUFG/O
    X0Y1 (CLOCK_ROOT)    net (fo=25885, routed)       2.552     2.819    design_1_i/PS_0/mipi_csi2_rx_subsyst_0/inst/rx/inst/AXI_LITE.isr_cdc/ecc_cdc/dest_clk
    SLICE_X17Y92         FDRE                                         r  design_1_i/PS_0/mipi_csi2_rx_subsyst_0/inst/rx/inst/AXI_LITE.isr_cdc/ecc_cdc/src_hsdata_ff_reg[0]/C
  -------------------------------------------------------------------    -------------------
    SLICE_X17Y92         FDRE (Prop_HFF_SLICEM_C_Q)
                                                      0.114     2.933 r  design_1_i/PS_0/mipi_csi2_rx_subsyst_0/inst/rx/inst/AXI_LITE.isr_cdc/ecc_cdc/src_hsdata_ff_reg[0]/Q
                         net (fo=1, routed)           0.591     3.524    design_1_i/PS_0/mipi_csi2_rx_subsyst_0/inst/rx/inst/AXI_LITE.isr_cdc/ecc_cdc/src_hsdata_ff[0]
    SLICE_X16Y96         FDRE                                         r  design_1_i/PS_0/mipi_csi2_rx_subsyst_0/inst/rx/inst/AXI_LITE.isr_cdc/ecc_cdc/dest_hsdata_ff_reg[0]/D
  -------------------------------------------------------------------    -------------------

                         (clock clk_pl_0 rise edge)
                                                      0.000     0.000 r  
    PS8_X0Y0             PS8                          0.000     0.000 r  design_1_i/PS_0/zynq_ultra_ps_e_0/inst/PS8_i/PLCLK[0]
                         net (fo=1, routed)           0.181     0.181    design_1_i/PS_0/zynq_ultra_ps_e_0/inst/pl_clk_unbuffered[0]
    BUFG_PS_X0Y94        BUFG_PS (Prop_BUFG_PS_I_O)
                                                      0.035     0.216 r  design_1_i/PS_0/zynq_ultra_ps_e_0/inst/buffer_pl_clk_0.PL_CLK_0_BUFG/O
    X0Y1 (CLOCK_ROOT)    net (fo=25885, routed)       2.315     2.531    design_1_i/PS_0/mipi_csi2_rx_subsyst_0/inst/rx/inst/AXI_LITE.isr_cdc/ecc_cdc/dest_clk
    SLICE_X16Y96         FDRE                                         r  design_1_i/PS_0/mipi_csi2_rx_subsyst_0/inst/rx/inst/AXI_LITE.isr_cdc/ecc_cdc/dest_hsdata_ff_reg[0]/C
                         clock pessimism              0.209     2.740    
    SLICE_X16Y96         FDRE (Setup_DFF2_SLICEL_C_D)
                                                      0.046     2.786    design_1_i/PS_0/mipi_csi2_rx_subsyst_0/inst/rx/inst/AXI_LITE.isr_cdc/ecc_cdc/dest_hsdata_ff_reg[0]
  -------------------------------------------------------------------
                         data arrival                           3.524    
                         clock arrival                          2.786    
  -------------------------------------------------------------------
                         relative delay                         0.738    

Reference path:
    Location             Delay type                Incr(ns)  Path(ns)    Netlist Resource(s)
  -------------------------------------------------------------------    -------------------
                         (clock clk_pl_0 rise edge)
                                                      0.000     0.000 r  
    PS8_X0Y0             PS8                          0.000     0.000 r  design_1_i/PS_0/zynq_ultra_ps_e_0/inst/PS8_i/PLCLK[0]
                         net (fo=1, routed)           0.181     0.181    design_1_i/PS_0/zynq_ultra_ps_e_0/inst/pl_clk_unbuffered[0]
    BUFG_PS_X0Y94        BUFG_PS (Prop_BUFG_PS_I_O)
                                                      0.035     0.216 r  design_1_i/PS_0/zynq_ultra_ps_e_0/inst/buffer_pl_clk_0.PL_CLK_0_BUFG/O
    X0Y1 (CLOCK_ROOT)    net (fo=25885, routed)       2.299     2.515    design_1_i/PS_0/mipi_csi2_rx_subsyst_0/inst/rx/inst/AXI_LITE.isr_cdc/ecc_cdc/dest_clk
    SLICE_X17Y92         FDRE                                         r  design_1_i/PS_0/mipi_csi2_rx_subsyst_0/inst/rx/inst/AXI_LITE.isr_cdc/ecc_cdc/src_hsdata_ff_reg[1]/C
  -------------------------------------------------------------------    -------------------
    SLICE_X17Y92         FDRE (Prop_GFF_SLICEM_C_Q)
                                                      0.112     2.627 r  design_1_i/PS_0/mipi_csi2_rx_subsyst_0/inst/rx/inst/AXI_LITE.isr_cdc/ecc_cdc/src_hsdata_ff_reg[1]/Q
                         net (fo=1, routed)           0.191     2.818    design_1_i/PS_0/mipi_csi2_rx_subsyst_0/inst/rx/inst/AXI_LITE.isr_cdc/ecc_cdc/src_hsdata_ff[1]
    SLICE_X16Y96         FDRE                                         r  design_1_i/PS_0/mipi_csi2_rx_subsyst_0/inst/rx/inst/AXI_LITE.isr_cdc/ecc_cdc/dest_hsdata_ff_reg[1]/D
  -------------------------------------------------------------------    -------------------

                         (clock clk_pl_0 rise edge)
                                                      0.000     0.000 r  
    PS8_X0Y0             PS8                          0.000     0.000 r  design_1_i/PS_0/zynq_ultra_ps_e_0/inst/PS8_i/PLCLK[0]
                         net (fo=1, routed)           0.229     0.229    design_1_i/PS_0/zynq_ultra_ps_e_0/inst/pl_clk_unbuffered[0]
    BUFG_PS_X0Y94        BUFG_PS (Prop_BUFG_PS_I_O)
                                                      0.038     0.267 r  design_1_i/PS_0/zynq_ultra_ps_e_0/inst/buffer_pl_clk_0.PL_CLK_0_BUFG/O
    X0Y1 (CLOCK_ROOT)    net (fo=25885, routed)       2.584     2.851    design_1_i/PS_0/mipi_csi2_rx_subsyst_0/inst/rx/inst/AXI_LITE.isr_cdc/ecc_cdc/dest_clk
    SLICE_X16Y96         FDRE                                         r  design_1_i/PS_0/mipi_csi2_rx_subsyst_0/inst/rx/inst/AXI_LITE.isr_cdc/ecc_cdc/dest_hsdata_ff_reg[1]/C
                         clock pessimism             -0.209     2.642    
    SLICE_X16Y96         FDRE (Hold_CFF2_SLICEL_C_D)
                                                      0.103     2.745    design_1_i/PS_0/mipi_csi2_rx_subsyst_0/inst/rx/inst/AXI_LITE.isr_cdc/ecc_cdc/dest_hsdata_ff_reg[1]
  -------------------------------------------------------------------
                         data arrival                           2.818    
                         clock arrival                          2.745    
  -------------------------------------------------------------------
                         relative delay                         0.073    



Id: 7
set_bus_skew -from [get_cells [list {design_1_i/PS_0/mipi_csi2_rx_subsyst_0/inst/rx/inst/AXI_LITE.reg_inf/img_info_cdc/src_hsdata_ff_reg[0]} \
          {design_1_i/PS_0/mipi_csi2_rx_subsyst_0/inst/rx/inst/AXI_LITE.reg_inf/img_info_cdc/src_hsdata_ff_reg[10]} \
          {design_1_i/PS_0/mipi_csi2_rx_subsyst_0/inst/rx/inst/AXI_LITE.reg_inf/img_info_cdc/src_hsdata_ff_reg[11]} \
          {design_1_i/PS_0/mipi_csi2_rx_subsyst_0/inst/rx/inst/AXI_LITE.reg_inf/img_info_cdc/src_hsdata_ff_reg[12]} \
          {design_1_i/PS_0/mipi_csi2_rx_subsyst_0/inst/rx/inst/AXI_LITE.reg_inf/img_info_cdc/src_hsdata_ff_reg[13]} \
          {design_1_i/PS_0/mipi_csi2_rx_subsyst_0/inst/rx/inst/AXI_LITE.reg_inf/img_info_cdc/src_hsdata_ff_reg[14]} \
          {design_1_i/PS_0/mipi_csi2_rx_subsyst_0/inst/rx/inst/AXI_LITE.reg_inf/img_info_cdc/src_hsdata_ff_reg[15]} \
          {design_1_i/PS_0/mipi_csi2_rx_subsyst_0/inst/rx/inst/AXI_LITE.reg_inf/img_info_cdc/src_hsdata_ff_reg[16]} \
          {design_1_i/PS_0/mipi_csi2_rx_subsyst_0/inst/rx/inst/AXI_LITE.reg_inf/img_info_cdc/src_hsdata_ff_reg[17]} \
          {design_1_i/PS_0/mipi_csi2_rx_subsyst_0/inst/rx/inst/AXI_LITE.reg_inf/img_info_cdc/src_hsdata_ff_reg[18]} \
          {design_1_i/PS_0/mipi_csi2_rx_subsyst_0/inst/rx/inst/AXI_LITE.reg_inf/img_info_cdc/src_hsdata_ff_reg[19]} \
          {design_1_i/PS_0/mipi_csi2_rx_subsyst_0/inst/rx/inst/AXI_LITE.reg_inf/img_info_cdc/src_hsdata_ff_reg[1]} \
          {design_1_i/PS_0/mipi_csi2_rx_subsyst_0/inst/rx/inst/AXI_LITE.reg_inf/img_info_cdc/src_hsdata_ff_reg[20]} \
          {design_1_i/PS_0/mipi_csi2_rx_subsyst_0/inst/rx/inst/AXI_LITE.reg_inf/img_info_cdc/src_hsdata_ff_reg[21]} \
          {design_1_i/PS_0/mipi_csi2_rx_subsyst_0/inst/rx/inst/AXI_LITE.reg_inf/img_info_cdc/src_hsdata_ff_reg[22]} \
          {design_1_i/PS_0/mipi_csi2_rx_subsyst_0/inst/rx/inst/AXI_LITE.reg_inf/img_info_cdc/src_hsdata_ff_reg[23]} \
          {design_1_i/PS_0/mipi_csi2_rx_subsyst_0/inst/rx/inst/AXI_LITE.reg_inf/img_info_cdc/src_hsdata_ff_reg[24]} \
          {design_1_i/PS_0/mipi_csi2_rx_subsyst_0/inst/rx/inst/AXI_LITE.reg_inf/img_info_cdc/src_hsdata_ff_reg[25]} \
          {design_1_i/PS_0/mipi_csi2_rx_subsyst_0/inst/rx/inst/AXI_LITE.reg_inf/img_info_cdc/src_hsdata_ff_reg[2]} \
          {design_1_i/PS_0/mipi_csi2_rx_subsyst_0/inst/rx/inst/AXI_LITE.reg_inf/img_info_cdc/src_hsdata_ff_reg[3]} \
          {design_1_i/PS_0/mipi_csi2_rx_subsyst_0/inst/rx/inst/AXI_LITE.reg_inf/img_info_cdc/src_hsdata_ff_reg[4]} \
          {design_1_i/PS_0/mipi_csi2_rx_subsyst_0/inst/rx/inst/AXI_LITE.reg_inf/img_info_cdc/src_hsdata_ff_reg[5]} \
          {design_1_i/PS_0/mipi_csi2_rx_subsyst_0/inst/rx/inst/AXI_LITE.reg_inf/img_info_cdc/src_hsdata_ff_reg[6]} \
          {design_1_i/PS_0/mipi_csi2_rx_subsyst_0/inst/rx/inst/AXI_LITE.reg_inf/img_info_cdc/src_hsdata_ff_reg[7]} \
          {design_1_i/PS_0/mipi_csi2_rx_subsyst_0/inst/rx/inst/AXI_LITE.reg_inf/img_info_cdc/src_hsdata_ff_reg[8]} \
          {design_1_i/PS_0/mipi_csi2_rx_subsyst_0/inst/rx/inst/AXI_LITE.reg_inf/img_info_cdc/src_hsdata_ff_reg[9]}]] -to [get_cells [list {design_1_i/PS_0/mipi_csi2_rx_subsyst_0/inst/rx/inst/AXI_LITE.reg_inf/img_info_cdc/dest_hsdata_ff_reg[0]} \
          {design_1_i/PS_0/mipi_csi2_rx_subsyst_0/inst/rx/inst/AXI_LITE.reg_inf/img_info_cdc/dest_hsdata_ff_reg[10]} \
          {design_1_i/PS_0/mipi_csi2_rx_subsyst_0/inst/rx/inst/AXI_LITE.reg_inf/img_info_cdc/dest_hsdata_ff_reg[11]} \
          {design_1_i/PS_0/mipi_csi2_rx_subsyst_0/inst/rx/inst/AXI_LITE.reg_inf/img_info_cdc/dest_hsdata_ff_reg[12]} \
          {design_1_i/PS_0/mipi_csi2_rx_subsyst_0/inst/rx/inst/AXI_LITE.reg_inf/img_info_cdc/dest_hsdata_ff_reg[13]} \
          {design_1_i/PS_0/mipi_csi2_rx_subsyst_0/inst/rx/inst/AXI_LITE.reg_inf/img_info_cdc/dest_hsdata_ff_reg[14]} \
          {design_1_i/PS_0/mipi_csi2_rx_subsyst_0/inst/rx/inst/AXI_LITE.reg_inf/img_info_cdc/dest_hsdata_ff_reg[15]} \
          {design_1_i/PS_0/mipi_csi2_rx_subsyst_0/inst/rx/inst/AXI_LITE.reg_inf/img_info_cdc/dest_hsdata_ff_reg[16]} \
          {design_1_i/PS_0/mipi_csi2_rx_subsyst_0/inst/rx/inst/AXI_LITE.reg_inf/img_info_cdc/dest_hsdata_ff_reg[17]} \
          {design_1_i/PS_0/mipi_csi2_rx_subsyst_0/inst/rx/inst/AXI_LITE.reg_inf/img_info_cdc/dest_hsdata_ff_reg[18]} \
          {design_1_i/PS_0/mipi_csi2_rx_subsyst_0/inst/rx/inst/AXI_LITE.reg_inf/img_info_cdc/dest_hsdata_ff_reg[19]} \
          {design_1_i/PS_0/mipi_csi2_rx_subsyst_0/inst/rx/inst/AXI_LITE.reg_inf/img_info_cdc/dest_hsdata_ff_reg[1]} \
          {design_1_i/PS_0/mipi_csi2_rx_subsyst_0/inst/rx/inst/AXI_LITE.reg_inf/img_info_cdc/dest_hsdata_ff_reg[20]} \
          {design_1_i/PS_0/mipi_csi2_rx_subsyst_0/inst/rx/inst/AXI_LITE.reg_inf/img_info_cdc/dest_hsdata_ff_reg[21]} \
          {design_1_i/PS_0/mipi_csi2_rx_subsyst_0/inst/rx/inst/AXI_LITE.reg_inf/img_info_cdc/dest_hsdata_ff_reg[22]} \
          {design_1_i/PS_0/mipi_csi2_rx_subsyst_0/inst/rx/inst/AXI_LITE.reg_inf/img_info_cdc/dest_hsdata_ff_reg[23]} \
          {design_1_i/PS_0/mipi_csi2_rx_subsyst_0/inst/rx/inst/AXI_LITE.reg_inf/img_info_cdc/dest_hsdata_ff_reg[24]} \
          {design_1_i/PS_0/mipi_csi2_rx_subsyst_0/inst/rx/inst/AXI_LITE.reg_inf/img_info_cdc/dest_hsdata_ff_reg[25]} \
          {design_1_i/PS_0/mipi_csi2_rx_subsyst_0/inst/rx/inst/AXI_LITE.reg_inf/img_info_cdc/dest_hsdata_ff_reg[2]} \
          {design_1_i/PS_0/mipi_csi2_rx_subsyst_0/inst/rx/inst/AXI_LITE.reg_inf/img_info_cdc/dest_hsdata_ff_reg[3]} \
          {design_1_i/PS_0/mipi_csi2_rx_subsyst_0/inst/rx/inst/AXI_LITE.reg_inf/img_info_cdc/dest_hsdata_ff_reg[4]} \
          {design_1_i/PS_0/mipi_csi2_rx_subsyst_0/inst/rx/inst/AXI_LITE.reg_inf/img_info_cdc/dest_hsdata_ff_reg[5]} \
          {design_1_i/PS_0/mipi_csi2_rx_subsyst_0/inst/rx/inst/AXI_LITE.reg_inf/img_info_cdc/dest_hsdata_ff_reg[6]} \
          {design_1_i/PS_0/mipi_csi2_rx_subsyst_0/inst/rx/inst/AXI_LITE.reg_inf/img_info_cdc/dest_hsdata_ff_reg[7]} \
          {design_1_i/PS_0/mipi_csi2_rx_subsyst_0/inst/rx/inst/AXI_LITE.reg_inf/img_info_cdc/dest_hsdata_ff_reg[8]} \
          {design_1_i/PS_0/mipi_csi2_rx_subsyst_0/inst/rx/inst/AXI_LITE.reg_inf/img_info_cdc/dest_hsdata_ff_reg[9]}]] 12.000
Requirement: 12.000ns
Endpoints: 26

From Clock            To Clock              Endpoint Pin                    Reference Pin                   Corner  Actual(ns)  Slack(ns)
--------------------  --------------------  ------------------------------  ------------------------------  ------  ----------  ---------
clk_pl_0              clk_pl_0              design_1_i/PS_0/mipi_csi2_rx_subsyst_0/inst/rx/inst/AXI_LITE.reg_inf/img_info_cdc/dest_hsdata_ff_reg[22]/D
                                                                            design_1_i/PS_0/mipi_csi2_rx_subsyst_0/inst/rx/inst/AXI_LITE.reg_inf/img_info_cdc/dest_hsdata_ff_reg[12]/D
                                                                                                            Slow         0.531     11.469


Slack (MET) :             11.469ns  (requirement - actual skew)
  Endpoint Source:        design_1_i/PS_0/mipi_csi2_rx_subsyst_0/inst/rx/inst/AXI_LITE.reg_inf/img_info_cdc/src_hsdata_ff_reg[22]/C
                            (rising edge-triggered cell FDRE clocked by clk_pl_0)
  Endpoint Destination:   design_1_i/PS_0/mipi_csi2_rx_subsyst_0/inst/rx/inst/AXI_LITE.reg_inf/img_info_cdc/dest_hsdata_ff_reg[22]/D
                            (rising edge-triggered cell FDRE clocked by clk_pl_0)
  Reference Source:       design_1_i/PS_0/mipi_csi2_rx_subsyst_0/inst/rx/inst/AXI_LITE.reg_inf/img_info_cdc/src_hsdata_ff_reg[12]/C
                            (rising edge-triggered cell FDRE clocked by clk_pl_0)
  Reference Destination:  design_1_i/PS_0/mipi_csi2_rx_subsyst_0/inst/rx/inst/AXI_LITE.reg_inf/img_info_cdc/dest_hsdata_ff_reg[12]/D
                            (rising edge-triggered cell FDRE clocked by clk_pl_0)
  Path Type:              Bus Skew (Max at Slow Process Corner)
  Requirement:            12.000ns
  Endpoint Relative Delay:    0.595ns
  Reference Relative Delay:   0.064ns
  Relative CRPR:              0.000ns
  Actual Bus Skew:            0.531ns  (Endpoint Relative Delay - Reference Relative Delay - Relative CRPR)

Endpoint path:
    Location             Delay type                Incr(ns)  Path(ns)    Netlist Resource(s)
  -------------------------------------------------------------------    -------------------
                         (clock clk_pl_0 rise edge)
                                                      0.000     0.000 r  
    PS8_X0Y0             PS8                          0.000     0.000 r  design_1_i/PS_0/zynq_ultra_ps_e_0/inst/PS8_i/PLCLK[0]
                         net (fo=1, routed)           0.229     0.229    design_1_i/PS_0/zynq_ultra_ps_e_0/inst/pl_clk_unbuffered[0]
    BUFG_PS_X0Y94        BUFG_PS (Prop_BUFG_PS_I_O)
                                                      0.038     0.267 r  design_1_i/PS_0/zynq_ultra_ps_e_0/inst/buffer_pl_clk_0.PL_CLK_0_BUFG/O
    X0Y1 (CLOCK_ROOT)    net (fo=25885, routed)       2.561     2.828    design_1_i/PS_0/mipi_csi2_rx_subsyst_0/inst/rx/inst/AXI_LITE.reg_inf/img_info_cdc/dest_clk
    SLICE_X11Y89         FDRE                                         r  design_1_i/PS_0/mipi_csi2_rx_subsyst_0/inst/rx/inst/AXI_LITE.reg_inf/img_info_cdc/src_hsdata_ff_reg[22]/C
  -------------------------------------------------------------------    -------------------
    SLICE_X11Y89         FDRE (Prop_BFF_SLICEL_C_Q)
                                                      0.113     2.941 r  design_1_i/PS_0/mipi_csi2_rx_subsyst_0/inst/rx/inst/AXI_LITE.reg_inf/img_info_cdc/src_hsdata_ff_reg[22]/Q
                         net (fo=1, routed)           0.516     3.457    design_1_i/PS_0/mipi_csi2_rx_subsyst_0/inst/rx/inst/AXI_LITE.reg_inf/img_info_cdc/src_hsdata_ff[22]
    SLICE_X11Y89         FDRE                                         r  design_1_i/PS_0/mipi_csi2_rx_subsyst_0/inst/rx/inst/AXI_LITE.reg_inf/img_info_cdc/dest_hsdata_ff_reg[22]/D
  -------------------------------------------------------------------    -------------------

                         (clock clk_pl_0 rise edge)
                                                      0.000     0.000 r  
    PS8_X0Y0             PS8                          0.000     0.000 r  design_1_i/PS_0/zynq_ultra_ps_e_0/inst/PS8_i/PLCLK[0]
                         net (fo=1, routed)           0.181     0.181    design_1_i/PS_0/zynq_ultra_ps_e_0/inst/pl_clk_unbuffered[0]
    BUFG_PS_X0Y94        BUFG_PS (Prop_BUFG_PS_I_O)
                                                      0.035     0.216 r  design_1_i/PS_0/zynq_ultra_ps_e_0/inst/buffer_pl_clk_0.PL_CLK_0_BUFG/O
    X0Y1 (CLOCK_ROOT)    net (fo=25885, routed)       2.309     2.525    design_1_i/PS_0/mipi_csi2_rx_subsyst_0/inst/rx/inst/AXI_LITE.reg_inf/img_info_cdc/dest_clk
    SLICE_X11Y89         FDRE                                         r  design_1_i/PS_0/mipi_csi2_rx_subsyst_0/inst/rx/inst/AXI_LITE.reg_inf/img_info_cdc/dest_hsdata_ff_reg[22]/C
                         clock pessimism              0.291     2.816    
    SLICE_X11Y89         FDRE (Setup_BFF2_SLICEL_C_D)
                                                      0.046     2.862    design_1_i/PS_0/mipi_csi2_rx_subsyst_0/inst/rx/inst/AXI_LITE.reg_inf/img_info_cdc/dest_hsdata_ff_reg[22]
  -------------------------------------------------------------------
                         data arrival                           3.457    
                         clock arrival                          2.862    
  -------------------------------------------------------------------
                         relative delay                         0.595    

Reference path:
    Location             Delay type                Incr(ns)  Path(ns)    Netlist Resource(s)
  -------------------------------------------------------------------    -------------------
                         (clock clk_pl_0 rise edge)
                                                      0.000     0.000 r  
    PS8_X0Y0             PS8                          0.000     0.000 r  design_1_i/PS_0/zynq_ultra_ps_e_0/inst/PS8_i/PLCLK[0]
                         net (fo=1, routed)           0.181     0.181    design_1_i/PS_0/zynq_ultra_ps_e_0/inst/pl_clk_unbuffered[0]
    BUFG_PS_X0Y94        BUFG_PS (Prop_BUFG_PS_I_O)
                                                      0.035     0.216 r  design_1_i/PS_0/zynq_ultra_ps_e_0/inst/buffer_pl_clk_0.PL_CLK_0_BUFG/O
    X0Y1 (CLOCK_ROOT)    net (fo=25885, routed)       2.317     2.533    design_1_i/PS_0/mipi_csi2_rx_subsyst_0/inst/rx/inst/AXI_LITE.reg_inf/img_info_cdc/dest_clk
    SLICE_X12Y88         FDRE                                         r  design_1_i/PS_0/mipi_csi2_rx_subsyst_0/inst/rx/inst/AXI_LITE.reg_inf/img_info_cdc/src_hsdata_ff_reg[12]/C
  -------------------------------------------------------------------    -------------------
    SLICE_X12Y88         FDRE (Prop_HFF_SLICEM_C_Q)
                                                      0.112     2.645 r  design_1_i/PS_0/mipi_csi2_rx_subsyst_0/inst/rx/inst/AXI_LITE.reg_inf/img_info_cdc/src_hsdata_ff_reg[12]/Q
                         net (fo=1, routed)           0.067     2.712    design_1_i/PS_0/mipi_csi2_rx_subsyst_0/inst/rx/inst/AXI_LITE.reg_inf/img_info_cdc/src_hsdata_ff[12]
    SLICE_X12Y88         FDRE                                         r  design_1_i/PS_0/mipi_csi2_rx_subsyst_0/inst/rx/inst/AXI_LITE.reg_inf/img_info_cdc/dest_hsdata_ff_reg[12]/D
  -------------------------------------------------------------------    -------------------

                         (clock clk_pl_0 rise edge)
                                                      0.000     0.000 r  
    PS8_X0Y0             PS8                          0.000     0.000 r  design_1_i/PS_0/zynq_ultra_ps_e_0/inst/PS8_i/PLCLK[0]
                         net (fo=1, routed)           0.229     0.229    design_1_i/PS_0/zynq_ultra_ps_e_0/inst/pl_clk_unbuffered[0]
    BUFG_PS_X0Y94        BUFG_PS (Prop_BUFG_PS_I_O)
                                                      0.038     0.267 r  design_1_i/PS_0/zynq_ultra_ps_e_0/inst/buffer_pl_clk_0.PL_CLK_0_BUFG/O
    X0Y1 (CLOCK_ROOT)    net (fo=25885, routed)       2.571     2.838    design_1_i/PS_0/mipi_csi2_rx_subsyst_0/inst/rx/inst/AXI_LITE.reg_inf/img_info_cdc/dest_clk
    SLICE_X12Y88         FDRE                                         r  design_1_i/PS_0/mipi_csi2_rx_subsyst_0/inst/rx/inst/AXI_LITE.reg_inf/img_info_cdc/dest_hsdata_ff_reg[12]/C
                         clock pessimism             -0.293     2.545    
    SLICE_X12Y88         FDRE (Hold_HFF2_SLICEM_C_D)
                                                      0.103     2.648    design_1_i/PS_0/mipi_csi2_rx_subsyst_0/inst/rx/inst/AXI_LITE.reg_inf/img_info_cdc/dest_hsdata_ff_reg[12]
  -------------------------------------------------------------------
                         data arrival                           2.712    
                         clock arrival                          2.648    
  -------------------------------------------------------------------
                         relative delay                         0.064    



