
****** Vitis HLS - High-Level Synthesis from C, C++ and OpenCL v2022.2 (64-bit)
  **** SW Build 3670227 on Oct 13 2022
  **** IP Build 3669848 on Fri Oct 14 08:30:02 MDT 2022
    ** Copyright 1986-2022 Xilinx, Inc. All Rights Reserved.

source C:/Xilinx/Vitis_HLS/2022.2/scripts/vitis_hls/hls.tcl -notrace
INFO: [HLS 200-10] Running 'C:/Xilinx/Vitis_HLS/2022.2/bin/unwrapped/win64.o/vitis_hls.exe'
INFO: [HLS 200-10] For user 'hhhh' on host 'desktop-i43ira7' (Windows NT_amd64 version 6.2) on Mon May 04 01:54:25 +0200 2026
INFO: [HLS 200-10] In directory 'C:/Users/hhhh/rekonfigi/video_passthrough_kria/video_passthrough_kria.runs/synth_1'
Sourcing Tcl script 'C:/Users/hhhh/rekonfigi/video_passthrough_kria/video_passthrough_kria.runs/synth_1/runhls.tcl'
INFO: [HLS 200-1510] Running: open_project -reset prj 
INFO: [HLS 200-10] Opening and resetting project 'C:/Users/hhhh/rekonfigi/video_passthrough_kria/video_passthrough_kria.runs/synth_1/prj'.
INFO: [HLS 200-1510] Running: set_top v_tpg 
INFO: [HLS 200-1510] Running: open_solution sol 
INFO: [HLS 200-10] Creating and opening solution 'C:/Users/hhhh/rekonfigi/video_passthrough_kria/video_passthrough_kria.runs/synth_1/prj/sol'.
INFO: [HLS 200-1505] Using default flow_target 'vivado'
Resolution: For help on HLS 200-1505 see www.xilinx.com/cgi-bin/docs/rdoc?v=2022.2;t=hls+guidance;d=200-1505.html
INFO: [HLS 200-435] Setting 'open_solution -flow_target vivado' configuration: config_interface -m_axi_latency=0
INFO: [HLS 200-1510] Running: set_part xck26-sfvc784-2lv-c 
INFO: [HLS 200-1611] Setting target device to 'xck26-sfvc784-2LV-c'
INFO: [HLS 200-1510] Running: add_files -cflags  -I c:/Users/hhhh/rekonfigi/video_passthrough_kria/video_passthrough_kria.gen/sources_1/bd/design_1/ip/design_1_v_tpg_0_0/src/hls -I c:/Users/hhhh/rekonfigi/video_passthrough_kria/video_passthrough_kria.gen/sources_1/bd/design_1/ip/design_1_v_tpg_0_0/src  c:/Users/hhhh/rekonfigi/video_passthrough_kria/video_passthrough_kria.gen/sources_1/bd/design_1/ip/design_1_v_tpg_0_0/src/v_tpg_config.h 
INFO: [HLS 200-10] Adding design file 'c:/Users/hhhh/rekonfigi/video_passthrough_kria/video_passthrough_kria.gen/sources_1/bd/design_1/ip/design_1_v_tpg_0_0/src/v_tpg_config.h' to the project
INFO: [HLS 200-1510] Running: add_files -cflags  -I c:/Users/hhhh/rekonfigi/video_passthrough_kria/video_passthrough_kria.gen/sources_1/bd/design_1/ip/design_1_v_tpg_0_0/src/hls -I c:/Users/hhhh/rekonfigi/video_passthrough_kria/video_passthrough_kria.gen/sources_1/bd/design_1/ip/design_1_v_tpg_0_0/src  c:/Users/hhhh/rekonfigi/video_passthrough_kria/video_passthrough_kria.gen/sources_1/bd/design_1/ip/design_1_v_tpg_0_0/src/v_tpg.cpp 
INFO: [HLS 200-10] Adding design file 'c:/Users/hhhh/rekonfigi/video_passthrough_kria/video_passthrough_kria.gen/sources_1/bd/design_1/ip/design_1_v_tpg_0_0/src/v_tpg.cpp' to the project
INFO: [HLS 200-1510] Running: add_files -cflags  -I c:/Users/hhhh/rekonfigi/video_passthrough_kria/video_passthrough_kria.gen/sources_1/bd/design_1/ip/design_1_v_tpg_0_0/src/hls -I c:/Users/hhhh/rekonfigi/video_passthrough_kria/video_passthrough_kria.gen/sources_1/bd/design_1/ip/design_1_v_tpg_0_0/src  c:/Users/hhhh/rekonfigi/video_passthrough_kria/video_passthrough_kria.gen/sources_1/bd/design_1/ip/design_1_v_tpg_0_0/src/v_tpg.h 
INFO: [HLS 200-10] Adding design file 'c:/Users/hhhh/rekonfigi/video_passthrough_kria/video_passthrough_kria.gen/sources_1/bd/design_1/ip/design_1_v_tpg_0_0/src/v_tpg.h' to the project
INFO: [HLS 200-1510] Running: add_files -cflags  -I c:/Users/hhhh/rekonfigi/video_passthrough_kria/video_passthrough_kria.gen/sources_1/bd/design_1/ip/design_1_v_tpg_0_0/src/hls -I c:/Users/hhhh/rekonfigi/video_passthrough_kria/video_passthrough_kria.gen/sources_1/bd/design_1/ip/design_1_v_tpg_0_0/src  c:/Users/hhhh/rekonfigi/video_passthrough_kria/video_passthrough_kria.gen/sources_1/bd/design_1/ip/design_1_v_tpg_0_0/src/v_tpg_zoneplate.h 
INFO: [HLS 200-10] Adding design file 'c:/Users/hhhh/rekonfigi/video_passthrough_kria/video_passthrough_kria.gen/sources_1/bd/design_1/ip/design_1_v_tpg_0_0/src/v_tpg_zoneplate.h' to the project
INFO: [HLS 200-1510] Running: add_files -cflags  -I c:/Users/hhhh/rekonfigi/video_passthrough_kria/video_passthrough_kria.gen/sources_1/bd/design_1/ip/design_1_v_tpg_0_0/src/hls -I c:/Users/hhhh/rekonfigi/video_passthrough_kria/video_passthrough_kria.gen/sources_1/bd/design_1/ip/design_1_v_tpg_0_0/src  c:/Users/hhhh/rekonfigi/video_passthrough_kria/video_passthrough_kria.gen/sources_1/bd/design_1/ip/design_1_v_tpg_0_0/src/hls_video.h 
INFO: [HLS 200-10] Adding design file 'c:/Users/hhhh/rekonfigi/video_passthrough_kria/video_passthrough_kria.gen/sources_1/bd/design_1/ip/design_1_v_tpg_0_0/src/hls_video.h' to the project
INFO: [HLS 200-1510] Running: add_files -cflags  -I c:/Users/hhhh/rekonfigi/video_passthrough_kria/video_passthrough_kria.gen/sources_1/bd/design_1/ip/design_1_v_tpg_0_0/src/hls -I c:/Users/hhhh/rekonfigi/video_passthrough_kria/video_passthrough_kria.gen/sources_1/bd/design_1/ip/design_1_v_tpg_0_0/src  c:/Users/hhhh/rekonfigi/video_passthrough_kria/video_passthrough_kria.gen/sources_1/bd/design_1/ip/design_1_v_tpg_0_0/src/hls_opencv.h 
INFO: [HLS 200-10] Adding design file 'c:/Users/hhhh/rekonfigi/video_passthrough_kria/video_passthrough_kria.gen/sources_1/bd/design_1/ip/design_1_v_tpg_0_0/src/hls_opencv.h' to the project
INFO: [HLS 200-1510] Running: add_files -cflags  -I c:/Users/hhhh/rekonfigi/video_passthrough_kria/video_passthrough_kria.gen/sources_1/bd/design_1/ip/design_1_v_tpg_0_0/src/hls -I c:/Users/hhhh/rekonfigi/video_passthrough_kria/video_passthrough_kria.gen/sources_1/bd/design_1/ip/design_1_v_tpg_0_0/src  c:/Users/hhhh/rekonfigi/video_passthrough_kria/video_passthrough_kria.gen/sources_1/bd/design_1/ip/design_1_v_tpg_0_0/src/hls/hls_axi_io.h 
INFO: [HLS 200-10] Adding design file 'c:/Users/hhhh/rekonfigi/video_passthrough_kria/video_passthrough_kria.gen/sources_1/bd/design_1/ip/design_1_v_tpg_0_0/src/hls/hls_axi_io.h' to the project
INFO: [HLS 200-1510] Running: add_files -cflags  -I c:/Users/hhhh/rekonfigi/video_passthrough_kria/video_passthrough_kria.gen/sources_1/bd/design_1/ip/design_1_v_tpg_0_0/src/hls -I c:/Users/hhhh/rekonfigi/video_passthrough_kria/video_passthrough_kria.gen/sources_1/bd/design_1/ip/design_1_v_tpg_0_0/src  c:/Users/hhhh/rekonfigi/video_passthrough_kria/video_passthrough_kria.gen/sources_1/bd/design_1/ip/design_1_v_tpg_0_0/src/hls/hls_video_arithm.h 
INFO: [HLS 200-10] Adding design file 'c:/Users/hhhh/rekonfigi/video_passthrough_kria/video_passthrough_kria.gen/sources_1/bd/design_1/ip/design_1_v_tpg_0_0/src/hls/hls_video_arithm.h' to the project
INFO: [HLS 200-1510] Running: add_files -cflags  -I c:/Users/hhhh/rekonfigi/video_passthrough_kria/video_passthrough_kria.gen/sources_1/bd/design_1/ip/design_1_v_tpg_0_0/src/hls -I c:/Users/hhhh/rekonfigi/video_passthrough_kria/video_passthrough_kria.gen/sources_1/bd/design_1/ip/design_1_v_tpg_0_0/src  c:/Users/hhhh/rekonfigi/video_passthrough_kria/video_passthrough_kria.gen/sources_1/bd/design_1/ip/design_1_v_tpg_0_0/src/hls/hls_video_core.h 
INFO: [HLS 200-10] Adding design file 'c:/Users/hhhh/rekonfigi/video_passthrough_kria/video_passthrough_kria.gen/sources_1/bd/design_1/ip/design_1_v_tpg_0_0/src/hls/hls_video_core.h' to the project
INFO: [HLS 200-1510] Running: add_files -cflags  -I c:/Users/hhhh/rekonfigi/video_passthrough_kria/video_passthrough_kria.gen/sources_1/bd/design_1/ip/design_1_v_tpg_0_0/src/hls -I c:/Users/hhhh/rekonfigi/video_passthrough_kria/video_passthrough_kria.gen/sources_1/bd/design_1/ip/design_1_v_tpg_0_0/src  c:/Users/hhhh/rekonfigi/video_passthrough_kria/video_passthrough_kria.gen/sources_1/bd/design_1/ip/design_1_v_tpg_0_0/src/hls/hls_video_fast.h 
INFO: [HLS 200-10] Adding design file 'c:/Users/hhhh/rekonfigi/video_passthrough_kria/video_passthrough_kria.gen/sources_1/bd/design_1/ip/design_1_v_tpg_0_0/src/hls/hls_video_fast.h' to the project
INFO: [HLS 200-1510] Running: add_files -cflags  -I c:/Users/hhhh/rekonfigi/video_passthrough_kria/video_passthrough_kria.gen/sources_1/bd/design_1/ip/design_1_v_tpg_0_0/src/hls -I c:/Users/hhhh/rekonfigi/video_passthrough_kria/video_passthrough_kria.gen/sources_1/bd/design_1/ip/design_1_v_tpg_0_0/src  c:/Users/hhhh/rekonfigi/video_passthrough_kria/video_passthrough_kria.gen/sources_1/bd/design_1/ip/design_1_v_tpg_0_0/src/hls/hls_video_haar.h 
INFO: [HLS 200-10] Adding design file 'c:/Users/hhhh/rekonfigi/video_passthrough_kria/video_passthrough_kria.gen/sources_1/bd/design_1/ip/design_1_v_tpg_0_0/src/hls/hls_video_haar.h' to the project
INFO: [HLS 200-1510] Running: add_files -cflags  -I c:/Users/hhhh/rekonfigi/video_passthrough_kria/video_passthrough_kria.gen/sources_1/bd/design_1/ip/design_1_v_tpg_0_0/src/hls -I c:/Users/hhhh/rekonfigi/video_passthrough_kria/video_passthrough_kria.gen/sources_1/bd/design_1/ip/design_1_v_tpg_0_0/src  c:/Users/hhhh/rekonfigi/video_passthrough_kria/video_passthrough_kria.gen/sources_1/bd/design_1/ip/design_1_v_tpg_0_0/src/hls/hls_video_harris.h 
INFO: [HLS 200-10] Adding design file 'c:/Users/hhhh/rekonfigi/video_passthrough_kria/video_passthrough_kria.gen/sources_1/bd/design_1/ip/design_1_v_tpg_0_0/src/hls/hls_video_harris.h' to the project
INFO: [HLS 200-1510] Running: add_files -cflags  -I c:/Users/hhhh/rekonfigi/video_passthrough_kria/video_passthrough_kria.gen/sources_1/bd/design_1/ip/design_1_v_tpg_0_0/src/hls -I c:/Users/hhhh/rekonfigi/video_passthrough_kria/video_passthrough_kria.gen/sources_1/bd/design_1/ip/design_1_v_tpg_0_0/src  c:/Users/hhhh/rekonfigi/video_passthrough_kria/video_passthrough_kria.gen/sources_1/bd/design_1/ip/design_1_v_tpg_0_0/src/hls/hls_video_histogram.h 
INFO: [HLS 200-10] Adding design file 'c:/Users/hhhh/rekonfigi/video_passthrough_kria/video_passthrough_kria.gen/sources_1/bd/design_1/ip/design_1_v_tpg_0_0/src/hls/hls_video_histogram.h' to the project
INFO: [HLS 200-1510] Running: add_files -cflags  -I c:/Users/hhhh/rekonfigi/video_passthrough_kria/video_passthrough_kria.gen/sources_1/bd/design_1/ip/design_1_v_tpg_0_0/src/hls -I c:/Users/hhhh/rekonfigi/video_passthrough_kria/video_passthrough_kria.gen/sources_1/bd/design_1/ip/design_1_v_tpg_0_0/src  c:/Users/hhhh/rekonfigi/video_passthrough_kria/video_passthrough_kria.gen/sources_1/bd/design_1/ip/design_1_v_tpg_0_0/src/hls/hls_video_hough.h 
INFO: [HLS 200-10] Adding design file 'c:/Users/hhhh/rekonfigi/video_passthrough_kria/video_passthrough_kria.gen/sources_1/bd/design_1/ip/design_1_v_tpg_0_0/src/hls/hls_video_hough.h' to the project
INFO: [HLS 200-1510] Running: add_files -cflags  -I c:/Users/hhhh/rekonfigi/video_passthrough_kria/video_passthrough_kria.gen/sources_1/bd/design_1/ip/design_1_v_tpg_0_0/src/hls -I c:/Users/hhhh/rekonfigi/video_passthrough_kria/video_passthrough_kria.gen/sources_1/bd/design_1/ip/design_1_v_tpg_0_0/src  c:/Users/hhhh/rekonfigi/video_passthrough_kria/video_passthrough_kria.gen/sources_1/bd/design_1/ip/design_1_v_tpg_0_0/src/hls/hls_video_imgbase.h 
INFO: [HLS 200-10] Adding design file 'c:/Users/hhhh/rekonfigi/video_passthrough_kria/video_passthrough_kria.gen/sources_1/bd/design_1/ip/design_1_v_tpg_0_0/src/hls/hls_video_imgbase.h' to the project
INFO: [HLS 200-1510] Running: add_files -cflags  -I c:/Users/hhhh/rekonfigi/video_passthrough_kria/video_passthrough_kria.gen/sources_1/bd/design_1/ip/design_1_v_tpg_0_0/src/hls -I c:/Users/hhhh/rekonfigi/video_passthrough_kria/video_passthrough_kria.gen/sources_1/bd/design_1/ip/design_1_v_tpg_0_0/src  c:/Users/hhhh/rekonfigi/video_passthrough_kria/video_passthrough_kria.gen/sources_1/bd/design_1/ip/design_1_v_tpg_0_0/src/hls/hls_video_imgproc.h 
INFO: [HLS 200-10] Adding design file 'c:/Users/hhhh/rekonfigi/video_passthrough_kria/video_passthrough_kria.gen/sources_1/bd/design_1/ip/design_1_v_tpg_0_0/src/hls/hls_video_imgproc.h' to the project
INFO: [HLS 200-1510] Running: add_files -cflags  -I c:/Users/hhhh/rekonfigi/video_passthrough_kria/video_passthrough_kria.gen/sources_1/bd/design_1/ip/design_1_v_tpg_0_0/src/hls -I c:/Users/hhhh/rekonfigi/video_passthrough_kria/video_passthrough_kria.gen/sources_1/bd/design_1/ip/design_1_v_tpg_0_0/src  c:/Users/hhhh/rekonfigi/video_passthrough_kria/video_passthrough_kria.gen/sources_1/bd/design_1/ip/design_1_v_tpg_0_0/src/hls/hls_video_io.h 
INFO: [HLS 200-10] Adding design file 'c:/Users/hhhh/rekonfigi/video_passthrough_kria/video_passthrough_kria.gen/sources_1/bd/design_1/ip/design_1_v_tpg_0_0/src/hls/hls_video_io.h' to the project
INFO: [HLS 200-1510] Running: add_files -cflags  -I c:/Users/hhhh/rekonfigi/video_passthrough_kria/video_passthrough_kria.gen/sources_1/bd/design_1/ip/design_1_v_tpg_0_0/src/hls -I c:/Users/hhhh/rekonfigi/video_passthrough_kria/video_passthrough_kria.gen/sources_1/bd/design_1/ip/design_1_v_tpg_0_0/src  c:/Users/hhhh/rekonfigi/video_passthrough_kria/video_passthrough_kria.gen/sources_1/bd/design_1/ip/design_1_v_tpg_0_0/src/hls/hls_video_mem.h 
INFO: [HLS 200-10] Adding design file 'c:/Users/hhhh/rekonfigi/video_passthrough_kria/video_passthrough_kria.gen/sources_1/bd/design_1/ip/design_1_v_tpg_0_0/src/hls/hls_video_mem.h' to the project
INFO: [HLS 200-1510] Running: add_files -cflags  -I c:/Users/hhhh/rekonfigi/video_passthrough_kria/video_passthrough_kria.gen/sources_1/bd/design_1/ip/design_1_v_tpg_0_0/src/hls -I c:/Users/hhhh/rekonfigi/video_passthrough_kria/video_passthrough_kria.gen/sources_1/bd/design_1/ip/design_1_v_tpg_0_0/src  c:/Users/hhhh/rekonfigi/video_passthrough_kria/video_passthrough_kria.gen/sources_1/bd/design_1/ip/design_1_v_tpg_0_0/src/hls/hls_video_stereobm.h 
INFO: [HLS 200-10] Adding design file 'c:/Users/hhhh/rekonfigi/video_passthrough_kria/video_passthrough_kria.gen/sources_1/bd/design_1/ip/design_1_v_tpg_0_0/src/hls/hls_video_stereobm.h' to the project
INFO: [HLS 200-1510] Running: add_files -cflags  -I c:/Users/hhhh/rekonfigi/video_passthrough_kria/video_passthrough_kria.gen/sources_1/bd/design_1/ip/design_1_v_tpg_0_0/src/hls -I c:/Users/hhhh/rekonfigi/video_passthrough_kria/video_passthrough_kria.gen/sources_1/bd/design_1/ip/design_1_v_tpg_0_0/src  c:/Users/hhhh/rekonfigi/video_passthrough_kria/video_passthrough_kria.gen/sources_1/bd/design_1/ip/design_1_v_tpg_0_0/src/hls/hls_video_types.h 
INFO: [HLS 200-10] Adding design file 'c:/Users/hhhh/rekonfigi/video_passthrough_kria/video_passthrough_kria.gen/sources_1/bd/design_1/ip/design_1_v_tpg_0_0/src/hls/hls_video_types.h' to the project
INFO: [HLS 200-1510] Running: add_files -cflags  -I c:/Users/hhhh/rekonfigi/video_passthrough_kria/video_passthrough_kria.gen/sources_1/bd/design_1/ip/design_1_v_tpg_0_0/src/hls -I c:/Users/hhhh/rekonfigi/video_passthrough_kria/video_passthrough_kria.gen/sources_1/bd/design_1/ip/design_1_v_tpg_0_0/src  c:/Users/hhhh/rekonfigi/video_passthrough_kria/video_passthrough_kria.gen/sources_1/bd/design_1/ip/design_1_v_tpg_0_0/src/hls/hls_video_undistort.h 
INFO: [HLS 200-10] Adding design file 'c:/Users/hhhh/rekonfigi/video_passthrough_kria/video_passthrough_kria.gen/sources_1/bd/design_1/ip/design_1_v_tpg_0_0/src/hls/hls_video_undistort.h' to the project
INFO: [HLS 200-1510] Running: create_clock -period 4 -name ap_clk 
INFO: [SYN 201-201] Setting up clock 'ap_clk' with a period of 4ns.
INFO: [HLS 200-1510] Running: config_schedule -verbose 
WARNING: [HLS 200-484] The 'config_schedule -verbose' command is deprecated and will be removed in a future release.
INFO: [HLS 200-1510] Running: config_rtl -module_prefix design_1_v_tpg_0_0_ 
INFO: [HLS 200-1510] Running: config_export -vendor xilinx.com -library ip -version 8.2 
INFO: [HLS 200-1510] Running: csynth_design 
Running Dispatch Server on port: 54872
INFO: [HLS 200-111] Finished File checks and directory preparation: CPU user time: 0 seconds. CPU system time: 0 seconds. Elapsed time: 10.028 seconds; current allocated memory: 103.289 MB.
INFO: [HLS 200-10] Analyzing design file 'c:/Users/hhhh/rekonfigi/video_passthrough_kria/video_passthrough_kria.gen/sources_1/bd/design_1/ip/design_1_v_tpg_0_0/src/v_tpg.cpp' ... 
WARNING: [HLS 207-5531] extra token before variable expression is ignored (C:/Users/hhhh/rekonfigi/video_passthrough_kria/video_passthrough_kria.runs/synth_1/prj/sol/.autopilot/db/v_tpg.cpp:383:33)
WARNING: [HLS 207-5292] unused parameter 'ovrlayId' (C:/Users/hhhh/rekonfigi/video_passthrough_kria/video_passthrough_kria.runs/synth_1/prj/sol/.autopilot/db/v_tpg.cpp:268:21)
WARNING: [HLS 207-5292] unused parameter 'maskId' (C:/Users/hhhh/rekonfigi/video_passthrough_kria/video_passthrough_kria.runs/synth_1/prj/sol/.autopilot/db/v_tpg.cpp:268:35)
WARNING: [HLS 207-5292] unused parameter 'crossHairX' (C:/Users/hhhh/rekonfigi/video_passthrough_kria/video_passthrough_kria.runs/synth_1/prj/sol/.autopilot/db/v_tpg.cpp:268:82)
WARNING: [HLS 207-5292] unused parameter 'crossHairY' (C:/Users/hhhh/rekonfigi/video_passthrough_kria/video_passthrough_kria.runs/synth_1/prj/sol/.autopilot/db/v_tpg.cpp:269:8)
WARNING: [HLS 207-5292] unused parameter 'boxSize' (C:/Users/hhhh/rekonfigi/video_passthrough_kria/video_passthrough_kria.runs/synth_1/prj/sol/.autopilot/db/v_tpg.cpp:270:33)
WARNING: [HLS 207-5292] unused parameter 'boxColorR' (C:/Users/hhhh/rekonfigi/video_passthrough_kria/video_passthrough_kria.runs/synth_1/prj/sol/.autopilot/db/v_tpg.cpp:270:47)
WARNING: [HLS 207-5292] unused parameter 'boxColorG' (C:/Users/hhhh/rekonfigi/video_passthrough_kria/video_passthrough_kria.runs/synth_1/prj/sol/.autopilot/db/v_tpg.cpp:270:63)
WARNING: [HLS 207-5292] unused parameter 'boxColorB' (C:/Users/hhhh/rekonfigi/video_passthrough_kria/video_passthrough_kria.runs/synth_1/prj/sol/.autopilot/db/v_tpg.cpp:270:79)
INFO: [HLS 200-111] Finished Source Code Analysis and Preprocessing: CPU user time: 3 seconds. CPU system time: 0 seconds. Elapsed time: 23.141 seconds; current allocated memory: 124.027 MB.
INFO: [HLS 200-777] Using interface defaults for 'Vivado' flow target.
INFO: [HLS 214-131] Inlining function 'hls::axis<ap_uint<30>, 1ul, 1ul, 1ul>::get_user_ptr()' into 'hls::stream<hls::axis<ap_uint<30>, 1ul, 1ul, 1ul>, 0>::read(hls::axis<ap_uint<30>, 1ul, 1ul, 1ul>&)' (C:/Xilinx/Vitis_HLS/2022.2/common/technology/autopilot\ap_axi_sdata.h:237:50)
INFO: [HLS 214-131] Inlining function 'hls::axis<ap_uint<30>, 1ul, 1ul, 1ul>::get_dest_ptr()' into 'hls::stream<hls::axis<ap_uint<30>, 1ul, 1ul, 1ul>, 0>::read(hls::axis<ap_uint<30>, 1ul, 1ul, 1ul>&)' (C:/Xilinx/Vitis_HLS/2022.2/common/technology/autopilot\ap_axi_sdata.h:240:25)
INFO: [HLS 214-131] Inlining function 'hls::axis<ap_uint<30>, 1ul, 1ul, 1ul>::get_id_ptr()' into 'hls::stream<hls::axis<ap_uint<30>, 1ul, 1ul, 1ul>, 0>::read(hls::axis<ap_uint<30>, 1ul, 1ul, 1ul>&)' (C:/Xilinx/Vitis_HLS/2022.2/common/technology/autopilot\ap_axi_sdata.h:239:67)
INFO: [HLS 214-131] Inlining function 'hls::axis<ap_uint<30>, 1ul, 1ul, 1ul>::get_user_ptr()' into 'hls::stream<hls::axis<ap_uint<30>, 1ul, 1ul, 1ul>, 0>::read(hls::axis<ap_uint<30>, 1ul, 1ul, 1ul>&)' (C:/Xilinx/Vitis_HLS/2022.2/common/technology/autopilot\ap_axi_sdata.h:239:36)
INFO: [HLS 214-131] Inlining function 'hls::axis<ap_uint<30>, 1ul, 1ul, 1ul>::get_dest_ptr()' into 'hls::stream<hls::axis<ap_uint<30>, 1ul, 1ul, 1ul>, 0>::read(hls::axis<ap_uint<30>, 1ul, 1ul, 1ul>&)' (C:/Xilinx/Vitis_HLS/2022.2/common/technology/autopilot\ap_axi_sdata.h:238:39)
INFO: [HLS 214-131] Inlining function 'hls::axis<ap_uint<30>, 1ul, 1ul, 1ul>::get_id_ptr()' into 'hls::stream<hls::axis<ap_uint<30>, 1ul, 1ul, 1ul>, 0>::read(hls::axis<ap_uint<30>, 1ul, 1ul, 1ul>&)' (C:/Xilinx/Vitis_HLS/2022.2/common/technology/autopilot\ap_axi_sdata.h:238:23)
INFO: [HLS 214-131] Inlining function 'hls::stream<hls::axis<ap_uint<30>, 1ul, 1ul, 1ul>, 0>::read(hls::axis<ap_uint<30>, 1ul, 1ul, 1ul>&)' into 'hls::stream<hls::axis<ap_uint<30>, 1ul, 1ul, 1ul>, 0>::operator>>(hls::axis<ap_uint<30>, 1ul, 1ul, 1ul>&)' (C:/Xilinx/Vitis_HLS/2022.2/common/technology/autopilot\ap_axi_sdata.h:214:80)
INFO: [HLS 214-131] Inlining function 'ap_range_ref<30, false>::ap_range_ref(ap_int_base<30, false>*, int, int)' into 'ap_int_base<30, false>::range(int, int)' (C:/Xilinx/Vitis_HLS/2022.2/common/technology/autopilot\ap_int_base.h:1048:12)
INFO: [HLS 214-131] Inlining function 'ap_int_base<30, false>::range(int, int)' into 'ap_int_base<30, false>::operator()(int, int)' (C:/Xilinx/Vitis_HLS/2022.2/common/technology/autopilot\ap_int_base.h:1085:18)
INFO: [HLS 214-131] Inlining function 'ap_range_ref<30, false>::get() const' into 'ap_int_base<10, false>::ap_int_base<30, false>(ap_range_ref<30, false> const&)' (C:/Xilinx/Vitis_HLS/2022.2/common/technology/autopilot\ap_int_base.h:358:20)
INFO: [HLS 214-131] Inlining function 'ap_int_base<10, false>::ap_int_base<30, false>(ap_range_ref<30, false> const&)' into 'ap_uint<10>::ap_uint<30, false>(ap_range_ref<30, false> const&)'
INFO: [HLS 214-131] Inlining function 'ap_int_base<30, false>::operator()(int, int)' into 'void hls::AXIGetBitFields<30, ap_uint<10> >(ap_uint<30>, int, int, ap_uint<10>&)' (c:/Users/hhhh/rekonfigi/video_passthrough_kria/video_passthrough_kria.gen/sources_1/bd/design_1/ip/design_1_v_tpg_0_0/src/hls/hls_axi_io.h:49:14)
INFO: [HLS 214-131] Inlining function 'void hls::AXIGetBitFields<30, ap_uint<10> >(ap_uint<30>, int, int, ap_uint<10>&)' into 'void hls::AXIGetBitFields<30, ap_uint<10> >(hls::axis<ap_uint<30>, 1ul, 1ul, 1ul>, int, int, ap_uint<10>&)' (c:/Users/hhhh/rekonfigi/video_passthrough_kria/video_passthrough_kria.gen/sources_1/bd/design_1/ip/design_1_v_tpg_0_0/src/hls/hls_axi_io.h:71:2)
INFO: [HLS 214-131] Inlining function 'hls::Scalar<3, ap_uint<10> >::Scalar()' into 'AXIvideo2MultiPixStream(hls::stream<hls::axis<ap_uint<30>, 1ul, 1ul, 1ul>, 0>&, hls::stream<hls::Scalar<3, ap_uint<10> >, 0>&, unsigned char&, unsigned short&, unsigned short&, unsigned char&)' (C:/Users/hhhh/rekonfigi/video_passthrough_kria/video_passthrough_kria.runs/synth_1/prj/sol/.autopilot/db/v_tpg.cpp:781:18)
INFO: [HLS 214-131] Inlining function 'ap_int_base<1, false>::to_int() const' into 'AXIvideo2MultiPixStream(hls::stream<hls::axis<ap_uint<30>, 1ul, 1ul, 1ul>, 0>&, hls::stream<hls::Scalar<3, ap_uint<10> >, 0>&, unsigned char&, unsigned short&, unsigned short&, unsigned char&)' (C:/Users/hhhh/rekonfigi/video_passthrough_kria/video_passthrough_kria.runs/synth_1/prj/sol/.autopilot/db/v_tpg.cpp:858:20)
INFO: [HLS 214-131] Inlining function 'hls::stream<hls::axis<ap_uint<30>, 1ul, 1ul, 1ul>, 0>::operator>>(hls::axis<ap_uint<30>, 1ul, 1ul, 1ul>&)' into 'AXIvideo2MultiPixStream(hls::stream<hls::axis<ap_uint<30>, 1ul, 1ul, 1ul>, 0>&, hls::stream<hls::Scalar<3, ap_uint<10> >, 0>&, unsigned char&, unsigned short&, unsigned short&, unsigned char&)' (C:/Users/hhhh/rekonfigi/video_passthrough_kria/video_passthrough_kria.runs/synth_1/prj/sol/.autopilot/db/v_tpg.cpp:857:17)
INFO: [HLS 214-131] Inlining function 'void hls::AXIGetBitFields<30, ap_uint<10> >(hls::axis<ap_uint<30>, 1ul, 1ul, 1ul>, int, int, ap_uint<10>&)' into 'AXIvideo2MultiPixStream(hls::stream<hls::axis<ap_uint<30>, 1ul, 1ul, 1ul>, 0>&, hls::stream<hls::Scalar<3, ap_uint<10> >, 0>&, unsigned char&, unsigned short&, unsigned short&, unsigned char&)' (C:/Users/hhhh/rekonfigi/video_passthrough_kria/video_passthrough_kria.runs/synth_1/prj/sol/.autopilot/db/v_tpg.cpp:834:7)
INFO: [HLS 214-131] Inlining function 'hls::stream<hls::axis<ap_uint<30>, 1ul, 1ul, 1ul>, 0>::operator>>(hls::axis<ap_uint<30>, 1ul, 1ul, 1ul>&)' into 'AXIvideo2MultiPixStream(hls::stream<hls::axis<ap_uint<30>, 1ul, 1ul, 1ul>, 0>&, hls::stream<hls::Scalar<3, ap_uint<10> >, 0>&, unsigned char&, unsigned short&, unsigned short&, unsigned char&)' (C:/Users/hhhh/rekonfigi/video_passthrough_kria/video_passthrough_kria.runs/synth_1/prj/sol/.autopilot/db/v_tpg.cpp:796:17)
INFO: [HLS 214-131] Inlining function 'void hls::AXIGetBitFields<30, ap_uint<10> >(hls::axis<ap_uint<30>, 1ul, 1ul, 1ul>, int, int, ap_uint<10>&)' into 'AXIvideo2MultiPixStream(hls::stream<hls::axis<ap_uint<30>, 1ul, 1ul, 1ul>, 0>&, hls::stream<hls::Scalar<3, ap_uint<10> >, 0>&, unsigned char&, unsigned short&, unsigned short&, unsigned char&)' (C:/Users/hhhh/rekonfigi/video_passthrough_kria/video_passthrough_kria.runs/synth_1/prj/sol/.autopilot/db/v_tpg.cpp:833:7)
INFO: [HLS 214-131] Inlining function 'ap_int_base<1, false>::to_int() const' into 'AXIvideo2MultiPixStream(hls::stream<hls::axis<ap_uint<30>, 1ul, 1ul, 1ul>, 0>&, hls::stream<hls::Scalar<3, ap_uint<10> >, 0>&, unsigned char&, unsigned short&, unsigned short&, unsigned char&)' (C:/Users/hhhh/rekonfigi/video_passthrough_kria/video_passthrough_kria.runs/synth_1/prj/sol/.autopilot/db/v_tpg.cpp:797:19)
INFO: [HLS 214-131] Inlining function 'void hls::AXIGetBitFields<30, ap_uint<10> >(hls::axis<ap_uint<30>, 1ul, 1ul, 1ul>, int, int, ap_uint<10>&)' into 'AXIvideo2MultiPixStream(hls::stream<hls::axis<ap_uint<30>, 1ul, 1ul, 1ul>, 0>&, hls::stream<hls::Scalar<3, ap_uint<10> >, 0>&, unsigned char&, unsigned short&, unsigned short&, unsigned char&)' (C:/Users/hhhh/rekonfigi/video_passthrough_kria/video_passthrough_kria.runs/synth_1/prj/sol/.autopilot/db/v_tpg.cpp:832:2)
INFO: [HLS 214-131] Inlining function 'ap_int_base<1, false>::to_int() const' into 'AXIvideo2MultiPixStream(hls::stream<hls::axis<ap_uint<30>, 1ul, 1ul, 1ul>, 0>&, hls::stream<hls::Scalar<3, ap_uint<10> >, 0>&, unsigned char&, unsigned short&, unsigned short&, unsigned char&)' (C:/Users/hhhh/rekonfigi/video_passthrough_kria/video_passthrough_kria.runs/synth_1/prj/sol/.autopilot/db/v_tpg.cpp:812:21)
INFO: [HLS 214-131] Inlining function 'ap_int_base<1, false>::to_int() const' into 'AXIvideo2MultiPixStream(hls::stream<hls::axis<ap_uint<30>, 1ul, 1ul, 1ul>, 0>&, hls::stream<hls::Scalar<3, ap_uint<10> >, 0>&, unsigned char&, unsigned short&, unsigned short&, unsigned char&)' (C:/Users/hhhh/rekonfigi/video_passthrough_kria/video_passthrough_kria.runs/synth_1/prj/sol/.autopilot/db/v_tpg.cpp:817:21)
INFO: [HLS 214-131] Inlining function 'hls::stream<hls::axis<ap_uint<30>, 1ul, 1ul, 1ul>, 0>::operator>>(hls::axis<ap_uint<30>, 1ul, 1ul, 1ul>&)' into 'AXIvideo2MultiPixStream(hls::stream<hls::axis<ap_uint<30>, 1ul, 1ul, 1ul>, 0>&, hls::stream<hls::Scalar<3, ap_uint<10> >, 0>&, unsigned char&, unsigned short&, unsigned short&, unsigned char&)' (C:/Users/hhhh/rekonfigi/video_passthrough_kria/video_passthrough_kria.runs/synth_1/prj/sol/.autopilot/db/v_tpg.cpp:816:21)
INFO: [HLS 214-131] Inlining function '_ZN8ssdm_intILi10ELb0EEC2EDq10_j' into 'ap_int_base<10, false>::ap_int_base(unsigned short)' (C:/Xilinx/Vitis_HLS/2022.2/common/technology/autopilot\ap_int_base.h:213:78)
INFO: [HLS 214-131] Inlining function 'ap_int_base<10, false>::ap_int_base(unsigned short)' into 'ap_uint<10>::ap_uint(unsigned short)'
INFO: [HLS 214-131] Inlining function '_ZN8ssdm_intILi10ELb0EEC2EDq10_j' into 'ap_int_base<10, false>::ap_int_base(int)' (C:/Xilinx/Vitis_HLS/2022.2/common/technology/autopilot\ap_int_base.h:214:67)
INFO: [HLS 214-131] Inlining function 'ap_int_base<10, false>::ap_int_base(int)' into 'ap_uint<10>::ap_uint(int)'
INFO: [HLS 214-131] Inlining function 'hls::Scalar<3, ap_uint<10> >::Scalar()' into 'tpgPatternHorizontalRamp(unsigned short, unsigned short, unsigned char)' (C:/Users/hhhh/rekonfigi/video_passthrough_kria/video_passthrough_kria.runs/synth_1/prj/sol/.autopilot/db/v_tpg.cpp:1025:18)
INFO: [HLS 214-131] Inlining function 'hls::Scalar<3, ap_uint<10> >::Scalar()' into 'tpgPatternVerticalRamp(unsigned short, unsigned short, unsigned short, unsigned char)' (C:/Users/hhhh/rekonfigi/video_passthrough_kria/video_passthrough_kria.runs/synth_1/prj/sol/.autopilot/db/v_tpg.cpp:1048:18)
INFO: [HLS 214-131] Inlining function 'hls::Scalar<3, ap_uint<10> >::Scalar()' into 'tpgPatternTemporalRamp(unsigned short, unsigned char)' (C:/Users/hhhh/rekonfigi/video_passthrough_kria/video_passthrough_kria.runs/synth_1/prj/sol/.autopilot/db/v_tpg.cpp:1072:18)
INFO: [HLS 214-131] Inlining function 'hls::Scalar<3, ap_uint<10> >::Scalar()' into 'tpgPatternSolidRed(unsigned short, unsigned char)' (C:/Users/hhhh/rekonfigi/video_passthrough_kria/video_passthrough_kria.runs/synth_1/prj/sol/.autopilot/db/v_tpg.cpp:1087:18)
INFO: [HLS 214-131] Inlining function 'hls::Scalar<3, ap_uint<10> >::Scalar()' into 'tpgPatternSolidGreen(unsigned short, unsigned char)' (C:/Users/hhhh/rekonfigi/video_passthrough_kria/video_passthrough_kria.runs/synth_1/prj/sol/.autopilot/db/v_tpg.cpp:1108:18)
INFO: [HLS 214-131] Inlining function 'hls::Scalar<3, ap_uint<10> >::Scalar()' into 'tpgPatternSolidBlue(unsigned short, unsigned char)' (C:/Users/hhhh/rekonfigi/video_passthrough_kria/video_passthrough_kria.runs/synth_1/prj/sol/.autopilot/db/v_tpg.cpp:1129:18)
INFO: [HLS 214-131] Inlining function 'hls::Scalar<3, ap_uint<10> >::Scalar()' into 'tpgPatternSolidBlack(unsigned short, unsigned char)' (C:/Users/hhhh/rekonfigi/video_passthrough_kria/video_passthrough_kria.runs/synth_1/prj/sol/.autopilot/db/v_tpg.cpp:1150:18)
INFO: [HLS 214-131] Inlining function 'hls::Scalar<3, ap_uint<10> >::Scalar()' into 'tpgPatternSolidWhite(unsigned short, unsigned char)' (C:/Users/hhhh/rekonfigi/video_passthrough_kria/video_passthrough_kria.runs/synth_1/prj/sol/.autopilot/db/v_tpg.cpp:1172:18)
INFO: [HLS 214-131] Inlining function '_ZN8ssdm_intILi11ELb0EEC2EDq11_j' into 'ap_int_base<11, false>::ap_int_base(int)' (C:/Xilinx/Vitis_HLS/2022.2/common/technology/autopilot\ap_int_base.h:214:67)
INFO: [HLS 214-131] Inlining function 'ap_int_base<11, false>::ap_int_base(int)' into 'ap_uint<11>::ap_uint(int)'
INFO: [HLS 214-131] Inlining function 'ssdm_int<32, true>::ssdm_int(int)' into 'ap_int_base<32, true>::ap_int_base(int)' (C:/Xilinx/Vitis_HLS/2022.2/common/technology/autopilot\ap_int_base.h:214:67)
INFO: [HLS 214-131] Inlining function '_ZN8ssdm_intILi33ELb1EEC2EDq33_i' into 'ap_int_base<33, true>::ap_int_base<11, false>(ap_int_base<11, false> const&)' (C:/Xilinx/Vitis_HLS/2022.2/common/technology/autopilot\ap_int_base.h:185:106)
INFO: [HLS 214-131] Inlining function '_ZN8ssdm_intILi33ELb1EEC2EDq33_i' into 'ap_int_base<33, true>::ap_int_base<32, true>(ap_int_base<32, true> const&)' (C:/Xilinx/Vitis_HLS/2022.2/common/technology/autopilot\ap_int_base.h:185:106)
INFO: [HLS 214-131] Inlining function '_ZN8ssdm_intILi33ELb1EEC2EDq33_i' into 'ap_int_base<33, true>::ap_int_base(int)' (C:/Xilinx/Vitis_HLS/2022.2/common/technology/autopilot\ap_int_base.h:214:67)
INFO: [HLS 214-131] Inlining function 'ap_int_base<33, true>::ap_int_base<11, false>(ap_int_base<11, false> const&)' into 'ap_int_base<11, false>::RType<32, true>::plus operator+<11, false, 32, true>(ap_int_base<11, false> const&, ap_int_base<32, true> const&)' (C:/Xilinx/Vitis_HLS/2022.2/common/technology/autopilot\ap_int_base.h:1495:339)
INFO: [HLS 214-131] Inlining function 'ap_int_base<33, true>::ap_int_base(int)' into 'ap_int_base<11, false>::RType<32, true>::plus operator+<11, false, 32, true>(ap_int_base<11, false> const&, ap_int_base<32, true> const&)' (C:/Xilinx/Vitis_HLS/2022.2/common/technology/autopilot\ap_int_base.h:1495:516)
INFO: [HLS 214-131] Inlining function 'ap_int_base<33, true>::ap_int_base<32, true>(ap_int_base<32, true> const&)' into 'ap_int_base<11, false>::RType<32, true>::plus operator+<11, false, 32, true>(ap_int_base<11, false> const&, ap_int_base<32, true> const&)' (C:/Xilinx/Vitis_HLS/2022.2/common/technology/autopilot\ap_int_base.h:1495:427)
INFO: [HLS 214-131] Inlining function 'ap_int_base<32, true>::ap_int_base(int)' into 'ap_int_base<11, false>::RType<($_0)32, true>::plus operator+<11, false>(ap_int_base<11, false> const&, int)' (C:/Xilinx/Vitis_HLS/2022.2/common/technology/autopilot\ap_int_base.h:1633:1006)
INFO: [HLS 214-131] Inlining function 'ap_int_base<11, false>::RType<32, true>::plus operator+<11, false, 32, true>(ap_int_base<11, false> const&, ap_int_base<32, true> const&)' into 'ap_int_base<11, false>::RType<($_0)32, true>::plus operator+<11, false>(ap_int_base<11, false> const&, int)' (C:/Xilinx/Vitis_HLS/2022.2/common/technology/autopilot\ap_int_base.h:1633:1004)
INFO: [HLS 214-131] Inlining function '_ZN8ssdm_intILi11ELb0EEC2EDq11_j' into 'ap_int_base<11, false>::ap_int_base<33, true>(ap_int_base<33, true> const&)' (C:/Xilinx/Vitis_HLS/2022.2/common/technology/autopilot\ap_int_base.h:185:106)
INFO: [HLS 214-131] Inlining function 'ap_int_base<11, false>::ap_int_base<33, true>(ap_int_base<33, true> const&)' into 'ap_uint<11>::ap_uint<33>(ap_int<33> const&)'
INFO: [HLS 214-131] Inlining function '_ZN8ssdm_intILi34ELb1EEC2EDq34_i' into 'ap_int_base<34, true>::ap_int_base<33, true>(ap_int_base<33, true> const&)' (C:/Xilinx/Vitis_HLS/2022.2/common/technology/autopilot\ap_int_base.h:185:106)
INFO: [HLS 214-131] Inlining function '_ZN8ssdm_intILi34ELb1EEC2EDq34_i' into 'ap_int_base<34, true>::ap_int_base<11, false>(ap_int_base<11, false> const&)' (C:/Xilinx/Vitis_HLS/2022.2/common/technology/autopilot\ap_int_base.h:185:106)
INFO: [HLS 214-131] Inlining function '_ZN8ssdm_intILi34ELb1EEC2EDq34_i' into 'ap_int_base<34, true>::ap_int_base(int)' (C:/Xilinx/Vitis_HLS/2022.2/common/technology/autopilot\ap_int_base.h:214:67)
INFO: [HLS 214-131] Inlining function 'ap_int_base<34, true>::ap_int_base<33, true>(ap_int_base<33, true> const&)' into 'ap_int_base<33, true>::RType<11, false>::minus operator-<33, true, 11, false>(ap_int_base<33, true> const&, ap_int_base<11, false> const&)' (C:/Xilinx/Vitis_HLS/2022.2/common/technology/autopilot\ap_int_base.h:1496:341)
INFO: [HLS 214-131] Inlining function 'ap_int_base<34, true>::ap_int_base(int)' into 'ap_int_base<33, true>::RType<11, false>::minus operator-<33, true, 11, false>(ap_int_base<33, true> const&, ap_int_base<11, false> const&)' (C:/Xilinx/Vitis_HLS/2022.2/common/technology/autopilot\ap_int_base.h:1496:520)
INFO: [HLS 214-131] Inlining function 'ap_int_base<34, true>::ap_int_base<11, false>(ap_int_base<11, false> const&)' into 'ap_int_base<33, true>::RType<11, false>::minus operator-<33, true, 11, false>(ap_int_base<33, true> const&, ap_int_base<11, false> const&)' (C:/Xilinx/Vitis_HLS/2022.2/common/technology/autopilot\ap_int_base.h:1496:430)
INFO: [HLS 214-131] Inlining function '_ZN8ssdm_intILi11ELb0EEC2EDq11_j' into 'ap_int_base<11, false>::ap_int_base<34, true>(ap_int_base<34, true> const&)' (C:/Xilinx/Vitis_HLS/2022.2/common/technology/autopilot\ap_int_base.h:185:106)
INFO: [HLS 214-131] Inlining function 'ap_int_base<11, false>::ap_int_base<34, true>(ap_int_base<34, true> const&)' into 'ap_uint<11>::ap_uint<34>(ap_int<34> const&)'
INFO: [HLS 214-131] Inlining function 'hls::Scalar<3, ap_uint<10> >::Scalar()' into 'tpgPatternColorBars(unsigned short, unsigned short, unsigned char, int)' (C:/Users/hhhh/rekonfigi/video_passthrough_kria/video_passthrough_kria.runs/synth_1/prj/sol/.autopilot/db/v_tpg.cpp:1192:18)
INFO: [HLS 214-131] Inlining function 'ap_int_base<33, true>::RType<11, false>::minus operator-<33, true, 11, false>(ap_int_base<33, true> const&, ap_int_base<11, false> const&)' into 'tpgPatternColorBars(unsigned short, unsigned short, unsigned char, int)' (C:/Users/hhhh/rekonfigi/video_passthrough_kria/video_passthrough_kria.runs/synth_1/prj/sol/.autopilot/db/v_tpg.cpp:1211:26)
INFO: [HLS 214-131] Inlining function 'ap_int_base<11, false>::RType<($_0)32, true>::plus operator+<11, false>(ap_int_base<11, false> const&, int)' into 'tpgPatternColorBars(unsigned short, unsigned short, unsigned char, int)' (C:/Users/hhhh/rekonfigi/video_passthrough_kria/video_passthrough_kria.runs/synth_1/prj/sol/.autopilot/db/v_tpg.cpp:1211:22)
INFO: [HLS 214-131] Inlining function 'ap_int_base<11, false>::RType<($_0)32, true>::plus operator+<11, false>(ap_int_base<11, false> const&, int)' into 'tpgPatternColorBars(unsigned short, unsigned short, unsigned char, int)' (C:/Users/hhhh/rekonfigi/video_passthrough_kria/video_passthrough_kria.runs/synth_1/prj/sol/.autopilot/db/v_tpg.cpp:1207:22)
INFO: [HLS 214-131] Inlining function 'bool ap_int_base<33, true>::operator<<11, false>(ap_int_base<11, false> const&) const' into 'tpgPatternColorBars(unsigned short, unsigned short, unsigned char, int)' (C:/Users/hhhh/rekonfigi/video_passthrough_kria/video_passthrough_kria.runs/synth_1/prj/sol/.autopilot/db/v_tpg.cpp:1205:26)
INFO: [HLS 214-131] Inlining function 'ap_int_base<11, false>::RType<($_0)32, true>::plus operator+<11, false>(ap_int_base<11, false> const&, int)' into 'tpgPatternColorBars(unsigned short, unsigned short, unsigned char, int)' (C:/Users/hhhh/rekonfigi/video_passthrough_kria/video_passthrough_kria.runs/synth_1/prj/sol/.autopilot/db/v_tpg.cpp:1205:21)
INFO: [HLS 214-131] Inlining function '_ZN8ssdm_intILi10ELb0EEC2EDq10_j' into 'ap_int_base<10, false>::ap_int_base(unsigned char)' (C:/Xilinx/Vitis_HLS/2022.2/common/technology/autopilot\ap_int_base.h:211:77)
INFO: [HLS 214-131] Inlining function 'ap_int_base<10, false>::ap_int_base(unsigned char)' into 'ap_uint<10>::ap_uint(unsigned char)'
INFO: [HLS 214-131] Inlining function 'hls::Scalar<3, ap_uint<10> >::Scalar()' into 'tpgPatternZonePlate(unsigned short, unsigned short, unsigned short, unsigned short, unsigned short, unsigned short, unsigned short, unsigned char)' (C:/Users/hhhh/rekonfigi/video_passthrough_kria/video_passthrough_kria.runs/synth_1/prj/sol/.autopilot/db/v_tpg.cpp:1284:18)
INFO: [HLS 214-131] Inlining function '_ZN8ssdm_intILi33ELb1EEC2EDq33_i' into 'ap_int_base<33, true>::ap_int_base<10, false>(ap_int_base<10, false> const&)' (C:/Xilinx/Vitis_HLS/2022.2/common/technology/autopilot\ap_int_base.h:185:106)
INFO: [HLS 214-131] Inlining function 'ap_int_base<33, true>::ap_int_base<10, false>(ap_int_base<10, false> const&)' into 'ap_int_base<10, false>::RType<32, true>::minus operator-<10, false, 32, true>(ap_int_base<10, false> const&, ap_int_base<32, true> const&)' (C:/Xilinx/Vitis_HLS/2022.2/common/technology/autopilot\ap_int_base.h:1496:341)
INFO: [HLS 214-131] Inlining function 'ap_int_base<33, true>::ap_int_base(int)' into 'ap_int_base<10, false>::RType<32, true>::minus operator-<10, false, 32, true>(ap_int_base<10, false> const&, ap_int_base<32, true> const&)' (C:/Xilinx/Vitis_HLS/2022.2/common/technology/autopilot\ap_int_base.h:1496:520)
INFO: [HLS 214-131] Inlining function 'ap_int_base<33, true>::ap_int_base<32, true>(ap_int_base<32, true> const&)' into 'ap_int_base<10, false>::RType<32, true>::minus operator-<10, false, 32, true>(ap_int_base<10, false> const&, ap_int_base<32, true> const&)' (C:/Xilinx/Vitis_HLS/2022.2/common/technology/autopilot\ap_int_base.h:1496:430)
INFO: [HLS 214-131] Inlining function 'ap_int_base<32, true>::ap_int_base(int)' into 'ap_int_base<10, false>::RType<($_0)32, true>::minus operator-<10, false>(ap_int_base<10, false> const&, int)' (C:/Xilinx/Vitis_HLS/2022.2/common/technology/autopilot\ap_int_base.h:1633:1531)
INFO: [HLS 214-131] Inlining function 'ap_int_base<10, false>::RType<32, true>::minus operator-<10, false, 32, true>(ap_int_base<10, false> const&, ap_int_base<32, true> const&)' into 'ap_int_base<10, false>::RType<($_0)32, true>::minus operator-<10, false>(ap_int_base<10, false> const&, int)' (C:/Xilinx/Vitis_HLS/2022.2/common/technology/autopilot\ap_int_base.h:1633:1529)
INFO: [HLS 214-131] Inlining function '_ZN8ssdm_intILi1ELb0EEC2EDq1_j' into 'ap_int_base<1, false>::ap_int_base(int)' (C:/Xilinx/Vitis_HLS/2022.2/common/technology/autopilot\ap_int_base.h:214:67)
INFO: [HLS 214-131] Inlining function 'ap_int_base<1, false>::ap_int_base(int)' into 'ap_int_base<10, false>::operator++(int)' (C:/Xilinx/Vitis_HLS/2022.2/common/technology/autopilot\ap_int_base.h:879:16)
INFO: [HLS 214-131] Inlining function 'ap_int_base<10, false>& ap_int_base<10, false>::operator+=<1, false>(ap_int_base<1, false> const&)' into 'ap_int_base<10, false>::operator++(int)' (C:/Xilinx/Vitis_HLS/2022.2/common/technology/autopilot\ap_int_base.h:879:5)
INFO: [HLS 214-131] Inlining function 'ap_int_base<32, true>::ap_int_base(int)' into 'ap_int_base<10, false>& operator+=<10, false>(ap_int_base<10, false>&, int)' (C:/Xilinx/Vitis_HLS/2022.2/common/technology/autopilot\ap_int_base.h:1727:167)
INFO: [HLS 214-131] Inlining function 'ap_int_base<10, false>& ap_int_base<10, false>::operator+=<32, true>(ap_int_base<32, true> const&)' into 'ap_int_base<10, false>& operator+=<10, false>(ap_int_base<10, false>&, int)' (C:/Xilinx/Vitis_HLS/2022.2/common/technology/autopilot\ap_int_base.h:1727:164)
INFO: [HLS 214-131] Inlining function 'hls::Scalar<3, ap_uint<10> >::Scalar()' into 'tpgPatternTartanColorBars(unsigned short, unsigned short, unsigned short, unsigned short, unsigned char)' (C:/Users/hhhh/rekonfigi/video_passthrough_kria/video_passthrough_kria.runs/synth_1/prj/sol/.autopilot/db/v_tpg.cpp:1326:18)
INFO: [HLS 214-131] Inlining function 'ap_int_base<10, false>& ap_int_base<10, false>::operator-=<10, false>(ap_int_base<10, false> const&)' into 'tpgPatternTartanColorBars(unsigned short, unsigned short, unsigned short, unsigned short, unsigned char)' (C:/Users/hhhh/rekonfigi/video_passthrough_kria/video_passthrough_kria.runs/synth_1/prj/sol/.autopilot/db/v_tpg.cpp:1366:14)
INFO: [HLS 214-131] Inlining function 'ap_int_base<10, false>& operator+=<10, false>(ap_int_base<10, false>&, int)' into 'tpgPatternTartanColorBars(unsigned short, unsigned short, unsigned short, unsigned short, unsigned char)' (C:/Users/hhhh/rekonfigi/video_passthrough_kria/video_passthrough_kria.runs/synth_1/prj/sol/.autopilot/db/v_tpg.cpp:1362:14)
INFO: [HLS 214-131] Inlining function 'bool ap_int_base<10, false>::operator<<10, false>(ap_int_base<10, false> const&) const' into 'tpgPatternTartanColorBars(unsigned short, unsigned short, unsigned short, unsigned short, unsigned char)' (C:/Users/hhhh/rekonfigi/video_passthrough_kria/video_passthrough_kria.runs/synth_1/prj/sol/.autopilot/db/v_tpg.cpp:1360:22)
INFO: [HLS 214-131] Inlining function 'hls::Scalar<3, ap_uint<10> >::Scalar()' into 'tpgPatternTartanColorBars(unsigned short, unsigned short, unsigned short, unsigned short, unsigned char)' (C:/Users/hhhh/rekonfigi/video_passthrough_kria/video_passthrough_kria.runs/synth_1/prj/sol/.autopilot/db/v_tpg.cpp:1354:13)
INFO: [HLS 214-131] Inlining function 'ap_int_base<10, false>::operator++(int)' into 'tpgPatternTartanColorBars(unsigned short, unsigned short, unsigned short, unsigned short, unsigned char)' (C:/Users/hhhh/rekonfigi/video_passthrough_kria/video_passthrough_kria.runs/synth_1/prj/sol/.autopilot/db/v_tpg.cpp:1343:3)
INFO: [HLS 214-131] Inlining function 'bool ap_int_base<10, false>::operator<<33, true>(ap_int_base<33, true> const&) const' into 'tpgPatternTartanColorBars(unsigned short, unsigned short, unsigned short, unsigned short, unsigned char)' (C:/Users/hhhh/rekonfigi/video_passthrough_kria/video_passthrough_kria.runs/synth_1/prj/sol/.autopilot/db/v_tpg.cpp:1341:19)
INFO: [HLS 214-131] Inlining function 'ap_int_base<10, false>::RType<($_0)32, true>::minus operator-<10, false>(ap_int_base<10, false> const&, int)' into 'tpgPatternTartanColorBars(unsigned short, unsigned short, unsigned short, unsigned short, unsigned char)' (C:/Users/hhhh/rekonfigi/video_passthrough_kria/video_passthrough_kria.runs/synth_1/prj/sol/.autopilot/db/v_tpg.cpp:1341:31)
INFO: [HLS 214-131] Inlining function 'hls::Scalar<3, ap_uint<10> >::Scalar()' into 'tpgPatternCrossHatch(unsigned short, unsigned short, unsigned short, unsigned short, unsigned char)' (C:/Users/hhhh/rekonfigi/video_passthrough_kria/video_passthrough_kria.runs/synth_1/prj/sol/.autopilot/db/v_tpg.cpp:1394:18)
INFO: [HLS 214-131] Inlining function 'ap_int_base<10, false>& ap_int_base<10, false>::operator-=<10, false>(ap_int_base<10, false> const&)' into 'tpgPatternCrossHatch(unsigned short, unsigned short, unsigned short, unsigned short, unsigned char)' (C:/Users/hhhh/rekonfigi/video_passthrough_kria/video_passthrough_kria.runs/synth_1/prj/sol/.autopilot/db/v_tpg.cpp:1445:14)
INFO: [HLS 214-131] Inlining function 'bool ap_int_base<10, false>::operator==<10, false>(ap_int_base<10, false> const&) const' into 'tpgPatternCrossHatch(unsigned short, unsigned short, unsigned short, unsigned short, unsigned char)' (C:/Users/hhhh/rekonfigi/video_passthrough_kria/video_passthrough_kria.runs/synth_1/prj/sol/.autopilot/db/v_tpg.cpp:1438:22)
INFO: [HLS 214-131] Inlining function 'ap_int_base<10, false>& operator+=<10, false>(ap_int_base<10, false>&, int)' into 'tpgPatternCrossHatch(unsigned short, unsigned short, unsigned short, unsigned short, unsigned char)' (C:/Users/hhhh/rekonfigi/video_passthrough_kria/video_passthrough_kria.runs/synth_1/prj/sol/.autopilot/db/v_tpg.cpp:1435:14)
INFO: [HLS 214-131] Inlining function 'bool ap_int_base<10, false>::operator<<10, false>(ap_int_base<10, false> const&) const' into 'tpgPatternCrossHatch(unsigned short, unsigned short, unsigned short, unsigned short, unsigned char)' (C:/Users/hhhh/rekonfigi/video_passthrough_kria/video_passthrough_kria.runs/synth_1/prj/sol/.autopilot/db/v_tpg.cpp:1433:22)
INFO: [HLS 214-131] Inlining function 'ap_int_base<10, false>::operator++(int)' into 'tpgPatternCrossHatch(unsigned short, unsigned short, unsigned short, unsigned short, unsigned char)' (C:/Users/hhhh/rekonfigi/video_passthrough_kria/video_passthrough_kria.runs/synth_1/prj/sol/.autopilot/db/v_tpg.cpp:1416:3)
INFO: [HLS 214-131] Inlining function 'bool ap_int_base<10, false>::operator==<33, true>(ap_int_base<33, true> const&) const' into 'tpgPatternCrossHatch(unsigned short, unsigned short, unsigned short, unsigned short, unsigned char)' (C:/Users/hhhh/rekonfigi/video_passthrough_kria/video_passthrough_kria.runs/synth_1/prj/sol/.autopilot/db/v_tpg.cpp:1409:19)
INFO: [HLS 214-131] Inlining function 'ap_int_base<10, false>::RType<($_0)32, true>::minus operator-<10, false>(ap_int_base<10, false> const&, int)' into 'tpgPatternCrossHatch(unsigned short, unsigned short, unsigned short, unsigned short, unsigned char)' (C:/Users/hhhh/rekonfigi/video_passthrough_kria/video_passthrough_kria.runs/synth_1/prj/sol/.autopilot/db/v_tpg.cpp:1409:32)
INFO: [HLS 214-131] Inlining function 'hls::Scalar<3, ap_uint<10> >::Scalar()' into 'tpgPatternRainbow(unsigned short, unsigned char)' (C:/Users/hhhh/rekonfigi/video_passthrough_kria/video_passthrough_kria.runs/synth_1/prj/sol/.autopilot/db/v_tpg.cpp:1230:18)
INFO: [HLS 214-131] Inlining function 'hls::Scalar<3, ap_uint<10> >::Scalar()' into 'tpgPatternVerticalHorizontalRamp(unsigned short, unsigned short, unsigned short, unsigned char)' (C:/Users/hhhh/rekonfigi/video_passthrough_kria/video_passthrough_kria.runs/synth_1/prj/sol/.autopilot/db/v_tpg.cpp:1485:18)
INFO: [HLS 214-131] Inlining function 'hls::Scalar<3, ap_uint<10> >::Scalar()' into 'tpgPatternCheckerBoard(unsigned short, unsigned short, unsigned short, unsigned short, unsigned char)' (C:/Users/hhhh/rekonfigi/video_passthrough_kria/video_passthrough_kria.runs/synth_1/prj/sol/.autopilot/db/v_tpg.cpp:1508:18)
INFO: [HLS 214-131] Inlining function 'ap_int_base<10, false>& ap_int_base<10, false>::operator-=<10, false>(ap_int_base<10, false> const&)' into 'tpgPatternCheckerBoard(unsigned short, unsigned short, unsigned short, unsigned short, unsigned char)' (C:/Users/hhhh/rekonfigi/video_passthrough_kria/video_passthrough_kria.runs/synth_1/prj/sol/.autopilot/db/v_tpg.cpp:1547:14)
INFO: [HLS 214-131] Inlining function 'ap_int_base<10, false>& operator+=<10, false>(ap_int_base<10, false>&, int)' into 'tpgPatternCheckerBoard(unsigned short, unsigned short, unsigned short, unsigned short, unsigned char)' (C:/Users/hhhh/rekonfigi/video_passthrough_kria/video_passthrough_kria.runs/synth_1/prj/sol/.autopilot/db/v_tpg.cpp:1543:14)
INFO: [HLS 214-131] Inlining function 'bool ap_int_base<10, false>::operator<<10, false>(ap_int_base<10, false> const&) const' into 'tpgPatternCheckerBoard(unsigned short, unsigned short, unsigned short, unsigned short, unsigned char)' (C:/Users/hhhh/rekonfigi/video_passthrough_kria/video_passthrough_kria.runs/synth_1/prj/sol/.autopilot/db/v_tpg.cpp:1541:22)
INFO: [HLS 214-131] Inlining function 'ap_int_base<10, false>::operator++(int)' into 'tpgPatternCheckerBoard(unsigned short, unsigned short, unsigned short, unsigned short, unsigned char)' (C:/Users/hhhh/rekonfigi/video_passthrough_kria/video_passthrough_kria.runs/synth_1/prj/sol/.autopilot/db/v_tpg.cpp:1525:3)
INFO: [HLS 214-131] Inlining function 'bool ap_int_base<10, false>::operator<<33, true>(ap_int_base<33, true> const&) const' into 'tpgPatternCheckerBoard(unsigned short, unsigned short, unsigned short, unsigned short, unsigned char)' (C:/Users/hhhh/rekonfigi/video_passthrough_kria/video_passthrough_kria.runs/synth_1/prj/sol/.autopilot/db/v_tpg.cpp:1523:19)
INFO: [HLS 214-131] Inlining function 'ap_int_base<10, false>::RType<($_0)32, true>::minus operator-<10, false>(ap_int_base<10, false> const&, int)' into 'tpgPatternCheckerBoard(unsigned short, unsigned short, unsigned short, unsigned short, unsigned char)' (C:/Users/hhhh/rekonfigi/video_passthrough_kria/video_passthrough_kria.runs/synth_1/prj/sol/.autopilot/db/v_tpg.cpp:1523:31)
INFO: [HLS 214-131] Inlining function '_ZN8ssdm_intILi28ELb0EEC2EDq28_j' into 'ap_int_base<28, false>::ap_int_base(int)' (C:/Xilinx/Vitis_HLS/2022.2/common/technology/autopilot\ap_int_base.h:214:67)
INFO: [HLS 214-131] Inlining function 'ap_int_base<28, false>::ap_int_base(int)' into 'ap_uint<28>::ap_uint(int)'
INFO: [HLS 214-131] Inlining function 'ap_int_base<28, false>::ap_int_base(int)' into 'ap_int_base<28, false>::RType<28, false>::arg1 operator>><28, false>(ap_int_base<28, false> const&, int)' (C:/Xilinx/Vitis_HLS/2022.2/common/technology/autopilot\ap_int_base.h:1669:558)
INFO: [HLS 214-131] Inlining function 'ap_int_base<28, false>::ap_int_base(int)' into 'ap_int_base<28, false>::RType<28, false>::logic operator^<28, false, 28, false>(ap_int_base<28, false> const&, ap_int_base<28, false> const&)' (C:/Xilinx/Vitis_HLS/2022.2/common/technology/autopilot\ap_int_base.h:1499:520)
INFO: [HLS 214-131] Inlining function 'ssdm_int<32, true>::ssdm_int(int)' into 'ap_int_base<32, true>::ap_int_base<28, false>(ap_int_base<28, false> const&)' (C:/Xilinx/Vitis_HLS/2022.2/common/technology/autopilot\ap_int_base.h:185:106)
INFO: [HLS 214-131] Inlining function 'ap_int_base<32, true>::ap_int_base<28, false>(ap_int_base<28, false> const&)' into 'ap_int_base<28, false>::RType<32, true>::logic operator&<28, false, 32, true>(ap_int_base<28, false> const&, ap_int_base<32, true> const&)' (C:/Xilinx/Vitis_HLS/2022.2/common/technology/autopilot\ap_int_base.h:1497:341)
INFO: [HLS 214-131] Inlining function 'ap_int_base<32, true>::ap_int_base(int)' into 'ap_int_base<28, false>::RType<32, true>::logic operator&<28, false, 32, true>(ap_int_base<28, false> const&, ap_int_base<32, true> const&)' (C:/Xilinx/Vitis_HLS/2022.2/common/technology/autopilot\ap_int_base.h:1497:520)
INFO: [HLS 214-131] Inlining function 'ap_int_base<32, true>::ap_int_base(int)' into 'ap_int_base<28, false>::RType<($_0)32, true>::logic operator&<28, false>(ap_int_base<28, false> const&, int)' (C:/Xilinx/Vitis_HLS/2022.2/common/technology/autopilot\ap_int_base.h:1633:3098)
INFO: [HLS 214-131] Inlining function 'ap_int_base<28, false>::RType<32, true>::logic operator&<28, false, 32, true>(ap_int_base<28, false> const&, ap_int_base<32, true> const&)' into 'ap_int_base<28, false>::RType<($_0)32, true>::logic operator&<28, false>(ap_int_base<28, false> const&, int)' (C:/Xilinx/Vitis_HLS/2022.2/common/technology/autopilot\ap_int_base.h:1633:3096)
INFO: [HLS 214-131] Inlining function '_ZN8ssdm_intILi28ELb0EEC2EDq28_j' into 'ap_int_base<28, false>::ap_int_base<32, true>(ap_int_base<32, true> const&)' (C:/Xilinx/Vitis_HLS/2022.2/common/technology/autopilot\ap_int_base.h:185:106)
INFO: [HLS 214-131] Inlining function 'ap_int_base<28, false>::ap_int_base<32, true>(ap_int_base<32, true> const&)' into 'ap_uint<28>::ap_uint<32>(ap_int<32> const&)'
INFO: [HLS 214-131] Inlining function 'ap_int_base<28, false>::ap_int_base(int)' into 'ap_int_base<28, false>::RType<28, false>::arg1 operator<<<28, false>(ap_int_base<28, false> const&, int)' (C:/Xilinx/Vitis_HLS/2022.2/common/technology/autopilot\ap_int_base.h:1669:228)
INFO: [HLS 214-131] Inlining function 'ap_int_base<28, false>::ap_int_base(int)' into 'ap_int_base<28, false>::RType<28, false>::logic operator|<28, false, 28, false>(ap_int_base<28, false> const&, ap_int_base<28, false> const&)' (C:/Xilinx/Vitis_HLS/2022.2/common/technology/autopilot\ap_int_base.h:1498:520)
INFO: [HLS 214-131] Inlining function '_ZN8ssdm_intILi10ELb0EEC2EDq10_j' into 'ap_int_base<10, false>::ap_int_base<28, false>(ap_int_base<28, false> const&)' (C:/Xilinx/Vitis_HLS/2022.2/common/technology/autopilot\ap_int_base.h:185:106)
INFO: [HLS 214-131] Inlining function 'ap_int_base<10, false>::ap_int_base<28, false>(ap_int_base<28, false> const&)' into 'ap_uint<10>::ap_uint<28>(ap_uint<28> const&)'
INFO: [HLS 214-131] Inlining function 'hls::Scalar<3, ap_uint<10> >::Scalar()' into 'tpgPRBS(unsigned short, unsigned char)' (C:/Users/hhhh/rekonfigi/video_passthrough_kria/video_passthrough_kria.runs/synth_1/prj/sol/.autopilot/db/v_tpg.cpp:1780:18)
INFO: [HLS 214-131] Inlining function 'ap_int_base<28, false>::RType<28, false>::arg1 operator>><28, false>(ap_int_base<28, false> const&, int)' into 'tpgPRBS(unsigned short, unsigned char)' (C:/Users/hhhh/rekonfigi/video_passthrough_kria/video_passthrough_kria.runs/synth_1/prj/sol/.autopilot/db/v_tpg.cpp:1813:17)
INFO: [HLS 214-131] Inlining function 'ap_int_base<28, false>::RType<28, false>::arg1 operator>><28, false>(ap_int_base<28, false> const&, int)' into 'tpgPRBS(unsigned short, unsigned char)' (C:/Users/hhhh/rekonfigi/video_passthrough_kria/video_passthrough_kria.runs/synth_1/prj/sol/.autopilot/db/v_tpg.cpp:1812:17)
INFO: [HLS 214-131] Inlining function 'ap_int_base<28, false>::RType<28, false>::arg1 operator>><28, false>(ap_int_base<28, false> const&, int)' into 'tpgPRBS(unsigned short, unsigned char)' (C:/Users/hhhh/rekonfigi/video_passthrough_kria/video_passthrough_kria.runs/synth_1/prj/sol/.autopilot/db/v_tpg.cpp:1811:17)
INFO: [HLS 214-131] Inlining function 'ap_int_base<28, false>::RType<28, false>::logic operator|<28, false, 28, false>(ap_int_base<28, false> const&, ap_int_base<28, false> const&)' into 'tpgPRBS(unsigned short, unsigned char)' (C:/Users/hhhh/rekonfigi/video_passthrough_kria/video_passthrough_kria.runs/synth_1/prj/sol/.autopilot/db/v_tpg.cpp:1808:26)
INFO: [HLS 214-131] Inlining function 'ap_int_base<28, false>::RType<28, false>::arg1 operator<<<28, false>(ap_int_base<28, false> const&, int)' into 'tpgPRBS(unsigned short, unsigned char)' (C:/Users/hhhh/rekonfigi/video_passthrough_kria/video_passthrough_kria.runs/synth_1/prj/sol/.autopilot/db/v_tpg.cpp:1808:38)
INFO: [HLS 214-131] Inlining function 'ap_int_base<28, false>::RType<28, false>::arg1 operator>><28, false>(ap_int_base<28, false> const&, int)' into 'tpgPRBS(unsigned short, unsigned char)' (C:/Users/hhhh/rekonfigi/video_passthrough_kria/video_passthrough_kria.runs/synth_1/prj/sol/.autopilot/db/v_tpg.cpp:1808:20)
INFO: [HLS 214-131] Inlining function 'ap_int_base<28, false>::RType<($_0)32, true>::logic operator&<28, false>(ap_int_base<28, false> const&, int)' into 'tpgPRBS(unsigned short, unsigned char)' (C:/Users/hhhh/rekonfigi/video_passthrough_kria/video_passthrough_kria.runs/synth_1/prj/sol/.autopilot/db/v_tpg.cpp:1807:46)
INFO: [HLS 214-131] Inlining function 'ap_int_base<28, false>::RType<28, false>::logic operator^<28, false, 28, false>(ap_int_base<28, false> const&, ap_int_base<28, false> const&)' into 'tpgPRBS(unsigned short, unsigned char)' (C:/Users/hhhh/rekonfigi/video_passthrough_kria/video_passthrough_kria.runs/synth_1/prj/sol/.autopilot/db/v_tpg.cpp:1807:29)
INFO: [HLS 214-131] Inlining function 'ap_int_base<28, false>::RType<28, false>::arg1 operator>><28, false>(ap_int_base<28, false> const&, int)' into 'tpgPRBS(unsigned short, unsigned char)' (C:/Users/hhhh/rekonfigi/video_passthrough_kria/video_passthrough_kria.runs/synth_1/prj/sol/.autopilot/db/v_tpg.cpp:1807:39)
INFO: [HLS 214-131] Inlining function 'ap_int_base<28, false>::RType<28, false>::arg1 operator>><28, false>(ap_int_base<28, false> const&, int)' into 'tpgPRBS(unsigned short, unsigned char)' (C:/Users/hhhh/rekonfigi/video_passthrough_kria/video_passthrough_kria.runs/synth_1/prj/sol/.autopilot/db/v_tpg.cpp:1807:23)
INFO: [HLS 214-131] Inlining function 'ap_int_base<28, false>::RType<28, false>::logic operator|<28, false, 28, false>(ap_int_base<28, false> const&, ap_int_base<28, false> const&)' into 'tpgPRBS(unsigned short, unsigned char)' (C:/Users/hhhh/rekonfigi/video_passthrough_kria/video_passthrough_kria.runs/synth_1/prj/sol/.autopilot/db/v_tpg.cpp:1801:26)
INFO: [HLS 214-131] Inlining function 'ap_int_base<28, false>::RType<28, false>::arg1 operator<<<28, false>(ap_int_base<28, false> const&, int)' into 'tpgPRBS(unsigned short, unsigned char)' (C:/Users/hhhh/rekonfigi/video_passthrough_kria/video_passthrough_kria.runs/synth_1/prj/sol/.autopilot/db/v_tpg.cpp:1801:38)
INFO: [HLS 214-131] Inlining function 'ap_int_base<28, false>::RType<28, false>::arg1 operator>><28, false>(ap_int_base<28, false> const&, int)' into 'tpgPRBS(unsigned short, unsigned char)' (C:/Users/hhhh/rekonfigi/video_passthrough_kria/video_passthrough_kria.runs/synth_1/prj/sol/.autopilot/db/v_tpg.cpp:1801:20)
INFO: [HLS 214-131] Inlining function 'ap_int_base<28, false>::RType<($_0)32, true>::logic operator&<28, false>(ap_int_base<28, false> const&, int)' into 'tpgPRBS(unsigned short, unsigned char)' (C:/Users/hhhh/rekonfigi/video_passthrough_kria/video_passthrough_kria.runs/synth_1/prj/sol/.autopilot/db/v_tpg.cpp:1800:46)
INFO: [HLS 214-131] Inlining function 'ap_int_base<28, false>::RType<28, false>::logic operator^<28, false, 28, false>(ap_int_base<28, false> const&, ap_int_base<28, false> const&)' into 'tpgPRBS(unsigned short, unsigned char)' (C:/Users/hhhh/rekonfigi/video_passthrough_kria/video_passthrough_kria.runs/synth_1/prj/sol/.autopilot/db/v_tpg.cpp:1800:29)
INFO: [HLS 214-131] Inlining function 'ap_int_base<28, false>::RType<28, false>::arg1 operator>><28, false>(ap_int_base<28, false> const&, int)' into 'tpgPRBS(unsigned short, unsigned char)' (C:/Users/hhhh/rekonfigi/video_passthrough_kria/video_passthrough_kria.runs/synth_1/prj/sol/.autopilot/db/v_tpg.cpp:1800:39)
INFO: [HLS 214-131] Inlining function 'ap_int_base<28, false>::RType<28, false>::arg1 operator>><28, false>(ap_int_base<28, false> const&, int)' into 'tpgPRBS(unsigned short, unsigned char)' (C:/Users/hhhh/rekonfigi/video_passthrough_kria/video_passthrough_kria.runs/synth_1/prj/sol/.autopilot/db/v_tpg.cpp:1800:23)
INFO: [HLS 214-131] Inlining function 'ap_int_base<28, false>::RType<28, false>::logic operator|<28, false, 28, false>(ap_int_base<28, false> const&, ap_int_base<28, false> const&)' into 'tpgPRBS(unsigned short, unsigned char)' (C:/Users/hhhh/rekonfigi/video_passthrough_kria/video_passthrough_kria.runs/synth_1/prj/sol/.autopilot/db/v_tpg.cpp:1794:26)
INFO: [HLS 214-131] Inlining function 'ap_int_base<28, false>::RType<28, false>::arg1 operator<<<28, false>(ap_int_base<28, false> const&, int)' into 'tpgPRBS(unsigned short, unsigned char)' (C:/Users/hhhh/rekonfigi/video_passthrough_kria/video_passthrough_kria.runs/synth_1/prj/sol/.autopilot/db/v_tpg.cpp:1794:38)
INFO: [HLS 214-131] Inlining function 'ap_int_base<28, false>::RType<28, false>::arg1 operator>><28, false>(ap_int_base<28, false> const&, int)' into 'tpgPRBS(unsigned short, unsigned char)' (C:/Users/hhhh/rekonfigi/video_passthrough_kria/video_passthrough_kria.runs/synth_1/prj/sol/.autopilot/db/v_tpg.cpp:1794:20)
INFO: [HLS 214-131] Inlining function 'ap_int_base<28, false>::RType<($_0)32, true>::logic operator&<28, false>(ap_int_base<28, false> const&, int)' into 'tpgPRBS(unsigned short, unsigned char)' (C:/Users/hhhh/rekonfigi/video_passthrough_kria/video_passthrough_kria.runs/synth_1/prj/sol/.autopilot/db/v_tpg.cpp:1793:46)
INFO: [HLS 214-131] Inlining function 'ap_int_base<28, false>::RType<28, false>::logic operator^<28, false, 28, false>(ap_int_base<28, false> const&, ap_int_base<28, false> const&)' into 'tpgPRBS(unsigned short, unsigned char)' (C:/Users/hhhh/rekonfigi/video_passthrough_kria/video_passthrough_kria.runs/synth_1/prj/sol/.autopilot/db/v_tpg.cpp:1793:29)
INFO: [HLS 214-131] Inlining function 'ap_int_base<28, false>::RType<28, false>::arg1 operator>><28, false>(ap_int_base<28, false> const&, int)' into 'tpgPRBS(unsigned short, unsigned char)' (C:/Users/hhhh/rekonfigi/video_passthrough_kria/video_passthrough_kria.runs/synth_1/prj/sol/.autopilot/db/v_tpg.cpp:1793:39)
INFO: [HLS 214-131] Inlining function 'ap_int_base<28, false>::RType<28, false>::arg1 operator>><28, false>(ap_int_base<28, false> const&, int)' into 'tpgPRBS(unsigned short, unsigned char)' (C:/Users/hhhh/rekonfigi/video_passthrough_kria/video_passthrough_kria.runs/synth_1/prj/sol/.autopilot/db/v_tpg.cpp:1793:23)
INFO: [HLS 214-131] Inlining function 'hls::Scalar<3, ap_uint<10> >::Scalar()' into 'tpgPatternDPColorRamp(unsigned short, unsigned short, unsigned char)' (C:/Users/hhhh/rekonfigi/video_passthrough_kria/video_passthrough_kria.runs/synth_1/prj/sol/.autopilot/db/v_tpg.cpp:1576:18)
INFO: [HLS 214-131] Inlining function 'hls::Scalar<3, ap_uint<10> >::Scalar()' into 'tpgPatternDPColorRamp(unsigned short, unsigned short, unsigned char)' (C:/Users/hhhh/rekonfigi/video_passthrough_kria/video_passthrough_kria.runs/synth_1/prj/sol/.autopilot/db/v_tpg.cpp:1576:23)
INFO: [HLS 214-131] Inlining function 'hls::Scalar<3, ap_uint<10> >::Scalar()' into 'tpgPatternDPBlackWhiteVerticalLine(unsigned short)' (C:/Users/hhhh/rekonfigi/video_passthrough_kria/video_passthrough_kria.runs/synth_1/prj/sol/.autopilot/db/v_tpg.cpp:1675:18)
INFO: [HLS 214-131] Inlining function 'hls::Scalar<3, ap_uint<10> >::Scalar()' into 'tpgPatternDPColorSquare(unsigned short, unsigned short, unsigned char, unsigned char, unsigned char)' (C:/Users/hhhh/rekonfigi/video_passthrough_kria/video_passthrough_kria.runs/synth_1/prj/sol/.autopilot/db/v_tpg.cpp:1691:18)
INFO: [HLS 214-131] Inlining function 'ap_int_base<10, false>& ap_int_base<10, false>::operator-=<10, false>(ap_int_base<10, false> const&)' into 'tpgPatternDPColorSquare(unsigned short, unsigned short, unsigned char, unsigned char, unsigned char)' (C:/Users/hhhh/rekonfigi/video_passthrough_kria/video_passthrough_kria.runs/synth_1/prj/sol/.autopilot/db/v_tpg.cpp:1729:14)
INFO: [HLS 214-131] Inlining function 'ap_int_base<10, false>& operator+=<10, false>(ap_int_base<10, false>&, int)' into 'tpgPatternDPColorSquare(unsigned short, unsigned short, unsigned char, unsigned char, unsigned char)' (C:/Users/hhhh/rekonfigi/video_passthrough_kria/video_passthrough_kria.runs/synth_1/prj/sol/.autopilot/db/v_tpg.cpp:1725:14)
INFO: [HLS 214-131] Inlining function 'bool ap_int_base<10, false>::operator<<10, false>(ap_int_base<10, false> const&) const' into 'tpgPatternDPColorSquare(unsigned short, unsigned short, unsigned char, unsigned char, unsigned char)' (C:/Users/hhhh/rekonfigi/video_passthrough_kria/video_passthrough_kria.runs/synth_1/prj/sol/.autopilot/db/v_tpg.cpp:1723:22)
INFO: [HLS 214-131] Inlining function 'ap_int_base<10, false>::operator++(int)' into 'tpgPatternDPColorSquare(unsigned short, unsigned short, unsigned char, unsigned char, unsigned char)' (C:/Users/hhhh/rekonfigi/video_passthrough_kria/video_passthrough_kria.runs/synth_1/prj/sol/.autopilot/db/v_tpg.cpp:1708:3)
INFO: [HLS 214-131] Inlining function 'bool ap_int_base<10, false>::operator<<33, true>(ap_int_base<33, true> const&) const' into 'tpgPatternDPColorSquare(unsigned short, unsigned short, unsigned char, unsigned char, unsigned char)' (C:/Users/hhhh/rekonfigi/video_passthrough_kria/video_passthrough_kria.runs/synth_1/prj/sol/.autopilot/db/v_tpg.cpp:1706:19)
INFO: [HLS 214-131] Inlining function 'ap_int_base<10, false>::RType<($_0)32, true>::minus operator-<10, false>(ap_int_base<10, false> const&, int)' into 'tpgPatternDPColorSquare(unsigned short, unsigned short, unsigned char, unsigned char, unsigned char)' (C:/Users/hhhh/rekonfigi/video_passthrough_kria/video_passthrough_kria.runs/synth_1/prj/sol/.autopilot/db/v_tpg.cpp:1706:31)
INFO: [HLS 214-131] Inlining function 'hls::Scalar<3, ap_uint<10> >::Scalar()' into 'tpgBackground(hls::stream<hls::Scalar<3, ap_uint<10> >, 0>&, unsigned short&, unsigned short&, int&, unsigned short&, unsigned short&, unsigned short&, unsigned short&, unsigned char&, unsigned char&, unsigned short&, unsigned short&, unsigned short&, unsigned short&, unsigned char&, unsigned char&, unsigned char&, unsigned char&, hls::stream<hls::Scalar<3, ap_uint<10> >, 0>&)' (C:/Users/hhhh/rekonfigi/video_passthrough_kria/video_passthrough_kria.runs/synth_1/prj/sol/.autopilot/db/v_tpg.cpp:507:18)
INFO: [HLS 214-131] Inlining function 'hls::Scalar<3, ap_uint<10> >::Scalar()' into 'tpgBackground(hls::stream<hls::Scalar<3, ap_uint<10> >, 0>&, unsigned short&, unsigned short&, int&, unsigned short&, unsigned short&, unsigned short&, unsigned short&, unsigned char&, unsigned char&, unsigned short&, unsigned short&, unsigned short&, unsigned short&, unsigned char&, unsigned char&, unsigned char&, unsigned char&, hls::stream<hls::Scalar<3, ap_uint<10> >, 0>&)' (C:/Users/hhhh/rekonfigi/video_passthrough_kria/video_passthrough_kria.runs/synth_1/prj/sol/.autopilot/db/v_tpg.cpp:508:18)
INFO: [HLS 214-131] Inlining function '_ZN8ssdm_intILi5ELb0EEC2EDq5_j' into 'ap_int_base<5, false>::ap_int_base(int)' (C:/Xilinx/Vitis_HLS/2022.2/common/technology/autopilot\ap_int_base.h:214:67)
INFO: [HLS 214-131] Inlining function 'ap_int_base<5, false>::ap_int_base(int)' into 'ap_uint<5>::ap_uint(int)'
INFO: [HLS 214-131] Inlining function 'ap_int_base<1, false>::ap_int_base(int)' into 'ap_uint<1>::ap_uint(int)'
INFO: [HLS 214-131] Inlining function '_ZN8ssdm_intILi30ELb0EEC2EDq30_j' into 'ap_int_base<30, false>::ap_int_base(int)' (C:/Xilinx/Vitis_HLS/2022.2/common/technology/autopilot\ap_int_base.h:214:67)
INFO: [HLS 214-131] Inlining function 'ap_int_base<30, false>::ap_int_base(int)' into 'ap_uint<30>::ap_uint(int)'
INFO: [HLS 214-131] Inlining function '_ZN8ssdm_intILi30ELb0EEC2EDq30_j' into 'ap_int_base<30, false>::ap_int_base<10, false>(ap_int_base<10, false> const&)' (C:/Xilinx/Vitis_HLS/2022.2/common/technology/autopilot\ap_int_base.h:185:106)
INFO: [HLS 214-131] Inlining function 'ap_int_base<30, false>::ap_int_base<10, false>(ap_int_base<10, false> const&)' into 'ap_range_ref<30, false>& ap_range_ref<30, false>::operator=<10, false>(ap_int_base<10, false> const&)' (C:/Xilinx/Vitis_HLS/2022.2/common/technology/autopilot\ap_int_ref.h:367:31)
INFO: [HLS 214-131] Inlining function '_ZN8ssdm_intILi4ELb0EEC2EDq4_j' into 'ap_int_base<4, false>::ap_int_base(int)' (C:/Xilinx/Vitis_HLS/2022.2/common/technology/autopilot\ap_int_base.h:214:67)
INFO: [HLS 214-131] Inlining function 'ap_int_base<4, false>::ap_int_base(int)' into 'ap_uint<4>::ap_uint(int)'
INFO: [HLS 214-131] Inlining function 'hls::axis<ap_uint<30>, 1ul, 1ul, 1ul>::get_user_ptr()' into 'hls::stream<hls::axis<ap_uint<30>, 1ul, 1ul, 1ul>, 0>::write(hls::axis<ap_uint<30>, 1ul, 1ul, 1ul> const&)' (C:/Xilinx/Vitis_HLS/2022.2/common/technology/autopilot\ap_axi_sdata.h:258:51)
INFO: [HLS 214-131] Inlining function 'hls::axis<ap_uint<30>, 1ul, 1ul, 1ul>::get_dest_ptr()' into 'hls::stream<hls::axis<ap_uint<30>, 1ul, 1ul, 1ul>, 0>::write(hls::axis<ap_uint<30>, 1ul, 1ul, 1ul> const&)' (C:/Xilinx/Vitis_HLS/2022.2/common/technology/autopilot\ap_axi_sdata.h:261:26)
INFO: [HLS 214-131] Inlining function 'hls::axis<ap_uint<30>, 1ul, 1ul, 1ul>::get_id_ptr()' into 'hls::stream<hls::axis<ap_uint<30>, 1ul, 1ul, 1ul>, 0>::write(hls::axis<ap_uint<30>, 1ul, 1ul, 1ul> const&)' (C:/Xilinx/Vitis_HLS/2022.2/common/technology/autopilot\ap_axi_sdata.h:260:68)
INFO: [HLS 214-131] Inlining function 'hls::axis<ap_uint<30>, 1ul, 1ul, 1ul>::get_user_ptr()' into 'hls::stream<hls::axis<ap_uint<30>, 1ul, 1ul, 1ul>, 0>::write(hls::axis<ap_uint<30>, 1ul, 1ul, 1ul> const&)' (C:/Xilinx/Vitis_HLS/2022.2/common/technology/autopilot\ap_axi_sdata.h:260:37)
INFO: [HLS 214-131] Inlining function 'hls::axis<ap_uint<30>, 1ul, 1ul, 1ul>::get_dest_ptr()' into 'hls::stream<hls::axis<ap_uint<30>, 1ul, 1ul, 1ul>, 0>::write(hls::axis<ap_uint<30>, 1ul, 1ul, 1ul> const&)' (C:/Xilinx/Vitis_HLS/2022.2/common/technology/autopilot\ap_axi_sdata.h:259:40)
INFO: [HLS 214-131] Inlining function 'hls::axis<ap_uint<30>, 1ul, 1ul, 1ul>::get_id_ptr()' into 'hls::stream<hls::axis<ap_uint<30>, 1ul, 1ul, 1ul>, 0>::write(hls::axis<ap_uint<30>, 1ul, 1ul, 1ul> const&)' (C:/Xilinx/Vitis_HLS/2022.2/common/technology/autopilot\ap_axi_sdata.h:259:24)
INFO: [HLS 214-131] Inlining function 'hls::stream<hls::axis<ap_uint<30>, 1ul, 1ul, 1ul>, 0>::write(hls::axis<ap_uint<30>, 1ul, 1ul, 1ul> const&)' into 'hls::stream<hls::axis<ap_uint<30>, 1ul, 1ul, 1ul>, 0>::operator<<(hls::axis<ap_uint<30>, 1ul, 1ul, 1ul> const&)' (C:/Xilinx/Vitis_HLS/2022.2/common/technology/autopilot\ap_axi_sdata.h:216:86)
INFO: [HLS 214-131] Inlining function 'hls::Scalar<3, ap_uint<10> >::Scalar()' into 'MultiPixStream2AXIvideo(hls::stream<hls::Scalar<3, ap_uint<10> >, 0>&, hls::stream<hls::axis<ap_uint<30>, 1ul, 1ul, 1ul>, 0>&, unsigned short&, unsigned short&, unsigned char&, bool&, bool&, unsigned short&)' (C:/Users/hhhh/rekonfigi/video_passthrough_kria/video_passthrough_kria.runs/synth_1/prj/sol/.autopilot/db/v_tpg.cpp:878:18)
INFO: [HLS 214-131] Inlining function 'hls::stream<hls::axis<ap_uint<30>, 1ul, 1ul, 1ul>, 0>::operator<<(hls::axis<ap_uint<30>, 1ul, 1ul, 1ul> const&)' into 'MultiPixStream2AXIvideo(hls::stream<hls::Scalar<3, ap_uint<10> >, 0>&, hls::stream<hls::axis<ap_uint<30>, 1ul, 1ul, 1ul>, 0>&, unsigned short&, unsigned short&, unsigned char&, bool&, bool&, unsigned short&)' (C:/Users/hhhh/rekonfigi/video_passthrough_kria/video_passthrough_kria.runs/synth_1/prj/sol/.autopilot/db/v_tpg.cpp:990:19)
INFO: [HLS 214-131] Inlining function 'ap_range_ref<30, false>& ap_range_ref<30, false>::operator=<10, false>(ap_int_base<10, false> const&)' into 'MultiPixStream2AXIvideo(hls::stream<hls::Scalar<3, ap_uint<10> >, 0>&, hls::stream<hls::axis<ap_uint<30>, 1ul, 1ul, 1ul>, 0>&, unsigned short&, unsigned short&, unsigned char&, bool&, bool&, unsigned short&)' (C:/Users/hhhh/rekonfigi/video_passthrough_kria/video_passthrough_kria.runs/synth_1/prj/sol/.autopilot/db/v_tpg.cpp:984:42)
INFO: [HLS 214-131] Inlining function 'ap_int_base<30, false>::operator()(int, int)' into 'MultiPixStream2AXIvideo(hls::stream<hls::Scalar<3, ap_uint<10> >, 0>&, hls::stream<hls::axis<ap_uint<30>, 1ul, 1ul, 1ul>, 0>&, unsigned short&, unsigned short&, unsigned char&, bool&, bool&, unsigned short&)' (C:/Users/hhhh/rekonfigi/video_passthrough_kria/video_passthrough_kria.runs/synth_1/prj/sol/.autopilot/db/v_tpg.cpp:984:7)
INFO: [HLS 214-131] Inlining function 'ap_range_ref<30, false>& ap_range_ref<30, false>::operator=<10, false>(ap_int_base<10, false> const&)' into 'MultiPixStream2AXIvideo(hls::stream<hls::Scalar<3, ap_uint<10> >, 0>&, hls::stream<hls::axis<ap_uint<30>, 1ul, 1ul, 1ul>, 0>&, unsigned short&, unsigned short&, unsigned char&, bool&, bool&, unsigned short&)' (C:/Users/hhhh/rekonfigi/video_passthrough_kria/video_passthrough_kria.runs/synth_1/prj/sol/.autopilot/db/v_tpg.cpp:981:42)
INFO: [HLS 214-131] Inlining function 'ap_int_base<30, false>::operator()(int, int)' into 'MultiPixStream2AXIvideo(hls::stream<hls::Scalar<3, ap_uint<10> >, 0>&, hls::stream<hls::axis<ap_uint<30>, 1ul, 1ul, 1ul>, 0>&, unsigned short&, unsigned short&, unsigned char&, bool&, bool&, unsigned short&)' (C:/Users/hhhh/rekonfigi/video_passthrough_kria/video_passthrough_kria.runs/synth_1/prj/sol/.autopilot/db/v_tpg.cpp:981:7)
INFO: [HLS 214-131] Inlining function 'ap_range_ref<30, false>& ap_range_ref<30, false>::operator=<10, false>(ap_int_base<10, false> const&)' into 'MultiPixStream2AXIvideo(hls::stream<hls::Scalar<3, ap_uint<10> >, 0>&, hls::stream<hls::axis<ap_uint<30>, 1ul, 1ul, 1ul>, 0>&, unsigned short&, unsigned short&, unsigned char&, bool&, bool&, unsigned short&)' (C:/Users/hhhh/rekonfigi/video_passthrough_kria/video_passthrough_kria.runs/synth_1/prj/sol/.autopilot/db/v_tpg.cpp:978:42)
INFO: [HLS 214-131] Inlining function 'ap_int_base<30, false>::operator()(int, int)' into 'MultiPixStream2AXIvideo(hls::stream<hls::Scalar<3, ap_uint<10> >, 0>&, hls::stream<hls::axis<ap_uint<30>, 1ul, 1ul, 1ul>, 0>&, unsigned short&, unsigned short&, unsigned char&, bool&, bool&, unsigned short&)' (C:/Users/hhhh/rekonfigi/video_passthrough_kria/video_passthrough_kria.runs/synth_1/prj/sol/.autopilot/db/v_tpg.cpp:978:7)
INFO: [HLS 214-131] Inlining function 'ap_int_base<5, false>::operator unsigned long long() const' into 'MultiPixStream2AXIvideo(hls::stream<hls::Scalar<3, ap_uint<10> >, 0>&, hls::stream<hls::axis<ap_uint<30>, 1ul, 1ul, 1ul>, 0>&, unsigned short&, unsigned short&, unsigned char&, bool&, bool&, unsigned short&)' (C:/Users/hhhh/rekonfigi/video_passthrough_kria/video_passthrough_kria.runs/synth_1/prj/sol/.autopilot/db/v_tpg.cpp:974:24)
INFO: [HLS 214-131] Inlining function 'ap_int_base<5, false>::operator unsigned long long() const' into 'MultiPixStream2AXIvideo(hls::stream<hls::Scalar<3, ap_uint<10> >, 0>&, hls::stream<hls::axis<ap_uint<30>, 1ul, 1ul, 1ul>, 0>&, unsigned short&, unsigned short&, unsigned char&, bool&, bool&, unsigned short&)' (C:/Users/hhhh/rekonfigi/video_passthrough_kria/video_passthrough_kria.runs/synth_1/prj/sol/.autopilot/db/v_tpg.cpp:973:24)
INFO: [HLS 214-131] Inlining function 'ap_int_base<5, false>::operator unsigned long long() const' into 'MultiPixStream2AXIvideo(hls::stream<hls::Scalar<3, ap_uint<10> >, 0>&, hls::stream<hls::axis<ap_uint<30>, 1ul, 1ul, 1ul>, 0>&, unsigned short&, unsigned short&, unsigned char&, bool&, bool&, unsigned short&)' (C:/Users/hhhh/rekonfigi/video_passthrough_kria/video_passthrough_kria.runs/synth_1/prj/sol/.autopilot/db/v_tpg.cpp:972:24)
INFO: [HLS 214-131] Inlining function 'ap_int_base<1, false>::operator unsigned long long() const' into 'MultiPixStream2AXIvideo(hls::stream<hls::Scalar<3, ap_uint<10> >, 0>&, hls::stream<hls::axis<ap_uint<30>, 1ul, 1ul, 1ul>, 0>&, unsigned short&, unsigned short&, unsigned char&, bool&, bool&, unsigned short&)' (C:/Users/hhhh/rekonfigi/video_passthrough_kria/video_passthrough_kria.runs/synth_1/prj/sol/.autopilot/db/v_tpg.cpp:958:8)
INFO: [HLS 214-377] Adding 'ref.tmp46' into disaggregation list because there's array-partition pragma applied on the struct field (C:/Users/hhhh/rekonfigi/video_passthrough_kria/video_passthrough_kria.runs/synth_1/prj/sol/.autopilot/db/v_tpg.cpp:676:26)
INFO: [HLS 214-377] Adding 'ref.tmp44' into disaggregation list because there's array-partition pragma applied on the struct field (C:/Users/hhhh/rekonfigi/video_passthrough_kria/video_passthrough_kria.runs/synth_1/prj/sol/.autopilot/db/v_tpg.cpp:669:26)
INFO: [HLS 214-377] Adding 'ref.tmp42' into disaggregation list because there's array-partition pragma applied on the struct field (C:/Users/hhhh/rekonfigi/video_passthrough_kria/video_passthrough_kria.runs/synth_1/prj/sol/.autopilot/db/v_tpg.cpp:662:23)
INFO: [HLS 214-377] Adding 'ref.tmp40' into disaggregation list because there's array-partition pragma applied on the struct field (C:/Users/hhhh/rekonfigi/video_passthrough_kria/video_passthrough_kria.runs/synth_1/prj/sol/.autopilot/db/v_tpg.cpp:658:14)
INFO: [HLS 214-377] Adding 'ref.tmp38' into disaggregation list because there's array-partition pragma applied on the struct field (C:/Users/hhhh/rekonfigi/video_passthrough_kria/video_passthrough_kria.runs/synth_1/prj/sol/.autopilot/db/v_tpg.cpp:652:14)
INFO: [HLS 214-377] Adding 'ref.tmp36' into disaggregation list because there's array-partition pragma applied on the struct field (C:/Users/hhhh/rekonfigi/video_passthrough_kria/video_passthrough_kria.runs/synth_1/prj/sol/.autopilot/db/v_tpg.cpp:644:26)
INFO: [HLS 214-377] Adding 'ref.tmp34' into disaggregation list because there's array-partition pragma applied on the struct field (C:/Users/hhhh/rekonfigi/video_passthrough_kria/video_passthrough_kria.runs/synth_1/prj/sol/.autopilot/db/v_tpg.cpp:636:26)
INFO: [HLS 214-377] Adding 'ref.tmp32' into disaggregation list because there's array-partition pragma applied on the struct field (C:/Users/hhhh/rekonfigi/video_passthrough_kria/video_passthrough_kria.runs/synth_1/prj/sol/.autopilot/db/v_tpg.cpp:628:14)
INFO: [HLS 214-377] Adding 'ref.tmp30' into disaggregation list because there's array-partition pragma applied on the struct field (C:/Users/hhhh/rekonfigi/video_passthrough_kria/video_passthrough_kria.runs/synth_1/prj/sol/.autopilot/db/v_tpg.cpp:620:14)
INFO: [HLS 214-377] Adding 'ref.tmp28' into disaggregation list because there's array-partition pragma applied on the struct field (C:/Users/hhhh/rekonfigi/video_passthrough_kria/video_passthrough_kria.runs/synth_1/prj/sol/.autopilot/db/v_tpg.cpp:612:26)
INFO: [HLS 214-377] Adding 'ref.tmp26' into disaggregation list because there's array-partition pragma applied on the struct field (C:/Users/hhhh/rekonfigi/video_passthrough_kria/video_passthrough_kria.runs/synth_1/prj/sol/.autopilot/db/v_tpg.cpp:604:14)
INFO: [HLS 214-377] Adding 'ref.tmp24' into disaggregation list because there's array-partition pragma applied on the struct field (C:/Users/hhhh/rekonfigi/video_passthrough_kria/video_passthrough_kria.runs/synth_1/prj/sol/.autopilot/db/v_tpg.cpp:596:26)
INFO: [HLS 214-377] Adding 'ref.tmp22' into disaggregation list because there's array-partition pragma applied on the struct field (C:/Users/hhhh/rekonfigi/video_passthrough_kria/video_passthrough_kria.runs/synth_1/prj/sol/.autopilot/db/v_tpg.cpp:588:26)
INFO: [HLS 214-377] Adding 'ref.tmp20' into disaggregation list because there's array-partition pragma applied on the struct field (C:/Users/hhhh/rekonfigi/video_passthrough_kria/video_passthrough_kria.runs/synth_1/prj/sol/.autopilot/db/v_tpg.cpp:580:26)
INFO: [HLS 214-377] Adding 'ref.tmp18' into disaggregation list because there's array-partition pragma applied on the struct field (C:/Users/hhhh/rekonfigi/video_passthrough_kria/video_passthrough_kria.runs/synth_1/prj/sol/.autopilot/db/v_tpg.cpp:572:26)
INFO: [HLS 214-377] Adding 'ref.tmp16' into disaggregation list because there's array-partition pragma applied on the struct field (C:/Users/hhhh/rekonfigi/video_passthrough_kria/video_passthrough_kria.runs/synth_1/prj/sol/.autopilot/db/v_tpg.cpp:564:26)
INFO: [HLS 214-377] Adding 'ref.tmp14' into disaggregation list because there's array-partition pragma applied on the struct field (C:/Users/hhhh/rekonfigi/video_passthrough_kria/video_passthrough_kria.runs/synth_1/prj/sol/.autopilot/db/v_tpg.cpp:556:26)
INFO: [HLS 214-377] Adding 'ref.tmp12' into disaggregation list because there's array-partition pragma applied on the struct field (C:/Users/hhhh/rekonfigi/video_passthrough_kria/video_passthrough_kria.runs/synth_1/prj/sol/.autopilot/db/v_tpg.cpp:548:26)
INFO: [HLS 214-377] Adding 'ref.tmp' into disaggregation list because there's array-partition pragma applied on the struct field (C:/Users/hhhh/rekonfigi/video_passthrough_kria/video_passthrough_kria.runs/synth_1/prj/sol/.autopilot/db/v_tpg.cpp:540:26)
INFO: [HLS 214-377] Adding 'pix' into disaggregation list because there's array-partition pragma applied on the struct field (c:/Users/hhhh/rekonfigi/video_passthrough_kria/video_passthrough_kria.gen/sources_1/bd/design_1/ip/design_1_v_tpg_0_0/src/hls/hls_video_core.h:184:9)
INFO: [HLS 214-377] Adding 'outpix' into disaggregation list because there's array-partition pragma applied on the struct field (c:/Users/hhhh/rekonfigi/video_passthrough_kria/video_passthrough_kria.gen/sources_1/bd/design_1/ip/design_1_v_tpg_0_0/src/hls/hls_video_core.h:184:9)
INFO: [HLS 214-377] Adding 'tmp' into disaggregation list because there's array-partition pragma applied on the struct field (c:/Users/hhhh/rekonfigi/video_passthrough_kria/video_passthrough_kria.gen/sources_1/bd/design_1/ip/design_1_v_tpg_0_0/src/hls/hls_video_core.h:184:9)
INFO: [HLS 214-210] Disaggregating variable 'pix' (C:/Users/hhhh/rekonfigi/video_passthrough_kria/video_passthrough_kria.runs/synth_1/prj/sol/.autopilot/db/v_tpg.cpp:781:18)
Resolution: For help on HLS 214-210 see www.xilinx.com/cgi-bin/docs/rdoc?v=2022.2;t=hls+guidance;d=214-210.html
INFO: [HLS 214-210] Disaggregating variable 'tmp' (C:/Users/hhhh/rekonfigi/video_passthrough_kria/video_passthrough_kria.runs/synth_1/prj/sol/.autopilot/db/v_tpg.cpp:1576:18)
Resolution: For help on HLS 214-210 see www.xilinx.com/cgi-bin/docs/rdoc?v=2022.2;t=hls+guidance;d=214-210.html
INFO: [HLS 214-210] Disaggregating variable 'ref.tmp46'
Resolution: For help on HLS 214-210 see www.xilinx.com/cgi-bin/docs/rdoc?v=2022.2;t=hls+guidance;d=214-210.html
INFO: [HLS 214-210] Disaggregating variable 'ref.tmp44'
Resolution: For help on HLS 214-210 see www.xilinx.com/cgi-bin/docs/rdoc?v=2022.2;t=hls+guidance;d=214-210.html
INFO: [HLS 214-210] Disaggregating variable 'ref.tmp42'
Resolution: For help on HLS 214-210 see www.xilinx.com/cgi-bin/docs/rdoc?v=2022.2;t=hls+guidance;d=214-210.html
INFO: [HLS 214-210] Disaggregating variable 'ref.tmp40'
Resolution: For help on HLS 214-210 see www.xilinx.com/cgi-bin/docs/rdoc?v=2022.2;t=hls+guidance;d=214-210.html
INFO: [HLS 214-210] Disaggregating variable 'ref.tmp38'
Resolution: For help on HLS 214-210 see www.xilinx.com/cgi-bin/docs/rdoc?v=2022.2;t=hls+guidance;d=214-210.html
INFO: [HLS 214-210] Disaggregating variable 'ref.tmp36'
Resolution: For help on HLS 214-210 see www.xilinx.com/cgi-bin/docs/rdoc?v=2022.2;t=hls+guidance;d=214-210.html
INFO: [HLS 214-210] Disaggregating variable 'ref.tmp34'
Resolution: For help on HLS 214-210 see www.xilinx.com/cgi-bin/docs/rdoc?v=2022.2;t=hls+guidance;d=214-210.html
INFO: [HLS 214-210] Disaggregating variable 'ref.tmp32'
Resolution: For help on HLS 214-210 see www.xilinx.com/cgi-bin/docs/rdoc?v=2022.2;t=hls+guidance;d=214-210.html
INFO: [HLS 214-210] Disaggregating variable 'ref.tmp30'
Resolution: For help on HLS 214-210 see www.xilinx.com/cgi-bin/docs/rdoc?v=2022.2;t=hls+guidance;d=214-210.html
INFO: [HLS 214-210] Disaggregating variable 'ref.tmp28'
Resolution: For help on HLS 214-210 see www.xilinx.com/cgi-bin/docs/rdoc?v=2022.2;t=hls+guidance;d=214-210.html
INFO: [HLS 214-210] Disaggregating variable 'ref.tmp26'
Resolution: For help on HLS 214-210 see www.xilinx.com/cgi-bin/docs/rdoc?v=2022.2;t=hls+guidance;d=214-210.html
INFO: [HLS 214-210] Disaggregating variable 'ref.tmp24'
Resolution: For help on HLS 214-210 see www.xilinx.com/cgi-bin/docs/rdoc?v=2022.2;t=hls+guidance;d=214-210.html
INFO: [HLS 214-210] Disaggregating variable 'ref.tmp22'
Resolution: For help on HLS 214-210 see www.xilinx.com/cgi-bin/docs/rdoc?v=2022.2;t=hls+guidance;d=214-210.html
INFO: [HLS 214-210] Disaggregating variable 'ref.tmp20'
Resolution: For help on HLS 214-210 see www.xilinx.com/cgi-bin/docs/rdoc?v=2022.2;t=hls+guidance;d=214-210.html
INFO: [HLS 214-210] Disaggregating variable 'ref.tmp18'
Resolution: For help on HLS 214-210 see www.xilinx.com/cgi-bin/docs/rdoc?v=2022.2;t=hls+guidance;d=214-210.html
INFO: [HLS 214-210] Disaggregating variable 'ref.tmp16'
Resolution: For help on HLS 214-210 see www.xilinx.com/cgi-bin/docs/rdoc?v=2022.2;t=hls+guidance;d=214-210.html
INFO: [HLS 214-210] Disaggregating variable 'ref.tmp14'
Resolution: For help on HLS 214-210 see www.xilinx.com/cgi-bin/docs/rdoc?v=2022.2;t=hls+guidance;d=214-210.html
INFO: [HLS 214-210] Disaggregating variable 'ref.tmp12'
Resolution: For help on HLS 214-210 see www.xilinx.com/cgi-bin/docs/rdoc?v=2022.2;t=hls+guidance;d=214-210.html
INFO: [HLS 214-210] Disaggregating variable 'ref.tmp'
Resolution: For help on HLS 214-210 see www.xilinx.com/cgi-bin/docs/rdoc?v=2022.2;t=hls+guidance;d=214-210.html
INFO: [HLS 214-210] Disaggregating variable 'pix' (C:/Users/hhhh/rekonfigi/video_passthrough_kria/video_passthrough_kria.runs/synth_1/prj/sol/.autopilot/db/v_tpg.cpp:508:18)
Resolution: For help on HLS 214-210 see www.xilinx.com/cgi-bin/docs/rdoc?v=2022.2;t=hls+guidance;d=214-210.html
INFO: [HLS 214-210] Disaggregating variable 'outpix' (C:/Users/hhhh/rekonfigi/video_passthrough_kria/video_passthrough_kria.runs/synth_1/prj/sol/.autopilot/db/v_tpg.cpp:507:18)
Resolution: For help on HLS 214-210 see www.xilinx.com/cgi-bin/docs/rdoc?v=2022.2;t=hls+guidance;d=214-210.html
INFO: [HLS 214-210] Disaggregating variable 'pix' (C:/Users/hhhh/rekonfigi/video_passthrough_kria/video_passthrough_kria.runs/synth_1/prj/sol/.autopilot/db/v_tpg.cpp:878:18)
Resolution: For help on HLS 214-210 see www.xilinx.com/cgi-bin/docs/rdoc?v=2022.2;t=hls+guidance;d=214-210.html
INFO: [HLS 214-291] Loop 'VITIS_LOOP_966_3' is marked as complete unroll implied by the pipeline pragma (C:/Users/hhhh/rekonfigi/video_passthrough_kria/video_passthrough_kria.runs/synth_1/prj/sol/.autopilot/db/v_tpg.cpp:966:22)
INFO: [HLS 214-291] Loop 'VITIS_LOOP_968_4' is marked as complete unroll implied by the pipeline pragma (C:/Users/hhhh/rekonfigi/video_passthrough_kria/video_passthrough_kria.runs/synth_1/prj/sol/.autopilot/db/v_tpg.cpp:968:23)
INFO: [HLS 214-291] Loop 'VITIS_LOOP_689_3' is marked as complete unroll implied by the pipeline pragma (C:/Users/hhhh/rekonfigi/video_passthrough_kria/video_passthrough_kria.runs/synth_1/prj/sol/.autopilot/db/v_tpg.cpp:689:23)
INFO: [HLS 214-291] Loop 'VITIS_LOOP_1716_1' is marked as complete unroll implied by the pipeline pragma (C:/Users/hhhh/rekonfigi/video_passthrough_kria/video_passthrough_kria.runs/synth_1/prj/sol/.autopilot/db/v_tpg.cpp:1716:21)
INFO: [HLS 214-291] Loop 'anonymous' is marked as complete unroll implied by the pipeline pragma (C:/Users/hhhh/rekonfigi/video_passthrough_kria/video_passthrough_kria.runs/synth_1/prj/sol/.autopilot/db/v_tpg.cpp:1698:21)
INFO: [HLS 214-291] Loop 'anonymous' is marked as complete unroll implied by the pipeline pragma (c:/Users/hhhh/rekonfigi/video_passthrough_kria/video_passthrough_kria.gen/sources_1/bd/design_1/ip/design_1_v_tpg_0_0/src/hls/hls_video_core.h:182:5)
INFO: [HLS 214-291] Loop 'VITIS_LOOP_1679_1' is marked as complete unroll implied by the pipeline pragma (C:/Users/hhhh/rekonfigi/video_passthrough_kria/video_passthrough_kria.runs/synth_1/prj/sol/.autopilot/db/v_tpg.cpp:1679:21)
INFO: [HLS 214-291] Loop 'VITIS_LOOP_1637_1' is marked as complete unroll implied by the pipeline pragma (C:/Users/hhhh/rekonfigi/video_passthrough_kria/video_passthrough_kria.runs/synth_1/prj/sol/.autopilot/db/v_tpg.cpp:1637:22)
INFO: [HLS 214-291] Loop 'VITIS_LOOP_1788_1' is marked as complete unroll implied by the pipeline pragma (C:/Users/hhhh/rekonfigi/video_passthrough_kria/video_passthrough_kria.runs/synth_1/prj/sol/.autopilot/db/v_tpg.cpp:1788:21)
INFO: [HLS 214-291] Loop 'VITIS_LOOP_1533_1' is marked as complete unroll implied by the pipeline pragma (C:/Users/hhhh/rekonfigi/video_passthrough_kria/video_passthrough_kria.runs/synth_1/prj/sol/.autopilot/db/v_tpg.cpp:1533:21)
INFO: [HLS 214-291] Loop 'anonymous' is marked as complete unroll implied by the pipeline pragma (C:/Users/hhhh/rekonfigi/video_passthrough_kria/video_passthrough_kria.runs/synth_1/prj/sol/.autopilot/db/v_tpg.cpp:1515:21)
INFO: [HLS 214-291] Loop 'VITIS_LOOP_1490_1' is marked as complete unroll implied by the pipeline pragma (C:/Users/hhhh/rekonfigi/video_passthrough_kria/video_passthrough_kria.runs/synth_1/prj/sol/.autopilot/db/v_tpg.cpp:1490:21)
INFO: [HLS 214-291] Loop 'VITIS_LOOP_1232_1' is marked as complete unroll implied by the pipeline pragma (C:/Users/hhhh/rekonfigi/video_passthrough_kria/video_passthrough_kria.runs/synth_1/prj/sol/.autopilot/db/v_tpg.cpp:1232:21)
INFO: [HLS 214-291] Loop 'VITIS_LOOP_1420_1' is marked as complete unroll implied by the pipeline pragma (C:/Users/hhhh/rekonfigi/video_passthrough_kria/video_passthrough_kria.runs/synth_1/prj/sol/.autopilot/db/v_tpg.cpp:1420:21)
INFO: [HLS 214-291] Loop 'anonymous' is marked as complete unroll implied by the pipeline pragma (C:/Users/hhhh/rekonfigi/video_passthrough_kria/video_passthrough_kria.runs/synth_1/prj/sol/.autopilot/db/v_tpg.cpp:1402:21)
INFO: [HLS 214-291] Loop 'VITIS_LOOP_1351_1' is marked as complete unroll implied by the pipeline pragma (C:/Users/hhhh/rekonfigi/video_passthrough_kria/video_passthrough_kria.runs/synth_1/prj/sol/.autopilot/db/v_tpg.cpp:1351:21)
INFO: [HLS 214-291] Loop 'anonymous' is marked as complete unroll implied by the pipeline pragma (C:/Users/hhhh/rekonfigi/video_passthrough_kria/video_passthrough_kria.runs/synth_1/prj/sol/.autopilot/db/v_tpg.cpp:1333:21)
INFO: [HLS 214-291] Loop 'VITIS_LOOP_1304_1' is marked as complete unroll implied by the pipeline pragma (C:/Users/hhhh/rekonfigi/video_passthrough_kria/video_passthrough_kria.runs/synth_1/prj/sol/.autopilot/db/v_tpg.cpp:1304:21)
INFO: [HLS 214-291] Loop 'VITIS_LOOP_1198_1' is marked as complete unroll implied by the pipeline pragma (C:/Users/hhhh/rekonfigi/video_passthrough_kria/video_passthrough_kria.runs/synth_1/prj/sol/.autopilot/db/v_tpg.cpp:1198:21)
INFO: [HLS 214-291] Loop 'anonymous' is marked as complete unroll implied by the pipeline pragma (C:/Users/hhhh/rekonfigi/video_passthrough_kria/video_passthrough_kria.runs/synth_1/prj/sol/.autopilot/db/v_tpg.cpp:1194:21)
INFO: [HLS 214-291] Loop 'VITIS_LOOP_1173_1' is marked as complete unroll implied by the pipeline pragma (C:/Users/hhhh/rekonfigi/video_passthrough_kria/video_passthrough_kria.runs/synth_1/prj/sol/.autopilot/db/v_tpg.cpp:1173:21)
INFO: [HLS 214-291] Loop 'VITIS_LOOP_1151_1' is marked as complete unroll implied by the pipeline pragma (C:/Users/hhhh/rekonfigi/video_passthrough_kria/video_passthrough_kria.runs/synth_1/prj/sol/.autopilot/db/v_tpg.cpp:1151:21)
INFO: [HLS 214-291] Loop 'VITIS_LOOP_1130_1' is marked as complete unroll implied by the pipeline pragma (C:/Users/hhhh/rekonfigi/video_passthrough_kria/video_passthrough_kria.runs/synth_1/prj/sol/.autopilot/db/v_tpg.cpp:1130:21)
INFO: [HLS 214-291] Loop 'VITIS_LOOP_1109_1' is marked as complete unroll implied by the pipeline pragma (C:/Users/hhhh/rekonfigi/video_passthrough_kria/video_passthrough_kria.runs/synth_1/prj/sol/.autopilot/db/v_tpg.cpp:1109:21)
INFO: [HLS 214-291] Loop 'VITIS_LOOP_1088_1' is marked as complete unroll implied by the pipeline pragma (C:/Users/hhhh/rekonfigi/video_passthrough_kria/video_passthrough_kria.runs/synth_1/prj/sol/.autopilot/db/v_tpg.cpp:1088:21)
INFO: [HLS 214-291] Loop 'VITIS_LOOP_1073_1' is marked as complete unroll implied by the pipeline pragma (C:/Users/hhhh/rekonfigi/video_passthrough_kria/video_passthrough_kria.runs/synth_1/prj/sol/.autopilot/db/v_tpg.cpp:1073:21)
INFO: [HLS 214-291] Loop 'VITIS_LOOP_1058_1' is marked as complete unroll implied by the pipeline pragma (C:/Users/hhhh/rekonfigi/video_passthrough_kria/video_passthrough_kria.runs/synth_1/prj/sol/.autopilot/db/v_tpg.cpp:1058:21)
INFO: [HLS 214-291] Loop 'VITIS_LOOP_1030_1' is marked as complete unroll implied by the pipeline pragma (C:/Users/hhhh/rekonfigi/video_passthrough_kria/video_passthrough_kria.runs/synth_1/prj/sol/.autopilot/db/v_tpg.cpp:1030:21)
INFO: [HLS 214-291] Loop 'VITIS_LOOP_824_1' is marked as complete unroll implied by the pipeline pragma (C:/Users/hhhh/rekonfigi/video_passthrough_kria/video_passthrough_kria.runs/synth_1/prj/sol/.autopilot/db/v_tpg.cpp:824:23)
INFO: [HLS 214-291] Loop 'VITIS_LOOP_826_2' is marked as complete unroll implied by the pipeline pragma (C:/Users/hhhh/rekonfigi/video_passthrough_kria/video_passthrough_kria.runs/synth_1/prj/sol/.autopilot/db/v_tpg.cpp:826:24)
INFO: [HLS 214-186] Unrolling loop 'VITIS_LOOP_966_3' (C:/Users/hhhh/rekonfigi/video_passthrough_kria/video_passthrough_kria.runs/synth_1/prj/sol/.autopilot/db/v_tpg.cpp:966:22) in function 'MultiPixStream2AXIvideo' completely with a factor of 1 (C:/Users/hhhh/rekonfigi/video_passthrough_kria/video_passthrough_kria.runs/synth_1/prj/sol/.autopilot/db/v_tpg.cpp:876:0)
INFO: [HLS 214-186] Unrolling loop 'VITIS_LOOP_968_4' (C:/Users/hhhh/rekonfigi/video_passthrough_kria/video_passthrough_kria.runs/synth_1/prj/sol/.autopilot/db/v_tpg.cpp:968:23) in function 'MultiPixStream2AXIvideo' completely with a factor of 3 (C:/Users/hhhh/rekonfigi/video_passthrough_kria/video_passthrough_kria.runs/synth_1/prj/sol/.autopilot/db/v_tpg.cpp:876:0)
INFO: [HLS 214-186] Unrolling loop 'VITIS_LOOP_689_3' (C:/Users/hhhh/rekonfigi/video_passthrough_kria/video_passthrough_kria.runs/synth_1/prj/sol/.autopilot/db/v_tpg.cpp:689:23) in function 'tpgBackground' completely with a factor of 1 (C:/Users/hhhh/rekonfigi/video_passthrough_kria/video_passthrough_kria.runs/synth_1/prj/sol/.autopilot/db/v_tpg.cpp:503:0)
INFO: [HLS 214-186] Unrolling loop 'VITIS_LOOP_1716_1' (C:/Users/hhhh/rekonfigi/video_passthrough_kria/video_passthrough_kria.runs/synth_1/prj/sol/.autopilot/db/v_tpg.cpp:1716:21) in function 'tpgPatternDPColorSquare' completely with a factor of 1 (C:/Users/hhhh/rekonfigi/video_passthrough_kria/video_passthrough_kria.runs/synth_1/prj/sol/.autopilot/db/v_tpg.cpp:1690:0)
INFO: [HLS 214-186] Unrolling loop 'anonymous' (C:/Users/hhhh/rekonfigi/video_passthrough_kria/video_passthrough_kria.runs/synth_1/prj/sol/.autopilot/db/v_tpg.cpp:1698:21) in function 'tpgPatternDPColorSquare' completely with a factor of 1 (C:/Users/hhhh/rekonfigi/video_passthrough_kria/video_passthrough_kria.runs/synth_1/prj/sol/.autopilot/db/v_tpg.cpp:1690:0)
INFO: [HLS 214-186] Unrolling loop 'anonymous' (c:/Users/hhhh/rekonfigi/video_passthrough_kria/video_passthrough_kria.gen/sources_1/bd/design_1/ip/design_1_v_tpg_0_0/src/hls/hls_video_core.h:182:5) in function 'tpgPatternDPColorSquare' completely with a factor of 3 (C:/Users/hhhh/rekonfigi/video_passthrough_kria/video_passthrough_kria.runs/synth_1/prj/sol/.autopilot/db/v_tpg.cpp:1690:0)
INFO: [HLS 214-186] Unrolling loop 'VITIS_LOOP_1679_1' (C:/Users/hhhh/rekonfigi/video_passthrough_kria/video_passthrough_kria.runs/synth_1/prj/sol/.autopilot/db/v_tpg.cpp:1679:21) in function 'tpgPatternDPBlackWhiteVerticalLine' completely with a factor of 1 (C:/Users/hhhh/rekonfigi/video_passthrough_kria/video_passthrough_kria.runs/synth_1/prj/sol/.autopilot/db/v_tpg.cpp:1674:0)
INFO: [HLS 214-186] Unrolling loop 'anonymous' (c:/Users/hhhh/rekonfigi/video_passthrough_kria/video_passthrough_kria.gen/sources_1/bd/design_1/ip/design_1_v_tpg_0_0/src/hls/hls_video_core.h:182:5) in function 'tpgPatternDPBlackWhiteVerticalLine' completely with a factor of 3 (C:/Users/hhhh/rekonfigi/video_passthrough_kria/video_passthrough_kria.runs/synth_1/prj/sol/.autopilot/db/v_tpg.cpp:1674:0)
INFO: [HLS 214-186] Unrolling loop 'VITIS_LOOP_1637_1' (C:/Users/hhhh/rekonfigi/video_passthrough_kria/video_passthrough_kria.runs/synth_1/prj/sol/.autopilot/db/v_tpg.cpp:1637:22) in function 'tpgPatternDPColorRamp' completely with a factor of 1 (C:/Users/hhhh/rekonfigi/video_passthrough_kria/video_passthrough_kria.runs/synth_1/prj/sol/.autopilot/db/v_tpg.cpp:1574:0)
INFO: [HLS 214-186] Unrolling loop 'anonymous' (c:/Users/hhhh/rekonfigi/video_passthrough_kria/video_passthrough_kria.gen/sources_1/bd/design_1/ip/design_1_v_tpg_0_0/src/hls/hls_video_core.h:182:5) in function 'tpgPatternDPColorRamp' completely with a factor of 3 (C:/Users/hhhh/rekonfigi/video_passthrough_kria/video_passthrough_kria.runs/synth_1/prj/sol/.autopilot/db/v_tpg.cpp:1574:0)
INFO: [HLS 214-186] Unrolling loop 'VITIS_LOOP_1788_1' (C:/Users/hhhh/rekonfigi/video_passthrough_kria/video_passthrough_kria.runs/synth_1/prj/sol/.autopilot/db/v_tpg.cpp:1788:21) in function 'tpgPRBS' completely with a factor of 1 (C:/Users/hhhh/rekonfigi/video_passthrough_kria/video_passthrough_kria.runs/synth_1/prj/sol/.autopilot/db/v_tpg.cpp:1779:0)
INFO: [HLS 214-186] Unrolling loop 'anonymous' (c:/Users/hhhh/rekonfigi/video_passthrough_kria/video_passthrough_kria.gen/sources_1/bd/design_1/ip/design_1_v_tpg_0_0/src/hls/hls_video_core.h:182:5) in function 'tpgPRBS' completely with a factor of 3 (C:/Users/hhhh/rekonfigi/video_passthrough_kria/video_passthrough_kria.runs/synth_1/prj/sol/.autopilot/db/v_tpg.cpp:1779:0)
INFO: [HLS 214-186] Unrolling loop 'VITIS_LOOP_1533_1' (C:/Users/hhhh/rekonfigi/video_passthrough_kria/video_passthrough_kria.runs/synth_1/prj/sol/.autopilot/db/v_tpg.cpp:1533:21) in function 'tpgPatternCheckerBoard' completely with a factor of 1 (C:/Users/hhhh/rekonfigi/video_passthrough_kria/video_passthrough_kria.runs/synth_1/prj/sol/.autopilot/db/v_tpg.cpp:1507:0)
INFO: [HLS 214-186] Unrolling loop 'anonymous' (C:/Users/hhhh/rekonfigi/video_passthrough_kria/video_passthrough_kria.runs/synth_1/prj/sol/.autopilot/db/v_tpg.cpp:1515:21) in function 'tpgPatternCheckerBoard' completely with a factor of 1 (C:/Users/hhhh/rekonfigi/video_passthrough_kria/video_passthrough_kria.runs/synth_1/prj/sol/.autopilot/db/v_tpg.cpp:1507:0)
INFO: [HLS 214-186] Unrolling loop 'anonymous' (c:/Users/hhhh/rekonfigi/video_passthrough_kria/video_passthrough_kria.gen/sources_1/bd/design_1/ip/design_1_v_tpg_0_0/src/hls/hls_video_core.h:182:5) in function 'tpgPatternCheckerBoard' completely with a factor of 3 (C:/Users/hhhh/rekonfigi/video_passthrough_kria/video_passthrough_kria.runs/synth_1/prj/sol/.autopilot/db/v_tpg.cpp:1507:0)
INFO: [HLS 214-186] Unrolling loop 'VITIS_LOOP_1490_1' (C:/Users/hhhh/rekonfigi/video_passthrough_kria/video_passthrough_kria.runs/synth_1/prj/sol/.autopilot/db/v_tpg.cpp:1490:21) in function 'tpgPatternVerticalHorizontalRamp' completely with a factor of 1 (C:/Users/hhhh/rekonfigi/video_passthrough_kria/video_passthrough_kria.runs/synth_1/prj/sol/.autopilot/db/v_tpg.cpp:1483:0)
INFO: [HLS 214-186] Unrolling loop 'anonymous' (c:/Users/hhhh/rekonfigi/video_passthrough_kria/video_passthrough_kria.gen/sources_1/bd/design_1/ip/design_1_v_tpg_0_0/src/hls/hls_video_core.h:182:5) in function 'tpgPatternVerticalHorizontalRamp' completely with a factor of 3 (C:/Users/hhhh/rekonfigi/video_passthrough_kria/video_passthrough_kria.runs/synth_1/prj/sol/.autopilot/db/v_tpg.cpp:1483:0)
INFO: [HLS 214-186] Unrolling loop 'VITIS_LOOP_1232_1' (C:/Users/hhhh/rekonfigi/video_passthrough_kria/video_passthrough_kria.runs/synth_1/prj/sol/.autopilot/db/v_tpg.cpp:1232:21) in function 'tpgPatternRainbow' completely with a factor of 1 (C:/Users/hhhh/rekonfigi/video_passthrough_kria/video_passthrough_kria.runs/synth_1/prj/sol/.autopilot/db/v_tpg.cpp:1229:0)
INFO: [HLS 214-186] Unrolling loop 'anonymous' (c:/Users/hhhh/rekonfigi/video_passthrough_kria/video_passthrough_kria.gen/sources_1/bd/design_1/ip/design_1_v_tpg_0_0/src/hls/hls_video_core.h:182:5) in function 'tpgPatternRainbow' completely with a factor of 3 (C:/Users/hhhh/rekonfigi/video_passthrough_kria/video_passthrough_kria.runs/synth_1/prj/sol/.autopilot/db/v_tpg.cpp:1229:0)
INFO: [HLS 214-186] Unrolling loop 'VITIS_LOOP_1420_1' (C:/Users/hhhh/rekonfigi/video_passthrough_kria/video_passthrough_kria.runs/synth_1/prj/sol/.autopilot/db/v_tpg.cpp:1420:21) in function 'tpgPatternCrossHatch' completely with a factor of 1 (C:/Users/hhhh/rekonfigi/video_passthrough_kria/video_passthrough_kria.runs/synth_1/prj/sol/.autopilot/db/v_tpg.cpp:1393:0)
INFO: [HLS 214-186] Unrolling loop 'anonymous' (C:/Users/hhhh/rekonfigi/video_passthrough_kria/video_passthrough_kria.runs/synth_1/prj/sol/.autopilot/db/v_tpg.cpp:1402:21) in function 'tpgPatternCrossHatch' completely with a factor of 1 (C:/Users/hhhh/rekonfigi/video_passthrough_kria/video_passthrough_kria.runs/synth_1/prj/sol/.autopilot/db/v_tpg.cpp:1393:0)
INFO: [HLS 214-186] Unrolling loop 'anonymous' (c:/Users/hhhh/rekonfigi/video_passthrough_kria/video_passthrough_kria.gen/sources_1/bd/design_1/ip/design_1_v_tpg_0_0/src/hls/hls_video_core.h:182:5) in function 'tpgPatternCrossHatch' completely with a factor of 3 (C:/Users/hhhh/rekonfigi/video_passthrough_kria/video_passthrough_kria.runs/synth_1/prj/sol/.autopilot/db/v_tpg.cpp:1393:0)
INFO: [HLS 214-186] Unrolling loop 'VITIS_LOOP_1351_1' (C:/Users/hhhh/rekonfigi/video_passthrough_kria/video_passthrough_kria.runs/synth_1/prj/sol/.autopilot/db/v_tpg.cpp:1351:21) in function 'tpgPatternTartanColorBars' completely with a factor of 1 (C:/Users/hhhh/rekonfigi/video_passthrough_kria/video_passthrough_kria.runs/synth_1/prj/sol/.autopilot/db/v_tpg.cpp:1325:0)
INFO: [HLS 214-186] Unrolling loop 'anonymous' (c:/Users/hhhh/rekonfigi/video_passthrough_kria/video_passthrough_kria.gen/sources_1/bd/design_1/ip/design_1_v_tpg_0_0/src/hls/hls_video_core.h:182:5) in function 'tpgPatternTartanColorBars' completely with a factor of 3 (C:/Users/hhhh/rekonfigi/video_passthrough_kria/video_passthrough_kria.runs/synth_1/prj/sol/.autopilot/db/v_tpg.cpp:1325:0)
INFO: [HLS 214-186] Unrolling loop 'anonymous' (C:/Users/hhhh/rekonfigi/video_passthrough_kria/video_passthrough_kria.runs/synth_1/prj/sol/.autopilot/db/v_tpg.cpp:1333:21) in function 'tpgPatternTartanColorBars' completely with a factor of 1 (C:/Users/hhhh/rekonfigi/video_passthrough_kria/video_passthrough_kria.runs/synth_1/prj/sol/.autopilot/db/v_tpg.cpp:1325:0)
INFO: [HLS 214-186] Unrolling loop 'VITIS_LOOP_1304_1' (C:/Users/hhhh/rekonfigi/video_passthrough_kria/video_passthrough_kria.runs/synth_1/prj/sol/.autopilot/db/v_tpg.cpp:1304:21) in function 'tpgPatternZonePlate' completely with a factor of 1 (C:/Users/hhhh/rekonfigi/video_passthrough_kria/video_passthrough_kria.runs/synth_1/prj/sol/.autopilot/db/v_tpg.cpp:1277:0)
INFO: [HLS 214-186] Unrolling loop 'anonymous' (c:/Users/hhhh/rekonfigi/video_passthrough_kria/video_passthrough_kria.gen/sources_1/bd/design_1/ip/design_1_v_tpg_0_0/src/hls/hls_video_core.h:182:5) in function 'tpgPatternZonePlate' completely with a factor of 3 (C:/Users/hhhh/rekonfigi/video_passthrough_kria/video_passthrough_kria.runs/synth_1/prj/sol/.autopilot/db/v_tpg.cpp:1277:0)
INFO: [HLS 214-186] Unrolling loop 'VITIS_LOOP_1198_1' (C:/Users/hhhh/rekonfigi/video_passthrough_kria/video_passthrough_kria.runs/synth_1/prj/sol/.autopilot/db/v_tpg.cpp:1198:21) in function 'tpgPatternColorBars' completely with a factor of 1 (C:/Users/hhhh/rekonfigi/video_passthrough_kria/video_passthrough_kria.runs/synth_1/prj/sol/.autopilot/db/v_tpg.cpp:1191:0)
INFO: [HLS 214-186] Unrolling loop 'anonymous' (C:/Users/hhhh/rekonfigi/video_passthrough_kria/video_passthrough_kria.runs/synth_1/prj/sol/.autopilot/db/v_tpg.cpp:1194:21) in function 'tpgPatternColorBars' completely with a factor of 1 (C:/Users/hhhh/rekonfigi/video_passthrough_kria/video_passthrough_kria.runs/synth_1/prj/sol/.autopilot/db/v_tpg.cpp:1191:0)
INFO: [HLS 214-186] Unrolling loop 'anonymous' (c:/Users/hhhh/rekonfigi/video_passthrough_kria/video_passthrough_kria.gen/sources_1/bd/design_1/ip/design_1_v_tpg_0_0/src/hls/hls_video_core.h:182:5) in function 'tpgPatternColorBars' completely with a factor of 3 (C:/Users/hhhh/rekonfigi/video_passthrough_kria/video_passthrough_kria.runs/synth_1/prj/sol/.autopilot/db/v_tpg.cpp:1191:0)
INFO: [HLS 214-186] Unrolling loop 'VITIS_LOOP_1173_1' (C:/Users/hhhh/rekonfigi/video_passthrough_kria/video_passthrough_kria.runs/synth_1/prj/sol/.autopilot/db/v_tpg.cpp:1173:21) in function 'tpgPatternSolidWhite' completely with a factor of 1 (C:/Users/hhhh/rekonfigi/video_passthrough_kria/video_passthrough_kria.runs/synth_1/prj/sol/.autopilot/db/v_tpg.cpp:1170:0)
INFO: [HLS 214-186] Unrolling loop 'anonymous' (c:/Users/hhhh/rekonfigi/video_passthrough_kria/video_passthrough_kria.gen/sources_1/bd/design_1/ip/design_1_v_tpg_0_0/src/hls/hls_video_core.h:182:5) in function 'tpgPatternSolidWhite' completely with a factor of 3 (C:/Users/hhhh/rekonfigi/video_passthrough_kria/video_passthrough_kria.runs/synth_1/prj/sol/.autopilot/db/v_tpg.cpp:1170:0)
INFO: [HLS 214-186] Unrolling loop 'VITIS_LOOP_1151_1' (C:/Users/hhhh/rekonfigi/video_passthrough_kria/video_passthrough_kria.runs/synth_1/prj/sol/.autopilot/db/v_tpg.cpp:1151:21) in function 'tpgPatternSolidBlack' completely with a factor of 1 (C:/Users/hhhh/rekonfigi/video_passthrough_kria/video_passthrough_kria.runs/synth_1/prj/sol/.autopilot/db/v_tpg.cpp:1149:0)
INFO: [HLS 214-186] Unrolling loop 'anonymous' (c:/Users/hhhh/rekonfigi/video_passthrough_kria/video_passthrough_kria.gen/sources_1/bd/design_1/ip/design_1_v_tpg_0_0/src/hls/hls_video_core.h:182:5) in function 'tpgPatternSolidBlack' completely with a factor of 3 (C:/Users/hhhh/rekonfigi/video_passthrough_kria/video_passthrough_kria.runs/synth_1/prj/sol/.autopilot/db/v_tpg.cpp:1149:0)
INFO: [HLS 214-186] Unrolling loop 'VITIS_LOOP_1130_1' (C:/Users/hhhh/rekonfigi/video_passthrough_kria/video_passthrough_kria.runs/synth_1/prj/sol/.autopilot/db/v_tpg.cpp:1130:21) in function 'tpgPatternSolidBlue' completely with a factor of 1 (C:/Users/hhhh/rekonfigi/video_passthrough_kria/video_passthrough_kria.runs/synth_1/prj/sol/.autopilot/db/v_tpg.cpp:1128:0)
INFO: [HLS 214-186] Unrolling loop 'anonymous' (c:/Users/hhhh/rekonfigi/video_passthrough_kria/video_passthrough_kria.gen/sources_1/bd/design_1/ip/design_1_v_tpg_0_0/src/hls/hls_video_core.h:182:5) in function 'tpgPatternSolidBlue' completely with a factor of 3 (C:/Users/hhhh/rekonfigi/video_passthrough_kria/video_passthrough_kria.runs/synth_1/prj/sol/.autopilot/db/v_tpg.cpp:1128:0)
INFO: [HLS 214-186] Unrolling loop 'VITIS_LOOP_1109_1' (C:/Users/hhhh/rekonfigi/video_passthrough_kria/video_passthrough_kria.runs/synth_1/prj/sol/.autopilot/db/v_tpg.cpp:1109:21) in function 'tpgPatternSolidGreen' completely with a factor of 1 (C:/Users/hhhh/rekonfigi/video_passthrough_kria/video_passthrough_kria.runs/synth_1/prj/sol/.autopilot/db/v_tpg.cpp:1107:0)
INFO: [HLS 214-186] Unrolling loop 'anonymous' (c:/Users/hhhh/rekonfigi/video_passthrough_kria/video_passthrough_kria.gen/sources_1/bd/design_1/ip/design_1_v_tpg_0_0/src/hls/hls_video_core.h:182:5) in function 'tpgPatternSolidGreen' completely with a factor of 3 (C:/Users/hhhh/rekonfigi/video_passthrough_kria/video_passthrough_kria.runs/synth_1/prj/sol/.autopilot/db/v_tpg.cpp:1107:0)
INFO: [HLS 214-186] Unrolling loop 'VITIS_LOOP_1088_1' (C:/Users/hhhh/rekonfigi/video_passthrough_kria/video_passthrough_kria.runs/synth_1/prj/sol/.autopilot/db/v_tpg.cpp:1088:21) in function 'tpgPatternSolidRed' completely with a factor of 1 (C:/Users/hhhh/rekonfigi/video_passthrough_kria/video_passthrough_kria.runs/synth_1/prj/sol/.autopilot/db/v_tpg.cpp:1086:0)
INFO: [HLS 214-186] Unrolling loop 'anonymous' (c:/Users/hhhh/rekonfigi/video_passthrough_kria/video_passthrough_kria.gen/sources_1/bd/design_1/ip/design_1_v_tpg_0_0/src/hls/hls_video_core.h:182:5) in function 'tpgPatternSolidRed' completely with a factor of 3 (C:/Users/hhhh/rekonfigi/video_passthrough_kria/video_passthrough_kria.runs/synth_1/prj/sol/.autopilot/db/v_tpg.cpp:1086:0)
INFO: [HLS 214-186] Unrolling loop 'VITIS_LOOP_1073_1' (C:/Users/hhhh/rekonfigi/video_passthrough_kria/video_passthrough_kria.runs/synth_1/prj/sol/.autopilot/db/v_tpg.cpp:1073:21) in function 'tpgPatternTemporalRamp' completely with a factor of 1 (C:/Users/hhhh/rekonfigi/video_passthrough_kria/video_passthrough_kria.runs/synth_1/prj/sol/.autopilot/db/v_tpg.cpp:1071:0)
INFO: [HLS 214-186] Unrolling loop 'anonymous' (c:/Users/hhhh/rekonfigi/video_passthrough_kria/video_passthrough_kria.gen/sources_1/bd/design_1/ip/design_1_v_tpg_0_0/src/hls/hls_video_core.h:182:5) in function 'tpgPatternTemporalRamp' completely with a factor of 3 (C:/Users/hhhh/rekonfigi/video_passthrough_kria/video_passthrough_kria.runs/synth_1/prj/sol/.autopilot/db/v_tpg.cpp:1071:0)
INFO: [HLS 214-186] Unrolling loop 'VITIS_LOOP_1058_1' (C:/Users/hhhh/rekonfigi/video_passthrough_kria/video_passthrough_kria.runs/synth_1/prj/sol/.autopilot/db/v_tpg.cpp:1058:21) in function 'tpgPatternVerticalRamp' completely with a factor of 1 (C:/Users/hhhh/rekonfigi/video_passthrough_kria/video_passthrough_kria.runs/synth_1/prj/sol/.autopilot/db/v_tpg.cpp:1046:0)
INFO: [HLS 214-186] Unrolling loop 'anonymous' (c:/Users/hhhh/rekonfigi/video_passthrough_kria/video_passthrough_kria.gen/sources_1/bd/design_1/ip/design_1_v_tpg_0_0/src/hls/hls_video_core.h:182:5) in function 'tpgPatternVerticalRamp' completely with a factor of 3 (C:/Users/hhhh/rekonfigi/video_passthrough_kria/video_passthrough_kria.runs/synth_1/prj/sol/.autopilot/db/v_tpg.cpp:1046:0)
INFO: [HLS 214-186] Unrolling loop 'VITIS_LOOP_1030_1' (C:/Users/hhhh/rekonfigi/video_passthrough_kria/video_passthrough_kria.runs/synth_1/prj/sol/.autopilot/db/v_tpg.cpp:1030:21) in function 'tpgPatternHorizontalRamp' completely with a factor of 1 (C:/Users/hhhh/rekonfigi/video_passthrough_kria/video_passthrough_kria.runs/synth_1/prj/sol/.autopilot/db/v_tpg.cpp:1023:0)
INFO: [HLS 214-186] Unrolling loop 'anonymous' (c:/Users/hhhh/rekonfigi/video_passthrough_kria/video_passthrough_kria.gen/sources_1/bd/design_1/ip/design_1_v_tpg_0_0/src/hls/hls_video_core.h:182:5) in function 'tpgPatternHorizontalRamp' completely with a factor of 3 (C:/Users/hhhh/rekonfigi/video_passthrough_kria/video_passthrough_kria.runs/synth_1/prj/sol/.autopilot/db/v_tpg.cpp:1023:0)
INFO: [HLS 214-186] Unrolling loop 'VITIS_LOOP_824_1' (C:/Users/hhhh/rekonfigi/video_passthrough_kria/video_passthrough_kria.runs/synth_1/prj/sol/.autopilot/db/v_tpg.cpp:824:23) in function 'AXIvideo2MultiPixStream' completely with a factor of 1 (C:/Users/hhhh/rekonfigi/video_passthrough_kria/video_passthrough_kria.runs/synth_1/prj/sol/.autopilot/db/v_tpg.cpp:778:0)
INFO: [HLS 214-186] Unrolling loop 'VITIS_LOOP_826_2' (C:/Users/hhhh/rekonfigi/video_passthrough_kria/video_passthrough_kria.runs/synth_1/prj/sol/.autopilot/db/v_tpg.cpp:826:24) in function 'AXIvideo2MultiPixStream' completely with a factor of 3 (C:/Users/hhhh/rekonfigi/video_passthrough_kria/video_passthrough_kria.runs/synth_1/prj/sol/.autopilot/db/v_tpg.cpp:778:0)
INFO: [HLS 214-178] Inlining function 'tpgPatternHorizontalRamp(unsigned short, unsigned short, unsigned char)' into 'tpgBackground(hls::stream<hls::Scalar<3, ap_uint<10> >, 0>&, unsigned short&, unsigned short&, int&, unsigned short&, unsigned short&, unsigned short&, unsigned short&, unsigned char&, unsigned char&, unsigned short&, unsigned short&, unsigned short&, unsigned short&, unsigned char&, unsigned char&, unsigned char&, unsigned char&, hls::stream<hls::Scalar<3, ap_uint<10> >, 0>&)' (C:/Users/hhhh/rekonfigi/video_passthrough_kria/video_passthrough_kria.runs/synth_1/prj/sol/.autopilot/db/v_tpg.cpp:503:0)
INFO: [HLS 214-178] Inlining function 'tpgPatternVerticalRamp(unsigned short, unsigned short, unsigned short, unsigned char)' into 'tpgBackground(hls::stream<hls::Scalar<3, ap_uint<10> >, 0>&, unsigned short&, unsigned short&, int&, unsigned short&, unsigned short&, unsigned short&, unsigned short&, unsigned char&, unsigned char&, unsigned short&, unsigned short&, unsigned short&, unsigned short&, unsigned char&, unsigned char&, unsigned char&, unsigned char&, hls::stream<hls::Scalar<3, ap_uint<10> >, 0>&)' (C:/Users/hhhh/rekonfigi/video_passthrough_kria/video_passthrough_kria.runs/synth_1/prj/sol/.autopilot/db/v_tpg.cpp:503:0)
INFO: [HLS 214-178] Inlining function 'tpgPatternTemporalRamp(unsigned short, unsigned char)' into 'tpgBackground(hls::stream<hls::Scalar<3, ap_uint<10> >, 0>&, unsigned short&, unsigned short&, int&, unsigned short&, unsigned short&, unsigned short&, unsigned short&, unsigned char&, unsigned char&, unsigned short&, unsigned short&, unsigned short&, unsigned short&, unsigned char&, unsigned char&, unsigned char&, unsigned char&, hls::stream<hls::Scalar<3, ap_uint<10> >, 0>&)' (C:/Users/hhhh/rekonfigi/video_passthrough_kria/video_passthrough_kria.runs/synth_1/prj/sol/.autopilot/db/v_tpg.cpp:503:0)
INFO: [HLS 214-178] Inlining function 'tpgPatternSolidRed(unsigned short, unsigned char)' into 'tpgBackground(hls::stream<hls::Scalar<3, ap_uint<10> >, 0>&, unsigned short&, unsigned short&, int&, unsigned short&, unsigned short&, unsigned short&, unsigned short&, unsigned char&, unsigned char&, unsigned short&, unsigned short&, unsigned short&, unsigned short&, unsigned char&, unsigned char&, unsigned char&, unsigned char&, hls::stream<hls::Scalar<3, ap_uint<10> >, 0>&)' (C:/Users/hhhh/rekonfigi/video_passthrough_kria/video_passthrough_kria.runs/synth_1/prj/sol/.autopilot/db/v_tpg.cpp:503:0)
INFO: [HLS 214-178] Inlining function 'tpgPatternSolidGreen(unsigned short, unsigned char)' into 'tpgBackground(hls::stream<hls::Scalar<3, ap_uint<10> >, 0>&, unsigned short&, unsigned short&, int&, unsigned short&, unsigned short&, unsigned short&, unsigned short&, unsigned char&, unsigned char&, unsigned short&, unsigned short&, unsigned short&, unsigned short&, unsigned char&, unsigned char&, unsigned char&, unsigned char&, hls::stream<hls::Scalar<3, ap_uint<10> >, 0>&)' (C:/Users/hhhh/rekonfigi/video_passthrough_kria/video_passthrough_kria.runs/synth_1/prj/sol/.autopilot/db/v_tpg.cpp:503:0)
INFO: [HLS 214-178] Inlining function 'tpgPatternSolidBlue(unsigned short, unsigned char)' into 'tpgBackground(hls::stream<hls::Scalar<3, ap_uint<10> >, 0>&, unsigned short&, unsigned short&, int&, unsigned short&, unsigned short&, unsigned short&, unsigned short&, unsigned char&, unsigned char&, unsigned short&, unsigned short&, unsigned short&, unsigned short&, unsigned char&, unsigned char&, unsigned char&, unsigned char&, hls::stream<hls::Scalar<3, ap_uint<10> >, 0>&)' (C:/Users/hhhh/rekonfigi/video_passthrough_kria/video_passthrough_kria.runs/synth_1/prj/sol/.autopilot/db/v_tpg.cpp:503:0)
INFO: [HLS 214-178] Inlining function 'tpgPatternSolidBlack(unsigned short, unsigned char)' into 'tpgBackground(hls::stream<hls::Scalar<3, ap_uint<10> >, 0>&, unsigned short&, unsigned short&, int&, unsigned short&, unsigned short&, unsigned short&, unsigned short&, unsigned char&, unsigned char&, unsigned short&, unsigned short&, unsigned short&, unsigned short&, unsigned char&, unsigned char&, unsigned char&, unsigned char&, hls::stream<hls::Scalar<3, ap_uint<10> >, 0>&)' (C:/Users/hhhh/rekonfigi/video_passthrough_kria/video_passthrough_kria.runs/synth_1/prj/sol/.autopilot/db/v_tpg.cpp:503:0)
INFO: [HLS 214-178] Inlining function 'tpgPatternSolidWhite(unsigned short, unsigned char)' into 'tpgBackground(hls::stream<hls::Scalar<3, ap_uint<10> >, 0>&, unsigned short&, unsigned short&, int&, unsigned short&, unsigned short&, unsigned short&, unsigned short&, unsigned char&, unsigned char&, unsigned short&, unsigned short&, unsigned short&, unsigned short&, unsigned char&, unsigned char&, unsigned char&, unsigned char&, hls::stream<hls::Scalar<3, ap_uint<10> >, 0>&)' (C:/Users/hhhh/rekonfigi/video_passthrough_kria/video_passthrough_kria.runs/synth_1/prj/sol/.autopilot/db/v_tpg.cpp:503:0)
INFO: [HLS 214-178] Inlining function 'tpgPatternColorBars(unsigned short, unsigned short, unsigned char, int)' into 'tpgBackground(hls::stream<hls::Scalar<3, ap_uint<10> >, 0>&, unsigned short&, unsigned short&, int&, unsigned short&, unsigned short&, unsigned short&, unsigned short&, unsigned char&, unsigned char&, unsigned short&, unsigned short&, unsigned short&, unsigned short&, unsigned char&, unsigned char&, unsigned char&, unsigned char&, hls::stream<hls::Scalar<3, ap_uint<10> >, 0>&)' (C:/Users/hhhh/rekonfigi/video_passthrough_kria/video_passthrough_kria.runs/synth_1/prj/sol/.autopilot/db/v_tpg.cpp:503:0)
INFO: [HLS 214-178] Inlining function 'tpgPatternZonePlate(unsigned short, unsigned short, unsigned short, unsigned short, unsigned short, unsigned short, unsigned short, unsigned char)' into 'tpgBackground(hls::stream<hls::Scalar<3, ap_uint<10> >, 0>&, unsigned short&, unsigned short&, int&, unsigned short&, unsigned short&, unsigned short&, unsigned short&, unsigned char&, unsigned char&, unsigned short&, unsigned short&, unsigned short&, unsigned short&, unsigned char&, unsigned char&, unsigned char&, unsigned char&, hls::stream<hls::Scalar<3, ap_uint<10> >, 0>&)' (C:/Users/hhhh/rekonfigi/video_passthrough_kria/video_passthrough_kria.runs/synth_1/prj/sol/.autopilot/db/v_tpg.cpp:503:0)
INFO: [HLS 214-178] Inlining function 'tpgPatternTartanColorBars(unsigned short, unsigned short, unsigned short, unsigned short, unsigned char)' into 'tpgBackground(hls::stream<hls::Scalar<3, ap_uint<10> >, 0>&, unsigned short&, unsigned short&, int&, unsigned short&, unsigned short&, unsigned short&, unsigned short&, unsigned char&, unsigned char&, unsigned short&, unsigned short&, unsigned short&, unsigned short&, unsigned char&, unsigned char&, unsigned char&, unsigned char&, hls::stream<hls::Scalar<3, ap_uint<10> >, 0>&)' (C:/Users/hhhh/rekonfigi/video_passthrough_kria/video_passthrough_kria.runs/synth_1/prj/sol/.autopilot/db/v_tpg.cpp:503:0)
INFO: [HLS 214-178] Inlining function 'tpgPatternRainbow(unsigned short, unsigned char)' into 'tpgBackground(hls::stream<hls::Scalar<3, ap_uint<10> >, 0>&, unsigned short&, unsigned short&, int&, unsigned short&, unsigned short&, unsigned short&, unsigned short&, unsigned char&, unsigned char&, unsigned short&, unsigned short&, unsigned short&, unsigned short&, unsigned char&, unsigned char&, unsigned char&, unsigned char&, hls::stream<hls::Scalar<3, ap_uint<10> >, 0>&)' (C:/Users/hhhh/rekonfigi/video_passthrough_kria/video_passthrough_kria.runs/synth_1/prj/sol/.autopilot/db/v_tpg.cpp:503:0)
INFO: [HLS 214-178] Inlining function 'tpgPatternVerticalHorizontalRamp(unsigned short, unsigned short, unsigned short, unsigned char)' into 'tpgBackground(hls::stream<hls::Scalar<3, ap_uint<10> >, 0>&, unsigned short&, unsigned short&, int&, unsigned short&, unsigned short&, unsigned short&, unsigned short&, unsigned char&, unsigned char&, unsigned short&, unsigned short&, unsigned short&, unsigned short&, unsigned char&, unsigned char&, unsigned char&, unsigned char&, hls::stream<hls::Scalar<3, ap_uint<10> >, 0>&)' (C:/Users/hhhh/rekonfigi/video_passthrough_kria/video_passthrough_kria.runs/synth_1/prj/sol/.autopilot/db/v_tpg.cpp:503:0)
INFO: [HLS 214-178] Inlining function 'tpgPatternCheckerBoard(unsigned short, unsigned short, unsigned short, unsigned short, unsigned char)' into 'tpgBackground(hls::stream<hls::Scalar<3, ap_uint<10> >, 0>&, unsigned short&, unsigned short&, int&, unsigned short&, unsigned short&, unsigned short&, unsigned short&, unsigned char&, unsigned char&, unsigned short&, unsigned short&, unsigned short&, unsigned short&, unsigned char&, unsigned char&, unsigned char&, unsigned char&, hls::stream<hls::Scalar<3, ap_uint<10> >, 0>&)' (C:/Users/hhhh/rekonfigi/video_passthrough_kria/video_passthrough_kria.runs/synth_1/prj/sol/.autopilot/db/v_tpg.cpp:503:0)
INFO: [HLS 214-178] Inlining function 'tpgPRBS(unsigned short, unsigned char)' into 'tpgBackground(hls::stream<hls::Scalar<3, ap_uint<10> >, 0>&, unsigned short&, unsigned short&, int&, unsigned short&, unsigned short&, unsigned short&, unsigned short&, unsigned char&, unsigned char&, unsigned short&, unsigned short&, unsigned short&, unsigned short&, unsigned char&, unsigned char&, unsigned char&, unsigned char&, hls::stream<hls::Scalar<3, ap_uint<10> >, 0>&)' (C:/Users/hhhh/rekonfigi/video_passthrough_kria/video_passthrough_kria.runs/synth_1/prj/sol/.autopilot/db/v_tpg.cpp:503:0)
INFO: [HLS 214-178] Inlining function 'tpgPatternDPColorRamp(unsigned short, unsigned short, unsigned char)' into 'tpgBackground(hls::stream<hls::Scalar<3, ap_uint<10> >, 0>&, unsigned short&, unsigned short&, int&, unsigned short&, unsigned short&, unsigned short&, unsigned short&, unsigned char&, unsigned char&, unsigned short&, unsigned short&, unsigned short&, unsigned short&, unsigned char&, unsigned char&, unsigned char&, unsigned char&, hls::stream<hls::Scalar<3, ap_uint<10> >, 0>&)' (C:/Users/hhhh/rekonfigi/video_passthrough_kria/video_passthrough_kria.runs/synth_1/prj/sol/.autopilot/db/v_tpg.cpp:503:0)
INFO: [HLS 214-178] Inlining function 'tpgPatternDPBlackWhiteVerticalLine(unsigned short)' into 'tpgBackground(hls::stream<hls::Scalar<3, ap_uint<10> >, 0>&, unsigned short&, unsigned short&, int&, unsigned short&, unsigned short&, unsigned short&, unsigned short&, unsigned char&, unsigned char&, unsigned short&, unsigned short&, unsigned short&, unsigned short&, unsigned char&, unsigned char&, unsigned char&, unsigned char&, hls::stream<hls::Scalar<3, ap_uint<10> >, 0>&)' (C:/Users/hhhh/rekonfigi/video_passthrough_kria/video_passthrough_kria.runs/synth_1/prj/sol/.autopilot/db/v_tpg.cpp:503:0)
INFO: [HLS 214-248] Applying array_partition to 'tmp.i': Complete partitioning on dimension 1. (C:/Users/hhhh/rekonfigi/video_passthrough_kria/video_passthrough_kria.runs/synth_1/prj/sol/.autopilot/db/v_tpg.cpp:1576:18)
INFO: [HLS 214-248] Applying array_partition to 'outpix': Complete partitioning on dimension 1. (C:/Users/hhhh/rekonfigi/video_passthrough_kria/video_passthrough_kria.runs/synth_1/prj/sol/.autopilot/db/v_tpg.cpp:507:18)
INFO: [HLS 214-248] Applying array_partition to 'ref.tmp32': Complete partitioning on dimension 1.
INFO: [HLS 214-248] Applying array_partition to 'ref.tmp46': Complete partitioning on dimension 1.
INFO: [HLS 214-241] Aggregating fifo (hls::stream) variable 'ovrlayYUV' with compact=bit mode in 30-bits (C:/Users/hhhh/rekonfigi/video_passthrough_kria/video_passthrough_kria.runs/synth_1/prj/sol/.autopilot/db/v_tpg.cpp:280:22)
INFO: [HLS 214-241] Aggregating fifo (hls::stream) variable 'srcYUV' with compact=bit mode in 30-bits (C:/Users/hhhh/rekonfigi/video_passthrough_kria/video_passthrough_kria.runs/synth_1/prj/sol/.autopilot/db/v_tpg.cpp:277:22)
INFO: [HLS 214-364] Automatically inlining function 'tpgPatternDPColorSquare(unsigned short, unsigned short, unsigned char, unsigned char, unsigned char)' to improve effectiveness of pipeline pragma in function 'tpgBackground(hls::stream<hls::Scalar<3, ap_uint<10> >, 0>&, unsigned short&, unsigned short&, int&, unsigned short&, unsigned short&, unsigned short&, unsigned short&, unsigned char&, unsigned char&, unsigned short&, unsigned short&, unsigned short&, unsigned short&, unsigned char&, unsigned char&, unsigned char&, unsigned char&, hls::stream<hls::Scalar<3, ap_uint<10> >, 0>&)' (C:/Users/hhhh/rekonfigi/video_passthrough_kria/video_passthrough_kria.runs/synth_1/prj/sol/.autopilot/db/v_tpg.cpp:676:26)
INFO: [HLS 214-364] Automatically inlining function 'tpgPatternCrossHatch(unsigned short, unsigned short, unsigned short, unsigned short, unsigned char)' to improve effectiveness of pipeline pragma in function 'tpgBackground(hls::stream<hls::Scalar<3, ap_uint<10> >, 0>&, unsigned short&, unsigned short&, int&, unsigned short&, unsigned short&, unsigned short&, unsigned short&, unsigned char&, unsigned char&, unsigned short&, unsigned short&, unsigned short&, unsigned short&, unsigned char&, unsigned char&, unsigned char&, unsigned char&, hls::stream<hls::Scalar<3, ap_uint<10> >, 0>&)' (C:/Users/hhhh/rekonfigi/video_passthrough_kria/video_passthrough_kria.runs/synth_1/prj/sol/.autopilot/db/v_tpg.cpp:628:14)
INFO: [HLS 214-270] Inferring pragma 'array_partition type=cyclic factor=5 dim=1' for array 'tpgSinTableArray_9bit' due to pipeline pragma (C:/Users/hhhh/rekonfigi/video_passthrough_kria/video_passthrough_kria.runs/synth_1/prj/sol/.autopilot/db/v_tpg.cpp:523:9)
INFO: [HLS 214-248] Applying array_partition to 'tpgSinTableArray_9bit': Cyclic partitioning with factor 5 on dimension 1. (c:/Users/hhhh/rekonfigi/video_passthrough_kria/video_passthrough_kria.gen/sources_1/bd/design_1/ip/design_1_v_tpg_0_0/src\v_tpg_zoneplate.h:2106:0)
INFO: [HLS 200-111] Finished Compiling Optimization and Transform: CPU user time: 2 seconds. CPU system time: 0 seconds. Elapsed time: 29.089 seconds; current allocated memory: 126.168 MB.
INFO: [HLS 200-111] Finished Checking Pragmas: CPU user time: 0 seconds. CPU system time: 0 seconds. Elapsed time: 0.001 seconds; current allocated memory: 126.332 MB.
INFO: [HLS 200-10] Starting code transformations ...
INFO: [HLS 200-111] Finished Standard Transforms: CPU user time: 0 seconds. CPU system time: 0 seconds. Elapsed time: 0.13 seconds; current allocated memory: 143.473 MB.
INFO: [HLS 200-10] Checking synthesizability ...
INFO: [HLS 200-111] Finished Checking Synthesizability: CPU user time: 0 seconds. CPU system time: 0 seconds. Elapsed time: 0.17 seconds; current allocated memory: 157.324 MB.
INFO: [XFORM 203-712] Applying dataflow to function 'v_tpgHlsDataFlow' (C:/Users/hhhh/rekonfigi/video_passthrough_kria/video_passthrough_kria.runs/synth_1/prj/sol/.autopilot/db/v_tpg.cpp:290:1), detected/extracted 3 process function(s): 
	 'AXIvideo2MultiPixStream'
	 'tpgBackground'
	 'MultiPixStream2AXIvideo'.
INFO: [XFORM 203-401] Performing if-conversion on hyperblock from (C:/Users/hhhh/rekonfigi/video_passthrough_kria/video_passthrough_kria.runs/synth_1/prj/sol/.autopilot/db/v_tpg.cpp:1228:39) to (C:/Users/hhhh/rekonfigi/video_passthrough_kria/video_passthrough_kria.runs/synth_1/prj/sol/.autopilot/db/v_tpg.cpp:1266:5) in function 'tpgBackground'... converting 3 basic blocks.
INFO: [XFORM 203-401] Performing if-conversion on hyperblock from (C:/Users/hhhh/rekonfigi/video_passthrough_kria/video_passthrough_kria.runs/synth_1/prj/sol/.autopilot/db/v_tpg.cpp:1573:43) to (C:/Users/hhhh/rekonfigi/video_passthrough_kria/video_passthrough_kria.runs/synth_1/prj/sol/.autopilot/db/v_tpg.cpp:666:5) in function 'tpgBackground'... converting 8 basic blocks.
INFO: [XFORM 203-401] Performing if-conversion on hyperblock from (C:/Users/hhhh/rekonfigi/video_passthrough_kria/video_passthrough_kria.runs/synth_1/prj/sol/.autopilot/db/v_tpg.cpp:1215:27) to (C:/Users/hhhh/rekonfigi/video_passthrough_kria/video_passthrough_kria.runs/synth_1/prj/sol/.autopilot/db/v_tpg.cpp:1223:6) in function 'tpgBackground'... converting 9 basic blocks.
INFO: [XFORM 203-401] Performing if-conversion on hyperblock from (C:/Users/hhhh/rekonfigi/video_passthrough_kria/video_passthrough_kria.runs/synth_1/prj/sol/.autopilot/db/v_tpg.cpp:1370:13) to (C:/Users/hhhh/rekonfigi/video_passthrough_kria/video_passthrough_kria.runs/synth_1/prj/sol/.autopilot/db/v_tpg.cpp:1384:6) in function 'tpgBackground'... converting 9 basic blocks.
INFO: [XFORM 203-401] Performing if-conversion on hyperblock from (C:/Users/hhhh/rekonfigi/video_passthrough_kria/video_passthrough_kria.runs/synth_1/prj/sol/.autopilot/db/v_tpg.cpp:1551:13) to (C:/Users/hhhh/rekonfigi/video_passthrough_kria/video_passthrough_kria.runs/synth_1/prj/sol/.autopilot/db/v_tpg.cpp:1565:6) in function 'tpgBackground'... converting 9 basic blocks.
INFO: [XFORM 203-401] Performing if-conversion on hyperblock from (C:/Users/hhhh/rekonfigi/video_passthrough_kria/video_passthrough_kria.runs/synth_1/prj/sol/.autopilot/db/v_tpg.cpp:963:12) to (C:/Users/hhhh/rekonfigi/video_passthrough_kria/video_passthrough_kria.runs/synth_1/prj/sol/.autopilot/db/v_tpg.cpp:993:8) in function 'MultiPixStream2AXIvideo'... converting 13 basic blocks.
INFO: [HLS 200-111] Finished Loop, function and other optimizations: CPU user time: 1 seconds. CPU system time: 0 seconds. Elapsed time: 0.565 seconds; current allocated memory: 194.684 MB.
WARNING: [HLS 200-1449] Process tpgBackground has both a predecessor and reads an input from its caller (see the GUI dataflow viewer). This may lead to lower throughput. Consider copying this input via a predecessor process.
INFO: [HLS 200-111] Finished Architecture Synthesis: CPU user time: 2 seconds. CPU system time: 0 seconds. Elapsed time: 2.514 seconds; current allocated memory: 341.418 MB.
INFO: [HLS 200-10] Starting hardware synthesis ...
INFO: [HLS 200-10] Synthesizing 'v_tpg' ...
WARNING: [SYN 201-103] Legalizing function name 'reg<unsigned short>' to 'reg_unsigned_short_s'.
WARNING: [SYN 201-103] Legalizing function name 'reg<ap_uint<10> >' to 'reg_ap_uint_10_s'.
WARNING: [SYN 201-103] Legalizing function name 'reg<int>' to 'reg_int_s'.
INFO: [HLS 200-10] ----------------------------------------------------------------
INFO: [HLS 200-42] -- Implementing module 'reg_unsigned_short_s' 
INFO: [HLS 200-10] ----------------------------------------------------------------
INFO: [SCHED 204-11] Starting scheduling ...
###	 Num	NTree	NLUT	EssAll	EssLUT	Size	MSize	Lev	MLev	Sel	Phy 
####	 0	0	0	2	0	-nan(ind)	0	-nan(ind)	0	0	0
INFO: [SCHED 204-11] Generating True dependence constraints ... 
INFO: [SCHED 204-11] Generating Auxiliary dependence constraints ... 
INFO: [SCHED 204-11] Generating Ternary mapping constraints ... 
INFO: [SCHED 204-11] Generating Lut Grouping constraints ... 
INFO: [SCHED 204-11] Generating Node latency constraints ... 
INFO: [SCHED 204-11] Generating Relative time constraints ... 
INFO: [SCHED 204-11] Generating Protocol constraints ... 
INFO: [SCHED 204-11] Generating Precedence constraints ... 
INFO: [SCHED 204-11] Generating Supporting dependence constraints ... 
INFO: [SCHED 204-11] Generating Pipeline constraints ... 
INFO: [SCHED 204-61] Pipelining function 'reg<unsigned short>'.
INFO: [SCHED 204-11] Generating DSP mapping constraints ... 
INFO: [SCHED 204-11] Generating Supporting dependence constraints ... 
INFO: [SCHED 204-11] Generating Resource constraints ... 
INFO: [SCHED 204-11] Generating Latency constraints ... 
INFO: [SCHED 204-11] Generating Latency constraints ... 
INFO: [SCHED 204-11] Generating Cycle time constraints ... 
INFO: [SCHED 204-11] Generating Blocking node constraints ... 
INFO: [SCHED 204-11] Generating Chaining constraints ... 
INFO: [SCHED 204-11] Generating Operation gating constraints ... 
INFO: [SCHED 204-11] Generating Variable bound constraints ... 
INFO: [SCHED 204-11] Generating PHI node constraints ... 
INFO: [SCHED 204-11] Start checking consistency (resolving sdc graph) ...
INFO: [SCHED 204-11] Finished checking consistency.
INFO: [SCHED 204-11] Start scheduling optimization (solving LP) ...
INFO: [SCHED 204-11] Finished scheduling optimization.
INFO: [SCHED 204-11] Start constructing STG ...
INFO: [HLS 200-1470] Pipelining result : Target II = 1, Final II = 1, Depth = 2, function 'reg<unsigned short>'
INFO: [SCHED 204-11] Finished constructing STG.
INFO: [SCHED 204-11] Finished scheduling.
INFO: [HLS 200-111] Finished Scheduling: CPU user time: 0 seconds. CPU system time: 0 seconds. Elapsed time: 0.539 seconds; current allocated memory: 345.832 MB.
INFO: [BIND 205-100] Starting micro-architecture generation ...
INFO: [BIND 205-101] Performing variable lifetime analysis.
INFO: [BIND 205-101] Exploring resource sharing.
INFO: [BIND 205-101] Binding ...
INFO: [BIND 205-100] Finished micro-architecture generation.
INFO: [HLS 200-111] Finished Binding: CPU user time: 0 seconds. CPU system time: 0 seconds. Elapsed time: 0.061 seconds; current allocated memory: 346.934 MB.
INFO: [HLS 200-10] ----------------------------------------------------------------
INFO: [HLS 200-42] -- Implementing module 'AXIvideo2MultiPixStream_Pipeline_loop_wait_for_start' 
INFO: [HLS 200-10] ----------------------------------------------------------------
INFO: [SCHED 204-11] Starting scheduling ...
###	 Num	NTree	NLUT	EssAll	EssLUT	Size	MSize	Lev	MLev	Sel	Phy 
####	 0	0	0	12	0	-nan(ind)	0	-nan(ind)	0	0	0
INFO: [SCHED 204-11] Generating True dependence constraints ... 
INFO: [SCHED 204-11] Generating Auxiliary dependence constraints ... 
INFO: [SCHED 204-11] Generating Ternary mapping constraints ... 
INFO: [SCHED 204-11] Generating Lut Grouping constraints ... 
INFO: [SCHED 204-11] Generating Node latency constraints ... 
INFO: [SCHED 204-11] Generating Relative time constraints ... 
INFO: [SCHED 204-11] Generating Protocol constraints ... 
INFO: [SCHED 204-11] Generating Precedence constraints ... 
INFO: [SCHED 204-11] Generating Supporting dependence constraints ... 
INFO: [SCHED 204-11] Generating Pipeline constraints ... 
INFO: [SCHED 204-61] Pipelining loop 'loop_wait_for_start'.
INFO: [SCHED 204-11] Generating DSP mapping constraints ... 
INFO: [SCHED 204-11] Generating Supporting dependence constraints ... 
INFO: [SCHED 204-11] Generating Resource constraints ... 
INFO: [SCHED 204-11] Generating Latency constraints ... 
INFO: [SCHED 204-11] Generating Latency constraints ... 
INFO: [SCHED 204-11] Generating Cycle time constraints ... 
INFO: [SCHED 204-11] Generating Blocking node constraints ... 
INFO: [SCHED 204-11] Generating Chaining constraints ... 
INFO: [SCHED 204-11] Generating Operation gating constraints ... 
INFO: [SCHED 204-11] Generating Variable bound constraints ... 
INFO: [SCHED 204-11] Generating PHI node constraints ... 
INFO: [SCHED 204-11] Start checking consistency (resolving sdc graph) ...
INFO: [SCHED 204-11] Finished checking consistency.
INFO: [SCHED 204-11] Start scheduling optimization (solving LP) ...
INFO: [SCHED 204-11] Finished scheduling optimization.
INFO: [SCHED 204-11] Start constructing STG ...
INFO: [HLS 200-1470] Pipelining result : Target II = 1, Final II = 1, Depth = 1, loop 'loop_wait_for_start'
INFO: [SCHED 204-11] Finished constructing STG.
INFO: [SCHED 204-11] Finished scheduling.
INFO: [HLS 200-111] Finished Scheduling: CPU user time: 0 seconds. CPU system time: 0 seconds. Elapsed time: 0.408 seconds; current allocated memory: 347.488 MB.
INFO: [BIND 205-100] Starting micro-architecture generation ...
INFO: [BIND 205-101] Performing variable lifetime analysis.
INFO: [BIND 205-101] Exploring resource sharing.
INFO: [BIND 205-101] Binding ...
INFO: [BIND 205-100] Finished micro-architecture generation.
INFO: [HLS 200-111] Finished Binding: CPU user time: 0 seconds. CPU system time: 0 seconds. Elapsed time: 0.064 seconds; current allocated memory: 347.738 MB.
INFO: [HLS 200-10] ----------------------------------------------------------------
INFO: [HLS 200-42] -- Implementing module 'AXIvideo2MultiPixStream_Pipeline_loop_width' 
INFO: [HLS 200-10] ----------------------------------------------------------------
INFO: [SCHED 204-11] Starting scheduling ...
###	 Num	NTree	NLUT	EssAll	EssLUT	Size	MSize	Lev	MLev	Sel	Phy 
####	 0	0	0	35	0	-nan(ind)	0	-nan(ind)	0	0	0
INFO: [SCHED 204-11] Generating True dependence constraints ... 
INFO: [SCHED 204-11] Generating Auxiliary dependence constraints ... 
INFO: [SCHED 204-11] Generating Ternary mapping constraints ... 
INFO: [SCHED 204-11] Generating Lut Grouping constraints ... 
INFO: [SCHED 204-11] Generating Node latency constraints ... 
INFO: [SCHED 204-11] Generating Relative time constraints ... 
INFO: [SCHED 204-11] Generating Protocol constraints ... 
INFO: [SCHED 204-11] Generating Precedence constraints ... 
INFO: [SCHED 204-11] Generating Supporting dependence constraints ... 
INFO: [SCHED 204-11] Generating Pipeline constraints ... 
INFO: [SCHED 204-61] Pipelining loop 'loop_width'.
INFO: [SCHED 204-11] Generating DSP mapping constraints ... 
INFO: [SCHED 204-11] Generating Supporting dependence constraints ... 
INFO: [SCHED 204-11] Generating Resource constraints ... 
INFO: [SCHED 204-11] Generating Latency constraints ... 
INFO: [SCHED 204-11] Generating Latency constraints ... 
INFO: [SCHED 204-11] Generating Cycle time constraints ... 
INFO: [SCHED 204-11] Generating Blocking node constraints ... 
INFO: [SCHED 204-11] Generating Chaining constraints ... 
INFO: [SCHED 204-11] Generating Operation gating constraints ... 
INFO: [SCHED 204-11] Generating Variable bound constraints ... 
INFO: [SCHED 204-11] Generating PHI node constraints ... 
INFO: [SCHED 204-11] Start checking consistency (resolving sdc graph) ...
INFO: [SCHED 204-11] Finished checking consistency.
INFO: [SCHED 204-11] Start scheduling optimization (solving LP) ...
INFO: [SCHED 204-11] Finished scheduling optimization.
INFO: [SCHED 204-11] Start constructing STG ...
INFO: [HLS 200-1470] Pipelining result : Target II = 1, Final II = 1, Depth = 2, loop 'loop_width'
INFO: [SCHED 204-11] Finished constructing STG.
INFO: [SCHED 204-11] Finished scheduling.
INFO: [HLS 200-111] Finished Scheduling: CPU user time: 0 seconds. CPU system time: 0 seconds. Elapsed time: 0.411 seconds; current allocated memory: 348.438 MB.
INFO: [BIND 205-100] Starting micro-architecture generation ...
INFO: [BIND 205-101] Performing variable lifetime analysis.
INFO: [BIND 205-101] Exploring resource sharing.
INFO: [BIND 205-101] Binding ...
INFO: [BIND 205-100] Finished micro-architecture generation.
INFO: [HLS 200-111] Finished Binding: CPU user time: 0 seconds. CPU system time: 0 seconds. Elapsed time: 0.067 seconds; current allocated memory: 348.453 MB.
INFO: [HLS 200-10] ----------------------------------------------------------------
INFO: [HLS 200-42] -- Implementing module 'AXIvideo2MultiPixStream_Pipeline_loop_wait_for_eol' 
INFO: [HLS 200-10] ----------------------------------------------------------------
INFO: [SCHED 204-11] Starting scheduling ...
###	 Num	NTree	NLUT	EssAll	EssLUT	Size	MSize	Lev	MLev	Sel	Phy 
####	 0	0	0	15	0	-nan(ind)	0	-nan(ind)	0	0	0
INFO: [SCHED 204-11] Generating True dependence constraints ... 
INFO: [SCHED 204-11] Generating Auxiliary dependence constraints ... 
INFO: [SCHED 204-11] Generating Ternary mapping constraints ... 
INFO: [SCHED 204-11] Generating Lut Grouping constraints ... 
INFO: [SCHED 204-11] Generating Node latency constraints ... 
INFO: [SCHED 204-11] Generating Relative time constraints ... 
INFO: [SCHED 204-11] Generating Protocol constraints ... 
INFO: [SCHED 204-11] Generating Precedence constraints ... 
INFO: [SCHED 204-11] Generating Supporting dependence constraints ... 
INFO: [SCHED 204-11] Generating Pipeline constraints ... 
INFO: [SCHED 204-61] Pipelining loop 'loop_wait_for_eol'.
INFO: [SCHED 204-11] Generating DSP mapping constraints ... 
INFO: [SCHED 204-11] Generating Supporting dependence constraints ... 
INFO: [SCHED 204-11] Generating Resource constraints ... 
INFO: [SCHED 204-11] Generating Latency constraints ... 
INFO: [SCHED 204-11] Generating Latency constraints ... 
INFO: [SCHED 204-11] Generating Cycle time constraints ... 
INFO: [SCHED 204-11] Generating Blocking node constraints ... 
INFO: [SCHED 204-11] Generating Chaining constraints ... 
INFO: [SCHED 204-11] Generating Operation gating constraints ... 
INFO: [SCHED 204-11] Generating Variable bound constraints ... 
INFO: [SCHED 204-11] Generating PHI node constraints ... 
INFO: [SCHED 204-11] Start checking consistency (resolving sdc graph) ...
INFO: [SCHED 204-11] Finished checking consistency.
INFO: [SCHED 204-11] Start scheduling optimization (solving LP) ...
INFO: [SCHED 204-11] Finished scheduling optimization.
INFO: [SCHED 204-11] Start constructing STG ...
INFO: [HLS 200-1470] Pipelining result : Target II = 1, Final II = 1, Depth = 1, loop 'loop_wait_for_eol'
INFO: [SCHED 204-11] Finished constructing STG.
INFO: [SCHED 204-11] Finished scheduling.
INFO: [HLS 200-111] Finished Scheduling: CPU user time: 1 seconds. CPU system time: 0 seconds. Elapsed time: 0.973 seconds; current allocated memory: 348.488 MB.
INFO: [BIND 205-100] Starting micro-architecture generation ...
INFO: [BIND 205-101] Performing variable lifetime analysis.
INFO: [BIND 205-101] Exploring resource sharing.
INFO: [BIND 205-101] Binding ...
INFO: [BIND 205-100] Finished micro-architecture generation.
INFO: [HLS 200-111] Finished Binding: CPU user time: 0 seconds. CPU system time: 0 seconds. Elapsed time: 0.064 seconds; current allocated memory: 348.492 MB.
INFO: [HLS 200-10] ----------------------------------------------------------------
INFO: [HLS 200-42] -- Implementing module 'AXIvideo2MultiPixStream' 
INFO: [HLS 200-10] ----------------------------------------------------------------
INFO: [SCHED 204-11] Starting scheduling ...
###	 Num	NTree	NLUT	EssAll	EssLUT	Size	MSize	Lev	MLev	Sel	Phy 
####	 0	0	0	42	0	-nan(ind)	0	-nan(ind)	0	0	0
INFO: [SCHED 204-11] Generating True dependence constraints ... 
INFO: [SCHED 204-11] Generating Auxiliary dependence constraints ... 
INFO: [SCHED 204-11] Generating Ternary mapping constraints ... 
INFO: [SCHED 204-11] Generating Lut Grouping constraints ... 
INFO: [SCHED 204-11] Generating Node latency constraints ... 
INFO: [SCHED 204-11] Generating Relative time constraints ... 
INFO: [SCHED 204-11] Generating Protocol constraints ... 
INFO: [SCHED 204-11] Generating Precedence constraints ... 
INFO: [SCHED 204-11] Generating Supporting dependence constraints ... 
INFO: [SCHED 204-11] Generating Pipeline constraints ... 
INFO: [SCHED 204-11] Generating DSP mapping constraints ... 
INFO: [SCHED 204-11] Generating Supporting dependence constraints ... 
INFO: [SCHED 204-11] Generating Resource constraints ... 
INFO: [SCHED 204-11] Generating Latency constraints ... 
INFO: [SCHED 204-11] Generating Latency constraints ... 
INFO: [SCHED 204-11] Generating Cycle time constraints ... 
INFO: [SCHED 204-11] Generating Blocking node constraints ... 
INFO: [SCHED 204-11] Generating Chaining constraints ... 
INFO: [SCHED 204-11] Generating Operation gating constraints ... 
INFO: [SCHED 204-11] Generating Variable bound constraints ... 
INFO: [SCHED 204-11] Generating PHI node constraints ... 
INFO: [SCHED 204-11] Start checking consistency (resolving sdc graph) ...
INFO: [SCHED 204-11] Finished checking consistency.
INFO: [SCHED 204-11] Start scheduling optimization (solving LP) ...
INFO: [SCHED 204-11] Finished scheduling optimization.
INFO: [SCHED 204-11] Start constructing STG ...
INFO: [SCHED 204-11] Finished constructing STG.
INFO: [SCHED 204-11] Finished scheduling.
INFO: [HLS 200-111] Finished Scheduling: CPU user time: 0 seconds. CPU system time: 0 seconds. Elapsed time: 0.419 seconds; current allocated memory: 349.527 MB.
INFO: [BIND 205-100] Starting micro-architecture generation ...
INFO: [BIND 205-101] Performing variable lifetime analysis.
INFO: [BIND 205-101] Exploring resource sharing.
INFO: [BIND 205-101] Binding ...
INFO: [BIND 205-100] Finished micro-architecture generation.
INFO: [HLS 200-111] Finished Binding: CPU user time: 0 seconds. CPU system time: 0 seconds. Elapsed time: 0.089 seconds; current allocated memory: 349.578 MB.
INFO: [HLS 200-10] ----------------------------------------------------------------
INFO: [HLS 200-42] -- Implementing module 'reg_ap_uint_10_s' 
INFO: [HLS 200-10] ----------------------------------------------------------------
INFO: [SCHED 204-11] Starting scheduling ...
###	 Num	NTree	NLUT	EssAll	EssLUT	Size	MSize	Lev	MLev	Sel	Phy 
####	 0	0	0	2	0	-nan(ind)	0	-nan(ind)	0	0	0
INFO: [SCHED 204-11] Generating True dependence constraints ... 
INFO: [SCHED 204-11] Generating Auxiliary dependence constraints ... 
INFO: [SCHED 204-11] Generating Ternary mapping constraints ... 
INFO: [SCHED 204-11] Generating Lut Grouping constraints ... 
INFO: [SCHED 204-11] Generating Node latency constraints ... 
INFO: [SCHED 204-11] Generating Relative time constraints ... 
INFO: [SCHED 204-11] Generating Protocol constraints ... 
INFO: [SCHED 204-11] Generating Precedence constraints ... 
INFO: [SCHED 204-11] Generating Supporting dependence constraints ... 
INFO: [SCHED 204-11] Generating Pipeline constraints ... 
INFO: [SCHED 204-61] Pipelining function 'reg<ap_uint<10> >'.
INFO: [SCHED 204-11] Generating DSP mapping constraints ... 
INFO: [SCHED 204-11] Generating Supporting dependence constraints ... 
INFO: [SCHED 204-11] Generating Resource constraints ... 
INFO: [SCHED 204-11] Generating Latency constraints ... 
INFO: [SCHED 204-11] Generating Latency constraints ... 
INFO: [SCHED 204-11] Generating Cycle time constraints ... 
INFO: [SCHED 204-11] Generating Blocking node constraints ... 
INFO: [SCHED 204-11] Generating Chaining constraints ... 
INFO: [SCHED 204-11] Generating Operation gating constraints ... 
INFO: [SCHED 204-11] Generating Variable bound constraints ... 
INFO: [SCHED 204-11] Generating PHI node constraints ... 
INFO: [SCHED 204-11] Start checking consistency (resolving sdc graph) ...
INFO: [SCHED 204-11] Finished checking consistency.
INFO: [SCHED 204-11] Start scheduling optimization (solving LP) ...
INFO: [SCHED 204-11] Finished scheduling optimization.
INFO: [SCHED 204-11] Start constructing STG ...
INFO: [HLS 200-1470] Pipelining result : Target II = 1, Final II = 1, Depth = 2, function 'reg<ap_uint<10> >'
INFO: [SCHED 204-11] Finished constructing STG.
INFO: [SCHED 204-11] Finished scheduling.
INFO: [HLS 200-111] Finished Scheduling: CPU user time: 0 seconds. CPU system time: 0 seconds. Elapsed time: 0.485 seconds; current allocated memory: 349.797 MB.
INFO: [BIND 205-100] Starting micro-architecture generation ...
INFO: [BIND 205-101] Performing variable lifetime analysis.
INFO: [BIND 205-101] Exploring resource sharing.
INFO: [BIND 205-101] Binding ...
INFO: [BIND 205-100] Finished micro-architecture generation.
INFO: [HLS 200-111] Finished Binding: CPU user time: 0 seconds. CPU system time: 0 seconds. Elapsed time: 0.067 seconds; current allocated memory: 349.797 MB.
INFO: [HLS 200-10] ----------------------------------------------------------------
INFO: [HLS 200-42] -- Implementing module 'reg_int_s' 
INFO: [HLS 200-10] ----------------------------------------------------------------
INFO: [SCHED 204-11] Starting scheduling ...
###	 Num	NTree	NLUT	EssAll	EssLUT	Size	MSize	Lev	MLev	Sel	Phy 
####	 0	0	0	2	0	-nan(ind)	0	-nan(ind)	0	0	0
INFO: [SCHED 204-11] Generating True dependence constraints ... 
INFO: [SCHED 204-11] Generating Auxiliary dependence constraints ... 
INFO: [SCHED 204-11] Generating Ternary mapping constraints ... 
INFO: [SCHED 204-11] Generating Lut Grouping constraints ... 
INFO: [SCHED 204-11] Generating Node latency constraints ... 
INFO: [SCHED 204-11] Generating Relative time constraints ... 
INFO: [SCHED 204-11] Generating Protocol constraints ... 
INFO: [SCHED 204-11] Generating Precedence constraints ... 
INFO: [SCHED 204-11] Generating Supporting dependence constraints ... 
INFO: [SCHED 204-11] Generating Pipeline constraints ... 
INFO: [SCHED 204-61] Pipelining function 'reg<int>'.
INFO: [SCHED 204-11] Generating DSP mapping constraints ... 
INFO: [SCHED 204-11] Generating Supporting dependence constraints ... 
INFO: [SCHED 204-11] Generating Resource constraints ... 
INFO: [SCHED 204-11] Generating Latency constraints ... 
INFO: [SCHED 204-11] Generating Latency constraints ... 
INFO: [SCHED 204-11] Generating Cycle time constraints ... 
INFO: [SCHED 204-11] Generating Blocking node constraints ... 
INFO: [SCHED 204-11] Generating Chaining constraints ... 
INFO: [SCHED 204-11] Generating Operation gating constraints ... 
INFO: [SCHED 204-11] Generating Variable bound constraints ... 
INFO: [SCHED 204-11] Generating PHI node constraints ... 
INFO: [SCHED 204-11] Start checking consistency (resolving sdc graph) ...
INFO: [SCHED 204-11] Finished checking consistency.
INFO: [SCHED 204-11] Start scheduling optimization (solving LP) ...
INFO: [SCHED 204-11] Finished scheduling optimization.
INFO: [SCHED 204-11] Start constructing STG ...
INFO: [HLS 200-1470] Pipelining result : Target II = 1, Final II = 1, Depth = 2, function 'reg<int>'
INFO: [SCHED 204-11] Finished constructing STG.
INFO: [SCHED 204-11] Finished scheduling.
INFO: [HLS 200-111] Finished Scheduling: CPU user time: 0 seconds. CPU system time: 0 seconds. Elapsed time: 0.822 seconds; current allocated memory: 350.059 MB.
INFO: [BIND 205-100] Starting micro-architecture generation ...
INFO: [BIND 205-101] Performing variable lifetime analysis.
INFO: [BIND 205-101] Exploring resource sharing.
INFO: [BIND 205-101] Binding ...
INFO: [BIND 205-100] Finished micro-architecture generation.
INFO: [HLS 200-111] Finished Binding: CPU user time: 0 seconds. CPU system time: 0 seconds. Elapsed time: 0.07 seconds; current allocated memory: 350.059 MB.
INFO: [HLS 200-10] ----------------------------------------------------------------
INFO: [HLS 200-42] -- Implementing module 'tpgBackground_Pipeline_VITIS_LOOP_520_2' 
INFO: [HLS 200-10] ----------------------------------------------------------------
INFO: [SCHED 204-11] Starting scheduling ...
INFO: [HLS 200-486] Changing DSP latency (root=mul_ln1259_1) to 3 in order to utilize available DSP registers.
INFO: [SYN 201-351] The following objects are mapped to a DSP.
   a  'select' operation ('b', C:/Users/hhhh/rekonfigi/video_passthrough_kria/video_passthrough_kria.runs/synth_1/prj/sol/.autopilot/db/v_tpg.cpp:1244)
   b  constant 4194283
   c  'mul' operation ('mul_ln1259', C:/Users/hhhh/rekonfigi/video_passthrough_kria/video_passthrough_kria.runs/synth_1/prj/sol/.autopilot/db/v_tpg.cpp:1259)
  DSP Expression: add_ln1259_1 = mul_ln1259 + zext_ln1257_2 * 4194283
INFO: [HLS 200-486] Changing DSP latency (root=mul_ln1259) to 3 in order to utilize available DSP registers.
INFO: [SYN 201-351] The following objects are mapped to a DSP.
   a  'select' operation ('g', C:/Users/hhhh/rekonfigi/video_passthrough_kria/video_passthrough_kria.runs/synth_1/prj/sol/.autopilot/db/v_tpg.cpp:1240)
   b  constant 16777109
  DSP Expression: mul_ln1259 = zext_ln1257_1 * 16777109
INFO: [HLS 200-486] Changing DSP latency (root=mul_ln1258_1) to 3 in order to utilize available DSP registers.
INFO: [SYN 201-351] The following objects are mapped to a DSP.
   a  'select' operation ('g', C:/Users/hhhh/rekonfigi/video_passthrough_kria/video_passthrough_kria.runs/synth_1/prj/sol/.autopilot/db/v_tpg.cpp:1240)
   b  constant 16777131
   c  'add' operation ('add_ln1258', C:/Users/hhhh/rekonfigi/video_passthrough_kria/video_passthrough_kria.runs/synth_1/prj/sol/.autopilot/db/v_tpg.cpp:1258)
  DSP Expression: add_ln1258_1 = zext_ln1257_1 * 16777131 + sext_ln1258
INFO: [HLS 200-486] Changing DSP latency (root=mul_ln1258) to 3 in order to utilize available DSP registers.
INFO: [SYN 201-351] The following objects are mapped to a DSP.
   a  'select' operation ('r', C:/Users/hhhh/rekonfigi/video_passthrough_kria/video_passthrough_kria.runs/synth_1/prj/sol/.autopilot/db/v_tpg.cpp:1236)
   b  constant 8388565
   c  constant 131200
  DSP Expression: add_ln1258 = zext_ln1257 * 8388565 + 131200
INFO: [HLS 200-486] Changing DSP latency (root=mul_ln1257_1) to 3 in order to utilize available DSP registers.
INFO: [SYN 201-351] The following objects are mapped to a DSP.
   a  'select' operation ('g', C:/Users/hhhh/rekonfigi/video_passthrough_kria/video_passthrough_kria.runs/synth_1/prj/sol/.autopilot/db/v_tpg.cpp:1240)
   b  constant 150
   c  'add' operation ('add_ln1257', C:/Users/hhhh/rekonfigi/video_passthrough_kria/video_passthrough_kria.runs/synth_1/prj/sol/.autopilot/db/v_tpg.cpp:1257)
  DSP Expression: add_ln1257_1 = zext_ln1257_1 * 150 + zext_ln1257_5
INFO: [HLS 200-486] Changing DSP latency (root=mul_ln1257) to 3 in order to utilize available DSP registers.
INFO: [SYN 201-351] The following objects are mapped to a DSP.
   a  'select' operation ('r', C:/Users/hhhh/rekonfigi/video_passthrough_kria/video_passthrough_kria.runs/synth_1/prj/sol/.autopilot/db/v_tpg.cpp:1236)
   b  constant 77
   c  constant 16512
  DSP Expression: add_ln1257 = zext_ln1257 * 77 + 16512
INFO: [HLS 200-486] Changing DSP latency (root=mul_ln1257_2) to 3 in order to utilize available DSP registers.
INFO: [SYN 201-351] The following objects are mapped to a DSP.
   a  'select' operation ('b', C:/Users/hhhh/rekonfigi/video_passthrough_kria/video_passthrough_kria.runs/synth_1/prj/sol/.autopilot/db/v_tpg.cpp:1244)
   b  constant 29
  DSP Expression: mul_ln1257_2 = zext_ln1257_3 * 29
INFO: [HLS 200-486] Changing DSP latency (root=mul_ln1244) to 3 in order to utilize available DSP registers.
INFO: [SYN 201-351] The following objects are mapped to a DSP.
   a  constant 3277
   b  'add' operation ('add_ln1244', C:/Users/hhhh/rekonfigi/video_passthrough_kria/video_passthrough_kria.runs/synth_1/prj/sol/.autopilot/db/v_tpg.cpp:1244)
  DSP Expression: mul_ln1244 = zext_ln1244_1 * 3277
INFO: [HLS 200-486] Changing DSP latency (root=mul_ln1240) to 3 in order to utilize available DSP registers.
INFO: [SYN 201-351] The following objects are mapped to a DSP.
   a  constant 3277
   b  'add' operation ('add_ln1240', C:/Users/hhhh/rekonfigi/video_passthrough_kria/video_passthrough_kria.runs/synth_1/prj/sol/.autopilot/db/v_tpg.cpp:1240)
  DSP Expression: mul_ln1240 = zext_ln1240_1 * 3277
INFO: [HLS 200-486] Changing DSP latency (root=mul_ln1236) to 3 in order to utilize available DSP registers.
INFO: [SYN 201-351] The following objects are mapped to a DSP.
   a  constant 3277
   b  'load' operation ('x', C:/Users/hhhh/rekonfigi/video_passthrough_kria/video_passthrough_kria.runs/synth_1/prj/sol/.autopilot/db/v_tpg.cpp:691) on local variable 'x'
  DSP Expression: mul_ln1236 = zext_ln1236_1 * 3277
INFO: [HLS 200-486] Changing DSP latency (root=mul_ln1311) to 3 in order to utilize available DSP registers.
INFO: [SYN 201-351] The following objects are mapped to a DSP.
   a  'load' operation ('tpgSinTableArray_load', C:/Users/hhhh/rekonfigi/video_passthrough_kria/video_passthrough_kria.runs/synth_1/prj/sol/.autopilot/db/v_tpg.cpp:1310) on array 'tpgSinTableArray'
   b  constant 221
  DSP Expression: mul_ln1311 = sext_ln1310 * 221
INFO: [HLS 200-486] Changing DSP latency (root=mul_ln1302_1) to 3 in order to utilize available DSP registers.
INFO: [SYN 201-351] The following objects are mapped to a DSP.
   a  wire read operation ('Zplate_Hor_Control_Delta_read') on port 'Zplate_Hor_Control_Delta'
   b  'call' operation ('tmp_5', C:/Users/hhhh/rekonfigi/video_passthrough_kria/video_passthrough_kria.runs/synth_1/prj/sol/.autopilot/db/v_tpg.cpp:1302) to 'reg<int>'
   c  'add' operation ('add_ln1306_1', C:/Users/hhhh/rekonfigi/video_passthrough_kria/video_passthrough_kria.runs/synth_1/prj/sol/.autopilot/db/v_tpg.cpp:1306)
  DSP Expression: add_ln1306 = add_ln1306_1 + Zplate_Hor_Control_Delta_read * tmp_5
INFO: [HLS 200-486] Changing DSP latency (root=add_ln1302) to 3 in order to utilize available DSP registers.
INFO: [SYN 201-351] The following objects are mapped to a DSP.
   a  constant 131071
   b  'load' operation ('x', C:/Users/hhhh/rekonfigi/video_passthrough_kria/video_passthrough_kria.runs/synth_1/prj/sol/.autopilot/db/v_tpg.cpp:691) on local variable 'x'
   d  'load' operation ('x', C:/Users/hhhh/rekonfigi/video_passthrough_kria/video_passthrough_kria.runs/synth_1/prj/sol/.autopilot/db/v_tpg.cpp:691) on local variable 'x'
  DSP Expression: mul_ln1302 = (zext_ln1302 + 131071) * zext_ln1302
###	 Num	NTree	NLUT	EssAll	EssLUT	Size	MSize	Lev	MLev	Sel	Phy 
####	 66	0	23	640	50	2.2	5	2.1	5	18	1
INFO: [SCHED 204-11] Generating True dependence constraints ... 
INFO: [SCHED 204-11] Generating Auxiliary dependence constraints ... 
INFO: [SCHED 204-11] Generating Ternary mapping constraints ... 
INFO: [SCHED 204-11] Generating Lut Grouping constraints ... 
INFO: [SCHED 204-11] Generating Node latency constraints ... 
INFO: [SCHED 204-11] Generating Relative time constraints ... 
INFO: [SCHED 204-11] Generating Protocol constraints ... 
INFO: [SCHED 204-11] Generating Precedence constraints ... 
INFO: [SCHED 204-11] Generating Supporting dependence constraints ... 
INFO: [SCHED 204-11] Generating Pipeline constraints ... 
INFO: [SCHED 204-61] Pipelining loop 'VITIS_LOOP_520_2'.
INFO: [SCHED 204-61]  rescheduled in stage scheduling from 8 to 16 with current asap = 8, alap = 16
INFO: [SCHED 204-61]  rescheduled in stage scheduling from 15 to 17 with current asap = 15, alap = 17
INFO: [SCHED 204-61]  rescheduled in stage scheduling from 0 to 11 with current asap = 0, alap = 11
INFO: [SCHED 204-61]  rescheduled in stage scheduling from 0 to 10 with current asap = 0, alap = 10
INFO: [SCHED 204-61]  rescheduled in stage scheduling from 0 to 10 with current asap = 0, alap = 10
INFO: [SCHED 204-11] Generating DSP mapping constraints ... 
INFO: [SCHED 204-11] Generating Supporting dependence constraints ... 
INFO: [SCHED 204-11] Generating Resource constraints ... 
INFO: [SCHED 204-11] Generating Latency constraints ... 
INFO: [SCHED 204-11] Generating Latency constraints ... 
INFO: [SCHED 204-11] Generating Cycle time constraints ... 
INFO: [SCHED 204-11] Generating Blocking node constraints ... 
INFO: [SCHED 204-11] Generating Chaining constraints ... 
INFO: [SCHED 204-11] Generating Operation gating constraints ... 
INFO: [SCHED 204-11] Generating Variable bound constraints ... 
INFO: [SCHED 204-11] Generating PHI node constraints ... 
INFO: [SCHED 204-11] Start checking consistency (resolving sdc graph) ...
INFO: [SCHED 204-11] Finished checking consistency.
INFO: [SCHED 204-11] Start scheduling optimization (solving LP) ...
INFO: [SCHED 204-11] Finished scheduling optimization.
INFO: [SCHED 204-11] Start constructing STG ...
INFO: [HLS 200-1470] Pipelining result : Target II = 1, Final II = 1, Depth = 23, loop 'VITIS_LOOP_520_2'
WARNING: [HLS 200-871] Estimated clock period (3.392ns) exceeds the target (target clock period: 4ns, clock uncertainty: 1.08ns, effective delay budget: 2.92ns).
Resolution: For help on HLS 200-871 see www.xilinx.com/cgi-bin/docs/rdoc?v=2022.2;t=hls+guidance;d=200-871.html
WARNING: [HLS 200-1016] The critical path in module 'tpgBackground_Pipeline_VITIS_LOOP_520_2' consists of the following:	'alloca' operation ('x') [137]  (0 ns)
	'load' operation ('x', C:/Users/hhhh/rekonfigi/video_passthrough_kria/video_passthrough_kria.runs/synth_1/prj/sol/.autopilot/db/v_tpg.cpp:691) on local variable 'x' [214]  (0 ns)
	'add' operation of DSP[880] ('add_ln1302', C:/Users/hhhh/rekonfigi/video_passthrough_kria/video_passthrough_kria.runs/synth_1/prj/sol/.autopilot/db/v_tpg.cpp:1302) [879]  (2.4 ns)
	'mul' operation of DSP[880] ('mul_ln1302', C:/Users/hhhh/rekonfigi/video_passthrough_kria/video_passthrough_kria.runs/synth_1/prj/sol/.autopilot/db/v_tpg.cpp:1302) [880]  (0.996 ns)

Resolution: For help on HLS 200-1016 see www.xilinx.com/cgi-bin/docs/rdoc?v=2022.2;t=hls+guidance;d=200-1016.html
INFO: [SCHED 204-11] Finished constructing STG.
INFO: [SCHED 204-11] Finished scheduling.
INFO: [HLS 200-111] Finished Scheduling: CPU user time: 1 seconds. CPU system time: 0 seconds. Elapsed time: 2.266 seconds; current allocated memory: 360.883 MB.
INFO: [BIND 205-100] Starting micro-architecture generation ...
INFO: [BIND 205-101] Performing variable lifetime analysis.
INFO: [BIND 205-101] Exploring resource sharing.
INFO: [BIND 205-101] Binding ...
INFO: [BIND 205-100] Finished micro-architecture generation.
INFO: [HLS 200-111] Finished Binding: CPU user time: 0 seconds. CPU system time: 0 seconds. Elapsed time: 0.487 seconds; current allocated memory: 361.918 MB.
INFO: [HLS 200-10] ----------------------------------------------------------------
INFO: [HLS 200-42] -- Implementing module 'tpgBackground' 
INFO: [HLS 200-10] ----------------------------------------------------------------
INFO: [SCHED 204-11] Starting scheduling ...
###	 Num	NTree	NLUT	EssAll	EssLUT	Size	MSize	Lev	MLev	Sel	Phy 
####	 9	0	0	113	0	-nan(ind)	0	-nan(ind)	0	0	0
INFO: [SCHED 204-11] Generating True dependence constraints ... 
INFO: [SCHED 204-11] Generating Auxiliary dependence constraints ... 
INFO: [SCHED 204-11] Generating Ternary mapping constraints ... 
INFO: [SCHED 204-11] Generating Lut Grouping constraints ... 
INFO: [SCHED 204-11] Generating Node latency constraints ... 
INFO: [SCHED 204-11] Generating Relative time constraints ... 
INFO: [SCHED 204-11] Generating Protocol constraints ... 
INFO: [SCHED 204-11] Generating Precedence constraints ... 
INFO: [SCHED 204-11] Generating Supporting dependence constraints ... 
INFO: [SCHED 204-11] Generating Pipeline constraints ... 
INFO: [SCHED 204-11] Generating DSP mapping constraints ... 
INFO: [SCHED 204-11] Generating Supporting dependence constraints ... 
INFO: [SCHED 204-11] Generating Resource constraints ... 
INFO: [SCHED 204-11] Generating Latency constraints ... 
INFO: [SCHED 204-11] Generating Latency constraints ... 
INFO: [SCHED 204-11] Generating Cycle time constraints ... 
INFO: [SCHED 204-11] Generating Blocking node constraints ... 
INFO: [SCHED 204-11] Generating Chaining constraints ... 
INFO: [SCHED 204-11] Generating Operation gating constraints ... 
INFO: [SCHED 204-11] Generating Variable bound constraints ... 
INFO: [SCHED 204-11] Generating PHI node constraints ... 
INFO: [SCHED 204-11] Start checking consistency (resolving sdc graph) ...
INFO: [SCHED 204-11] Finished checking consistency.
INFO: [SCHED 204-11] Start scheduling optimization (solving LP) ...
INFO: [SCHED 204-11] Finished scheduling optimization.
INFO: [SCHED 204-11] Start constructing STG ...
INFO: [SCHED 204-11] Finished constructing STG.
INFO: [SCHED 204-11] Finished scheduling.
INFO: [HLS 200-111] Finished Scheduling: CPU user time: 1 seconds. CPU system time: 0 seconds. Elapsed time: 0.992 seconds; current allocated memory: 363.102 MB.
INFO: [BIND 205-100] Starting micro-architecture generation ...
INFO: [BIND 205-101] Performing variable lifetime analysis.
INFO: [BIND 205-101] Exploring resource sharing.
INFO: [BIND 205-101] Binding ...
INFO: [BIND 205-100] Finished micro-architecture generation.
INFO: [HLS 200-111] Finished Binding: CPU user time: 0 seconds. CPU system time: 0 seconds. Elapsed time: 0.217 seconds; current allocated memory: 363.215 MB.
INFO: [HLS 200-10] ----------------------------------------------------------------
INFO: [HLS 200-42] -- Implementing module 'MultiPixStream2AXIvideo_Pipeline_VITIS_LOOP_936_2' 
INFO: [HLS 200-10] ----------------------------------------------------------------
INFO: [SCHED 204-11] Starting scheduling ...
###	 Num	NTree	NLUT	EssAll	EssLUT	Size	MSize	Lev	MLev	Sel	Phy 
####	 1	0	0	45	0	-nan(ind)	0	-nan(ind)	0	0	0
INFO: [SCHED 204-11] Generating True dependence constraints ... 
INFO: [SCHED 204-11] Generating Auxiliary dependence constraints ... 
INFO: [SCHED 204-11] Generating Ternary mapping constraints ... 
INFO: [SCHED 204-11] Generating Lut Grouping constraints ... 
INFO: [SCHED 204-11] Generating Node latency constraints ... 
INFO: [SCHED 204-11] Generating Relative time constraints ... 
INFO: [SCHED 204-11] Generating Protocol constraints ... 
INFO: [SCHED 204-11] Generating Precedence constraints ... 
INFO: [SCHED 204-11] Generating Supporting dependence constraints ... 
INFO: [SCHED 204-11] Generating Pipeline constraints ... 
INFO: [SCHED 204-61] Pipelining loop 'VITIS_LOOP_936_2'.
INFO: [SCHED 204-11] Generating DSP mapping constraints ... 
INFO: [SCHED 204-11] Generating Supporting dependence constraints ... 
INFO: [SCHED 204-11] Generating Resource constraints ... 
INFO: [SCHED 204-11] Generating Latency constraints ... 
INFO: [SCHED 204-11] Generating Latency constraints ... 
INFO: [SCHED 204-11] Generating Cycle time constraints ... 
INFO: [SCHED 204-11] Generating Blocking node constraints ... 
INFO: [SCHED 204-11] Generating Chaining constraints ... 
INFO: [SCHED 204-11] Generating Operation gating constraints ... 
INFO: [SCHED 204-11] Generating Variable bound constraints ... 
INFO: [SCHED 204-11] Generating PHI node constraints ... 
INFO: [SCHED 204-11] Start checking consistency (resolving sdc graph) ...
INFO: [SCHED 204-11] Finished checking consistency.
INFO: [SCHED 204-11] Start scheduling optimization (solving LP) ...
INFO: [SCHED 204-11] Finished scheduling optimization.
INFO: [SCHED 204-11] Start constructing STG ...
INFO: [HLS 200-1470] Pipelining result : Target II = 1, Final II = 1, Depth = 2, loop 'VITIS_LOOP_936_2'
INFO: [SCHED 204-11] Finished constructing STG.
INFO: [SCHED 204-11] Finished scheduling.
INFO: [HLS 200-111] Finished Scheduling: CPU user time: 1 seconds. CPU system time: 1 seconds. Elapsed time: 0.831 seconds; current allocated memory: 364.406 MB.
INFO: [BIND 205-100] Starting micro-architecture generation ...
INFO: [BIND 205-101] Performing variable lifetime analysis.
INFO: [BIND 205-101] Exploring resource sharing.
INFO: [BIND 205-101] Binding ...
INFO: [BIND 205-100] Finished micro-architecture generation.
INFO: [HLS 200-111] Finished Binding: CPU user time: 0 seconds. CPU system time: 0 seconds. Elapsed time: 0.084 seconds; current allocated memory: 364.672 MB.
INFO: [HLS 200-10] ----------------------------------------------------------------
INFO: [HLS 200-42] -- Implementing module 'MultiPixStream2AXIvideo' 
INFO: [HLS 200-10] ----------------------------------------------------------------
INFO: [SCHED 204-11] Starting scheduling ...
###	 Num	NTree	NLUT	EssAll	EssLUT	Size	MSize	Lev	MLev	Sel	Phy 
####	 1	0	0	32	0	-nan(ind)	0	-nan(ind)	0	0	0
INFO: [SCHED 204-11] Generating True dependence constraints ... 
INFO: [SCHED 204-11] Generating Auxiliary dependence constraints ... 
INFO: [SCHED 204-11] Generating Ternary mapping constraints ... 
INFO: [SCHED 204-11] Generating Lut Grouping constraints ... 
INFO: [SCHED 204-11] Generating Node latency constraints ... 
INFO: [SCHED 204-11] Generating Relative time constraints ... 
INFO: [SCHED 204-11] Generating Protocol constraints ... 
INFO: [SCHED 204-11] Generating Precedence constraints ... 
INFO: [SCHED 204-11] Generating Supporting dependence constraints ... 
INFO: [SCHED 204-11] Generating Pipeline constraints ... 
INFO: [SCHED 204-11] Generating DSP mapping constraints ... 
INFO: [SCHED 204-11] Generating Supporting dependence constraints ... 
INFO: [SCHED 204-11] Generating Resource constraints ... 
INFO: [SCHED 204-11] Generating Latency constraints ... 
INFO: [SCHED 204-11] Generating Latency constraints ... 
INFO: [SCHED 204-11] Generating Cycle time constraints ... 
INFO: [SCHED 204-11] Generating Blocking node constraints ... 
INFO: [SCHED 204-11] Generating Chaining constraints ... 
INFO: [SCHED 204-11] Generating Operation gating constraints ... 
INFO: [SCHED 204-11] Generating Variable bound constraints ... 
INFO: [SCHED 204-11] Generating PHI node constraints ... 
INFO: [SCHED 204-11] Start checking consistency (resolving sdc graph) ...
INFO: [SCHED 204-11] Finished checking consistency.
INFO: [SCHED 204-11] Start scheduling optimization (solving LP) ...
INFO: [SCHED 204-11] Finished scheduling optimization.
INFO: [SCHED 204-11] Start constructing STG ...
INFO: [SCHED 204-11] Finished constructing STG.
INFO: [SCHED 204-11] Finished scheduling.
INFO: [HLS 200-111] Finished Scheduling: CPU user time: 0 seconds. CPU system time: 0 seconds. Elapsed time: 0.499 seconds; current allocated memory: 364.941 MB.
INFO: [BIND 205-100] Starting micro-architecture generation ...
INFO: [BIND 205-101] Performing variable lifetime analysis.
INFO: [BIND 205-101] Exploring resource sharing.
INFO: [BIND 205-101] Binding ...
INFO: [BIND 205-100] Finished micro-architecture generation.
INFO: [HLS 200-111] Finished Binding: CPU user time: 0 seconds. CPU system time: 0 seconds. Elapsed time: 0.085 seconds; current allocated memory: 364.953 MB.
INFO: [HLS 200-10] ----------------------------------------------------------------
INFO: [HLS 200-42] -- Implementing module 'v_tpgHlsDataFlow' 
INFO: [HLS 200-10] ----------------------------------------------------------------
INFO: [SCHED 204-11] Starting scheduling ...
###	 Num	NTree	NLUT	EssAll	EssLUT	Size	MSize	Lev	MLev	Sel	Phy 
####	 0	0	0	4	0	-nan(ind)	0	-nan(ind)	0	0	0
INFO: [SCHED 204-11] Generating True dependence constraints ... 
INFO: [SCHED 204-11] Generating Auxiliary dependence constraints ... 
INFO: [SCHED 204-11] Generating Ternary mapping constraints ... 
INFO: [SCHED 204-11] Generating Lut Grouping constraints ... 
INFO: [SCHED 204-11] Generating Node latency constraints ... 
INFO: [SCHED 204-11] Generating Relative time constraints ... 
INFO: [SCHED 204-11] Generating Protocol constraints ... 
INFO: [SCHED 204-11] Generating Precedence constraints ... 
INFO: [SCHED 204-11] Generating Supporting dependence constraints ... 
INFO: [SCHED 204-11] Generating Pipeline constraints ... 
INFO: [SCHED 204-11] Generating DSP mapping constraints ... 
INFO: [SCHED 204-11] Generating Supporting dependence constraints ... 
INFO: [SCHED 204-11] Generating Resource constraints ... 
INFO: [SCHED 204-11] Generating Latency constraints ... 
INFO: [SCHED 204-11] Generating Latency constraints ... 
INFO: [SCHED 204-11] Generating Cycle time constraints ... 
INFO: [SCHED 204-11] Generating Blocking node constraints ... 
INFO: [SCHED 204-11] Generating Chaining constraints ... 
INFO: [SCHED 204-11] Generating Operation gating constraints ... 
INFO: [SCHED 204-11] Generating Variable bound constraints ... 
INFO: [SCHED 204-11] Generating PHI node constraints ... 
INFO: [SCHED 204-11] Start checking consistency (resolving sdc graph) ...
INFO: [SCHED 204-11] Finished checking consistency.
INFO: [SCHED 204-11] Start scheduling optimization (solving LP) ...
INFO: [SCHED 204-11] Finished scheduling optimization.
INFO: [SCHED 204-11] Start constructing STG ...
INFO: [SCHED 204-11] Finished constructing STG.
INFO: [SCHED 204-11] Finished scheduling.
INFO: [HLS 200-111] Finished Scheduling: CPU user time: 0 seconds. CPU system time: 0 seconds. Elapsed time: 0.507 seconds; current allocated memory: 365.145 MB.
INFO: [BIND 205-100] Starting micro-architecture generation ...
INFO: [BIND 205-101] Performing variable lifetime analysis.
INFO: [BIND 205-101] Exploring resource sharing.
INFO: [BIND 205-101] Binding ...
INFO: [BIND 205-100] Finished micro-architecture generation.
INFO: [HLS 200-111] Finished Binding: CPU user time: 0 seconds. CPU system time: 0 seconds. Elapsed time: 0.196 seconds; current allocated memory: 365.148 MB.
INFO: [HLS 200-10] ----------------------------------------------------------------
INFO: [HLS 200-42] -- Implementing module 'v_tpg' 
INFO: [HLS 200-10] ----------------------------------------------------------------
INFO: [SCHED 204-11] Starting scheduling ...
###	 Num	NTree	NLUT	EssAll	EssLUT	Size	MSize	Lev	MLev	Sel	Phy 
####	 1	0	0	19	0	-nan(ind)	0	-nan(ind)	0	0	0
INFO: [SCHED 204-11] Generating True dependence constraints ... 
INFO: [SCHED 204-11] Generating Auxiliary dependence constraints ... 
INFO: [SCHED 204-11] Generating Ternary mapping constraints ... 
INFO: [SCHED 204-11] Generating Lut Grouping constraints ... 
INFO: [SCHED 204-11] Generating Node latency constraints ... 
INFO: [SCHED 204-11] Generating Relative time constraints ... 
INFO: [SCHED 204-11] Generating Protocol constraints ... 
INFO: [SCHED 204-11] Generating Precedence constraints ... 
INFO: [SCHED 204-11] Generating Supporting dependence constraints ... 
INFO: [SCHED 204-11] Generating Pipeline constraints ... 
INFO: [SCHED 204-11] Generating DSP mapping constraints ... 
INFO: [SCHED 204-11] Generating Supporting dependence constraints ... 
INFO: [SCHED 204-11] Generating Resource constraints ... 
INFO: [SCHED 204-11] Generating Latency constraints ... 
INFO: [SCHED 204-11] Generating Latency constraints ... 
INFO: [SCHED 204-11] Generating Cycle time constraints ... 
INFO: [SCHED 204-11] Generating Blocking node constraints ... 
INFO: [SCHED 204-11] Generating Chaining constraints ... 
INFO: [SCHED 204-11] Generating Operation gating constraints ... 
INFO: [SCHED 204-11] Generating Variable bound constraints ... 
INFO: [SCHED 204-11] Generating PHI node constraints ... 
INFO: [SCHED 204-11] Start checking consistency (resolving sdc graph) ...
INFO: [SCHED 204-11] Finished checking consistency.
INFO: [SCHED 204-11] Start scheduling optimization (solving LP) ...
INFO: [SCHED 204-11] Finished scheduling optimization.
INFO: [SCHED 204-11] Start constructing STG ...
INFO: [SCHED 204-11] Finished constructing STG.
INFO: [SCHED 204-11] Finished scheduling.
INFO: [HLS 200-111] Finished Scheduling: CPU user time: 1 seconds. CPU system time: 0 seconds. Elapsed time: 0.85 seconds; current allocated memory: 366.023 MB.
INFO: [BIND 205-100] Starting micro-architecture generation ...
INFO: [BIND 205-101] Performing variable lifetime analysis.
INFO: [BIND 205-101] Exploring resource sharing.
INFO: [BIND 205-101] Binding ...
INFO: [BIND 205-100] Finished micro-architecture generation.
INFO: [HLS 200-111] Finished Binding: CPU user time: 0 seconds. CPU system time: 0 seconds. Elapsed time: 0.213 seconds; current allocated memory: 366.551 MB.
INFO: [HLS 200-10] ----------------------------------------------------------------
INFO: [HLS 200-10] -- Generating RTL for module 'reg_unsigned_short_s' 
INFO: [HLS 200-10] ----------------------------------------------------------------
INFO: [RTGEN 206-100] Finished creating RTL model for 'reg_unsigned_short_s'.
INFO: [HLS 200-111] Finished Creating RTL model: CPU user time: 0 seconds. CPU system time: 0 seconds. Elapsed time: 0.431 seconds; current allocated memory: 367.730 MB.
INFO: [HLS 200-10] ----------------------------------------------------------------
INFO: [HLS 200-10] -- Generating RTL for module 'AXIvideo2MultiPixStream_Pipeline_loop_wait_for_start' 
INFO: [HLS 200-10] ----------------------------------------------------------------
INFO: [RTGEN 206-100] Finished creating RTL model for 'AXIvideo2MultiPixStream_Pipeline_loop_wait_for_start'.
INFO: [HLS 200-111] Finished Creating RTL model: CPU user time: 0 seconds. CPU system time: 0 seconds. Elapsed time: 0.074 seconds; current allocated memory: 368.594 MB.
INFO: [HLS 200-10] ----------------------------------------------------------------
INFO: [HLS 200-10] -- Generating RTL for module 'AXIvideo2MultiPixStream_Pipeline_loop_width' 
INFO: [HLS 200-10] ----------------------------------------------------------------
INFO: [HLS 200-1030] Apply Unified Pipeline Control on module 'AXIvideo2MultiPixStream_Pipeline_loop_width' pipeline 'loop_width' pipeline type 'loop pipeline'
INFO: [RTGEN 206-100] Finished creating RTL model for 'AXIvideo2MultiPixStream_Pipeline_loop_width'.
INFO: [HLS 200-111] Finished Creating RTL model: CPU user time: 1 seconds. CPU system time: 0 seconds. Elapsed time: 0.1 seconds; current allocated memory: 369.598 MB.
INFO: [HLS 200-10] ----------------------------------------------------------------
INFO: [HLS 200-10] -- Generating RTL for module 'AXIvideo2MultiPixStream_Pipeline_loop_wait_for_eol' 
INFO: [HLS 200-10] ----------------------------------------------------------------
INFO: [RTGEN 206-100] Finished creating RTL model for 'AXIvideo2MultiPixStream_Pipeline_loop_wait_for_eol'.
INFO: [HLS 200-111] Finished Creating RTL model: CPU user time: 0 seconds. CPU system time: 0 seconds. Elapsed time: 0.154 seconds; current allocated memory: 370.762 MB.
INFO: [HLS 200-10] ----------------------------------------------------------------
INFO: [HLS 200-10] -- Generating RTL for module 'AXIvideo2MultiPixStream' 
INFO: [HLS 200-10] ----------------------------------------------------------------
INFO: [RTGEN 206-100] Finished creating RTL model for 'AXIvideo2MultiPixStream'.
INFO: [HLS 200-111] Finished Creating RTL model: CPU user time: 0 seconds. CPU system time: 0 seconds. Elapsed time: 0.091 seconds; current allocated memory: 371.375 MB.
INFO: [HLS 200-10] ----------------------------------------------------------------
INFO: [HLS 200-10] -- Generating RTL for module 'reg_ap_uint_10_s' 
INFO: [HLS 200-10] ----------------------------------------------------------------
INFO: [RTGEN 206-100] Finished creating RTL model for 'reg_ap_uint_10_s'.
INFO: [HLS 200-111] Finished Creating RTL model: CPU user time: 0 seconds. CPU system time: 0 seconds. Elapsed time: 0.15 seconds; current allocated memory: 372.453 MB.
INFO: [HLS 200-10] ----------------------------------------------------------------
INFO: [HLS 200-10] -- Generating RTL for module 'reg_int_s' 
INFO: [HLS 200-10] ----------------------------------------------------------------
INFO: [RTGEN 206-100] Finished creating RTL model for 'reg_int_s'.
INFO: [HLS 200-111] Finished Creating RTL model: CPU user time: 0 seconds. CPU system time: 0 seconds. Elapsed time: 0.078 seconds; current allocated memory: 372.621 MB.
INFO: [HLS 200-10] ----------------------------------------------------------------
INFO: [HLS 200-10] -- Generating RTL for module 'tpgBackground_Pipeline_VITIS_LOOP_520_2' 
INFO: [HLS 200-10] ----------------------------------------------------------------
WARNING: [RTGEN 206-101] Register 'xBar_V' is power-on initialization.
WARNING: [RTGEN 206-101] Register 'zonePlateVDelta' is power-on initialization.
WARNING: [RTGEN 206-101] Register 'xCount_V' is power-on initialization.
WARNING: [RTGEN 206-101] Register 'yCount_V' is power-on initialization.
WARNING: [RTGEN 206-101] Register 'xCount_V_2' is power-on initialization.
WARNING: [RTGEN 206-101] Register 'vHatch' is power-on initialization.
WARNING: [RTGEN 206-101] Register 'yCount_V_2' is power-on initialization.
WARNING: [RTGEN 206-101] Register 'xCount_V_3' is power-on initialization.
WARNING: [RTGEN 206-101] Register 'yCount_V_3' is power-on initialization.
WARNING: [RTGEN 206-101] Register 'rSerie_V' is power-on initialization.
WARNING: [RTGEN 206-101] Register 'gSerie_V' is power-on initialization.
WARNING: [RTGEN 206-101] Register 'bSerie_V' is power-on initialization.
WARNING: [RTGEN 206-101] Register 'xCount_V_1' is power-on initialization.
WARNING: [RTGEN 206-101] Register 'yCount_V_1' is power-on initialization.
INFO: [HLS 200-1030] Apply Unified Pipeline Control on module 'tpgBackground_Pipeline_VITIS_LOOP_520_2' pipeline 'VITIS_LOOP_520_2' pipeline type 'loop pipeline'
INFO: [HLS 200-1552] Enabling free running pipeline (frp) architecture on pipeline 'VITIS_LOOP_520_2' in module 'tpgBackground_Pipeline_VITIS_LOOP_520_2'. Estimated max control fanout for pipeline is 10169.
INFO: [RTGEN 206-100] Generating core module 'am_addmul_16ns_1s_16ns_17_4_1': 1 instance(s).
INFO: [RTGEN 206-100] Generating core module 'mac_muladd_16ns_6s_24s_24_4_1': 1 instance(s).
INFO: [RTGEN 206-100] Generating core module 'mac_muladd_16ns_7ns_15ns_23_4_1': 1 instance(s).
INFO: [RTGEN 206-100] Generating core module 'mac_muladd_16ns_7s_18ns_23_4_1': 1 instance(s).
INFO: [RTGEN 206-100] Generating core module 'mac_muladd_16ns_8ns_23ns_24_4_1': 1 instance(s).
INFO: [RTGEN 206-100] Generating core module 'mac_muladd_16ns_8s_23s_24_4_1': 1 instance(s).
INFO: [RTGEN 206-100] Generating core module 'mac_muladd_16s_16s_16ns_16_4_1': 1 instance(s).
INFO: [RTGEN 206-100] Generating core module 'mul_mul_11ns_12ns_23_4_1': 3 instance(s).
INFO: [RTGEN 206-100] Generating core module 'mul_mul_16ns_5ns_21_4_1': 1 instance(s).
INFO: [RTGEN 206-100] Generating core module 'mul_mul_16ns_8s_24_4_1': 1 instance(s).
INFO: [RTGEN 206-100] Generating core module 'mul_mul_20s_8ns_28_4_1': 1 instance(s).
INFO: [RTGEN 206-100] Generating core module 'mux_32_10_1_1': 1 instance(s).
INFO: [RTGEN 206-100] Generating core module 'mux_53_32_1_1': 3 instance(s).
INFO: [RTGEN 206-100] Generating core module 'urem_11ns_4ns_3_15_1': 3 instance(s).
INFO: [RTGEN 206-100] Finished creating RTL model for 'tpgBackground_Pipeline_VITIS_LOOP_520_2'.
INFO: [RTMG 210-279] Implementing memory 'design_1_v_tpg_0_0_tpgBackground_Pipeline_VITIS_LOOP_520_2_redYuv_ROM_AUTO_1R' using auto ROMs.
INFO: [RTMG 210-279] Implementing memory 'design_1_v_tpg_0_0_tpgBackground_Pipeline_VITIS_LOOP_520_2_grnYuv_ROM_AUTO_1R' using auto ROMs.
INFO: [RTMG 210-279] Implementing memory 'design_1_v_tpg_0_0_tpgBackground_Pipeline_VITIS_LOOP_520_2_bluYuv_ROM_AUTO_1R' using auto ROMs.
INFO: [RTMG 210-279] Implementing memory 'design_1_v_tpg_0_0_tpgBackground_Pipeline_VITIS_LOOP_520_2_blkYuv_ROM_AUTO_1R' using auto ROMs.
INFO: [RTMG 210-279] Implementing memory 'design_1_v_tpg_0_0_tpgBackground_Pipeline_VITIS_LOOP_520_2_whiYuv_ROM_AUTO_1R' using auto ROMs.
INFO: [RTMG 210-279] Implementing memory 'design_1_v_tpg_0_0_tpgBackground_Pipeline_VITIS_LOOP_520_2_tpgBarSelRgb_r_ROM_AUTO_1R' using auto ROMs.
INFO: [RTMG 210-279] Implementing memory 'design_1_v_tpg_0_0_tpgBackground_Pipeline_VITIS_LOOP_520_2_tpgBarSelYuv_y_ROM_AUTO_1R' using auto ROMs.
INFO: [RTMG 210-279] Implementing memory 'design_1_v_tpg_0_0_tpgBackground_Pipeline_VITIS_LOOP_520_2_tpgBarSelRgb_g_ROM_AUTO_1R' using auto ROMs.
INFO: [RTMG 210-279] Implementing memory 'design_1_v_tpg_0_0_tpgBackground_Pipeline_VITIS_LOOP_520_2_tpgBarSelYuv_u_ROM_AUTO_1R' using auto ROMs.
INFO: [RTMG 210-279] Implementing memory 'design_1_v_tpg_0_0_tpgBackground_Pipeline_VITIS_LOOP_520_2_tpgBarSelYuv_v_ROM_AUTO_1R' using auto ROMs.
INFO: [RTMG 210-279] Implementing memory 'design_1_v_tpg_0_0_tpgBackground_Pipeline_VITIS_LOOP_520_2_tpgBarSelRgb_b_ROM_AUTO_1R' using auto ROMs.
INFO: [RTMG 210-279] Implementing memory 'design_1_v_tpg_0_0_tpgBackground_Pipeline_VITIS_LOOP_520_2_tpgSinTableArray_ROM_AUTO_1R' using auto ROMs.
INFO: [RTMG 210-279] Implementing memory 'design_1_v_tpg_0_0_tpgBackground_Pipeline_VITIS_LOOP_520_2_tpgTartanBarArray_ROM_AUTO_1R' using auto ROMs.
INFO: [RTMG 210-279] Implementing memory 'design_1_v_tpg_0_0_tpgBackground_Pipeline_VITIS_LOOP_520_2_tpgSinTableArray_9bit_0_ROM_AUTO_1R' using auto ROMs.
INFO: [RTMG 210-279] Implementing memory 'design_1_v_tpg_0_0_tpgBackground_Pipeline_VITIS_LOOP_520_2_tpgSinTableArray_9bit_1_ROM_AUTO_1R' using auto ROMs.
INFO: [RTMG 210-279] Implementing memory 'design_1_v_tpg_0_0_tpgBackground_Pipeline_VITIS_LOOP_520_2_tpgSinTableArray_9bit_2_ROM_AUTO_1R' using auto ROMs.
INFO: [RTMG 210-279] Implementing memory 'design_1_v_tpg_0_0_tpgBackground_Pipeline_VITIS_LOOP_520_2_tpgSinTableArray_9bit_3_ROM_AUTO_1R' using auto ROMs.
INFO: [RTMG 210-279] Implementing memory 'design_1_v_tpg_0_0_tpgBackground_Pipeline_VITIS_LOOP_520_2_tpgSinTableArray_9bit_4_ROM_AUTO_1R' using auto ROMs.
INFO: [RTMG 210-279] Implementing memory 'design_1_v_tpg_0_0_tpgBackground_Pipeline_VITIS_LOOP_520_2_tpgCheckerBoardArray_ROM_AUTO_1R' using auto ROMs.
INFO: [RTMG 210-279] Implementing memory 'design_1_v_tpg_0_0_tpgBackground_Pipeline_VITIS_LOOP_520_2_DPtpgBarArray_ROM_AUTO_1R' using auto ROMs.
INFO: [RTMG 210-279] Implementing memory 'design_1_v_tpg_0_0_tpgBackground_Pipeline_VITIS_LOOP_520_2_DPtpgBarSelRgb_CEA_r_ROM_AUTO_1R' using auto ROMs.
INFO: [RTMG 210-279] Implementing memory 'design_1_v_tpg_0_0_tpgBackground_Pipeline_VITIS_LOOP_520_2_DPtpgBarSelRgb_CEA_g_ROM_AUTO_1R' using auto ROMs.
INFO: [RTMG 210-279] Implementing memory 'design_1_v_tpg_0_0_tpgBackground_Pipeline_VITIS_LOOP_520_2_DPtpgBarSelRgb_CEA_b_ROM_AUTO_1R' using auto ROMs.
INFO: [RTMG 210-279] Implementing memory 'design_1_v_tpg_0_0_tpgBackground_Pipeline_VITIS_LOOP_520_2_DPtpgBarSelYuv_601_y_ROM_AUTO_1R' using auto ROMs.
INFO: [RTMG 210-279] Implementing memory 'design_1_v_tpg_0_0_tpgBackground_Pipeline_VITIS_LOOP_520_2_DPtpgBarSelYuv_601_v_ROM_AUTO_1R' using auto ROMs.
INFO: [RTMG 210-279] Implementing memory 'design_1_v_tpg_0_0_tpgBackground_Pipeline_VITIS_LOOP_520_2_DPtpgBarSelYuv_601_u_ROM_AUTO_1R' using auto ROMs.
INFO: [RTMG 210-279] Implementing memory 'design_1_v_tpg_0_0_tpgBackground_Pipeline_VITIS_LOOP_520_2_DPtpgBarSelYuv_709_y_ROM_AUTO_1R' using auto ROMs.
INFO: [RTMG 210-279] Implementing memory 'design_1_v_tpg_0_0_tpgBackground_Pipeline_VITIS_LOOP_520_2_DPtpgBarSelYuv_709_v_ROM_AUTO_1R' using auto ROMs.
INFO: [RTMG 210-279] Implementing memory 'design_1_v_tpg_0_0_tpgBackground_Pipeline_VITIS_LOOP_520_2_DPtpgBarSelYuv_709_u_ROM_AUTO_1R' using auto ROMs.
INFO: [HLS 200-111] Finished Creating RTL model: CPU user time: 1 seconds. CPU system time: 0 seconds. Elapsed time: 1.543 seconds; current allocated memory: 387.062 MB.
INFO: [HLS 200-10] ----------------------------------------------------------------
INFO: [HLS 200-10] -- Generating RTL for module 'tpgBackground' 
INFO: [HLS 200-10] ----------------------------------------------------------------
WARNING: [RTGEN 206-101] Register 'rampStart' is power-on initialization.
WARNING: [RTGEN 206-101] Register 'rampVal_1' is power-on initialization.
WARNING: [RTGEN 206-101] Register 'rampVal' is power-on initialization.
WARNING: [RTGEN 206-101] Register 'hBarSel_2' is power-on initialization.
WARNING: [RTGEN 206-101] Register 'zonePlateVAddr' is power-on initialization.
WARNING: [RTGEN 206-101] Register 'vBarSel' is power-on initialization.
WARNING: [RTGEN 206-101] Register 'hBarSel' is power-on initialization.
WARNING: [RTGEN 206-101] Register 'hdata' is power-on initialization.
WARNING: [RTGEN 206-101] Register 'vBarSel_2' is power-on initialization.
WARNING: [RTGEN 206-101] Register 'hBarSel_3' is power-on initialization.
WARNING: [RTGEN 206-101] Register 'rampVal_2' is power-on initialization.
WARNING: [RTGEN 206-101] Register 'vBarSel_1' is power-on initialization.
WARNING: [RTGEN 206-101] Register 'hBarSel_1' is power-on initialization.
INFO: [RTGEN 206-100] Finished creating RTL model for 'tpgBackground'.
INFO: [HLS 200-111] Finished Creating RTL model: CPU user time: 1 seconds. CPU system time: 1 seconds. Elapsed time: 2.2 seconds; current allocated memory: 399.445 MB.
INFO: [HLS 200-10] ----------------------------------------------------------------
INFO: [HLS 200-10] -- Generating RTL for module 'MultiPixStream2AXIvideo_Pipeline_VITIS_LOOP_936_2' 
INFO: [HLS 200-10] ----------------------------------------------------------------
INFO: [RTGEN 206-100] Finished creating RTL model for 'MultiPixStream2AXIvideo_Pipeline_VITIS_LOOP_936_2'.
INFO: [HLS 200-111] Finished Creating RTL model: CPU user time: 1 seconds. CPU system time: 0 seconds. Elapsed time: 0.64 seconds; current allocated memory: 402.480 MB.
INFO: [HLS 200-10] ----------------------------------------------------------------
INFO: [HLS 200-10] -- Generating RTL for module 'MultiPixStream2AXIvideo' 
INFO: [HLS 200-10] ----------------------------------------------------------------
WARNING: [RTGEN 206-101] Register 'fidStored' is power-on initialization.
WARNING: [RTGEN 206-101] Register 'counter' is power-on initialization.
INFO: [RTGEN 206-100] Finished creating RTL model for 'MultiPixStream2AXIvideo'.
INFO: [HLS 200-111] Finished Creating RTL model: CPU user time: 0 seconds. CPU system time: 0 seconds. Elapsed time: 0.231 seconds; current allocated memory: 404.582 MB.
INFO: [HLS 200-10] ----------------------------------------------------------------
INFO: [HLS 200-10] -- Generating RTL for module 'v_tpgHlsDataFlow' 
INFO: [HLS 200-10] ----------------------------------------------------------------
INFO: [RTGEN 206-100] Finished creating RTL model for 'v_tpgHlsDataFlow'.
INFO: [RTMG 210-285] Implementing FIFO 'srcYUV_U(design_1_v_tpg_0_0_fifo_w30_d21_S)' using Shift Registers.
INFO: [RTMG 210-285] Implementing FIFO 'ovrlayYUV_U(design_1_v_tpg_0_0_fifo_w30_d16_S)' using Shift Registers.
INFO: [RTMG 210-285] Implementing FIFO 'start_for_MultiPixStream2AXIvideo_U0_U(design_1_v_tpg_0_0_start_for_MultiPixStream2AXIvideo_U0)' using Shift Registers.
INFO: [HLS 200-111] Finished Creating RTL model: CPU user time: 0 seconds. CPU system time: 0 seconds. Elapsed time: 0.204 seconds; current allocated memory: 405.426 MB.
INFO: [HLS 200-10] ----------------------------------------------------------------
INFO: [HLS 200-10] -- Generating RTL for module 'v_tpg' 
INFO: [HLS 200-10] ----------------------------------------------------------------
WARNING: [RTGEN 206-101] Design contains AXI ports. Reset is fixed to synchronous and active low.
INFO: [RTGEN 206-500] Setting interface mode on port 'v_tpg/s_axis_video_V_data_V' to 'axis' (register, both mode).
INFO: [RTGEN 206-500] Setting interface mode on port 'v_tpg/s_axis_video_V_keep_V' to 'axis' (register, both mode).
INFO: [RTGEN 206-500] Setting interface mode on port 'v_tpg/s_axis_video_V_strb_V' to 'axis' (register, both mode).
INFO: [RTGEN 206-500] Setting interface mode on port 'v_tpg/s_axis_video_V_user_V' to 'axis' (register, both mode).
INFO: [RTGEN 206-500] Setting interface mode on port 'v_tpg/s_axis_video_V_last_V' to 'axis' (register, both mode).
INFO: [RTGEN 206-500] Setting interface mode on port 'v_tpg/s_axis_video_V_id_V' to 'axis' (register, both mode).
INFO: [RTGEN 206-500] Setting interface mode on port 'v_tpg/s_axis_video_V_dest_V' to 'axis' (register, both mode).
INFO: [RTGEN 206-500] Setting interface mode on port 'v_tpg/height' to 's_axilite & ap_none'.
INFO: [RTGEN 206-500] Setting interface mode on port 'v_tpg/width' to 's_axilite & ap_none'.
INFO: [RTGEN 206-500] Setting interface mode on port 'v_tpg/field_id' to 's_axilite & ap_none'.
INFO: [RTGEN 206-500] Setting interface mode on port 'v_tpg/fid_in' to 'ap_none'.
INFO: [RTGEN 206-500] Setting interface mode on port 'v_tpg/passthruStartX' to 's_axilite & ap_none'.
INFO: [RTGEN 206-500] Setting interface mode on port 'v_tpg/passthruStartY' to 's_axilite & ap_none'.
INFO: [RTGEN 206-500] Setting interface mode on port 'v_tpg/passthruEndX' to 's_axilite & ap_none'.
INFO: [RTGEN 206-500] Setting interface mode on port 'v_tpg/passthruEndY' to 's_axilite & ap_none'.
INFO: [RTGEN 206-500] Setting interface mode on port 'v_tpg/enableInput' to 's_axilite & ap_none'.
INFO: [RTGEN 206-500] Setting interface mode on port 'v_tpg/bckgndId' to 's_axilite & ap_none'.
INFO: [RTGEN 206-500] Setting interface mode on port 'v_tpg/ovrlayId' to 's_axilite & ap_none'.
INFO: [RTGEN 206-500] Setting interface mode on port 'v_tpg/maskId' to 's_axilite & ap_none'.
INFO: [RTGEN 206-500] Setting interface mode on port 'v_tpg/motionSpeed' to 's_axilite & ap_none'.
INFO: [RTGEN 206-500] Setting interface mode on port 'v_tpg/colorFormat' to 's_axilite & ap_none'.
INFO: [RTGEN 206-500] Setting interface mode on port 'v_tpg/crossHairX' to 's_axilite & ap_none'.
INFO: [RTGEN 206-500] Setting interface mode on port 'v_tpg/crossHairY' to 's_axilite & ap_none'.
INFO: [RTGEN 206-500] Setting interface mode on port 'v_tpg/ZplateHorContStart' to 's_axilite & ap_none'.
INFO: [RTGEN 206-500] Setting interface mode on port 'v_tpg/ZplateHorContDelta' to 's_axilite & ap_none'.
INFO: [RTGEN 206-500] Setting interface mode on port 'v_tpg/ZplateVerContStart' to 's_axilite & ap_none'.
INFO: [RTGEN 206-500] Setting interface mode on port 'v_tpg/ZplateVerContDelta' to 's_axilite & ap_none'.
INFO: [RTGEN 206-500] Setting interface mode on port 'v_tpg/boxSize' to 's_axilite & ap_none'.
INFO: [RTGEN 206-500] Setting interface mode on port 'v_tpg/boxColorR' to 's_axilite & ap_none'.
INFO: [RTGEN 206-500] Setting interface mode on port 'v_tpg/boxColorG' to 's_axilite & ap_none'.
INFO: [RTGEN 206-500] Setting interface mode on port 'v_tpg/boxColorB' to 's_axilite & ap_none'.
INFO: [RTGEN 206-500] Setting interface mode on port 'v_tpg/dpDynamicRange' to 's_axilite & ap_none'.
INFO: [RTGEN 206-500] Setting interface mode on port 'v_tpg/dpYUVCoef' to 's_axilite & ap_none'.
INFO: [RTGEN 206-500] Setting interface mode on port 'v_tpg/bck_motion_en' to 's_axilite & ap_none'.
INFO: [RTGEN 206-500] Setting interface mode on port 'v_tpg/m_axis_video_V_data_V' to 'axis' (register, both mode).
INFO: [RTGEN 206-500] Setting interface mode on port 'v_tpg/m_axis_video_V_keep_V' to 'axis' (register, both mode).
INFO: [RTGEN 206-500] Setting interface mode on port 'v_tpg/m_axis_video_V_strb_V' to 'axis' (register, both mode).
INFO: [RTGEN 206-500] Setting interface mode on port 'v_tpg/m_axis_video_V_user_V' to 'axis' (register, both mode).
INFO: [RTGEN 206-500] Setting interface mode on port 'v_tpg/m_axis_video_V_last_V' to 'axis' (register, both mode).
INFO: [RTGEN 206-500] Setting interface mode on port 'v_tpg/m_axis_video_V_id_V' to 'axis' (register, both mode).
INFO: [RTGEN 206-500] Setting interface mode on port 'v_tpg/m_axis_video_V_dest_V' to 'axis' (register, both mode).
INFO: [RTGEN 206-500] Setting interface mode on port 'v_tpg/fid' to 'ap_none'.
WARNING: [RTGEN 206-101] Port 'fid' with mode 'ap_none' may require an associated data valid signal to correctly communicate with other blocks or a test bench; automatic C/RTL co-simulation may not be able to verify such a port.
INFO: [RTGEN 206-500] Setting interface mode on function 'v_tpg' to 's_axilite & ap_ctrl_hs'.
WARNING: [RTGEN 206-101] Register 'count' is power-on initialization.
WARNING: [RTGEN 206-101] Register 's' is power-on initialization.
INFO: [RTGEN 206-100] Bundling port 'height', 'width', 'bckgndId', 'ovrlayId', 'maskId', 'motionSpeed', 'colorFormat', 'crossHairX', 'crossHairY', 'ZplateHorContStart', 'ZplateHorContDelta', 'ZplateVerContStart', 'ZplateVerContDelta', 'boxSize', 'boxColorR', 'boxColorG', 'boxColorB', 'enableInput', 'passthruStartX', 'passthruStartY', 'passthruEndX', 'passthruEndY', 'dpDynamicRange', 'dpYUVCoef', 'field_id', 'bck_motion_en' to AXI-Lite port CTRL.
INFO: [RTGEN 206-100] Finished creating RTL model for 'v_tpg'.
INFO: [HLS 200-111] Finished Creating RTL model: CPU user time: 1 seconds. CPU system time: 0 seconds. Elapsed time: 1.246 seconds; current allocated memory: 407.293 MB.
INFO: [HLS 200-111] Finished Generating all RTL models: CPU user time: 1 seconds. CPU system time: 0 seconds. Elapsed time: 2.285 seconds; current allocated memory: 410.496 MB.
INFO: [HLS 200-111] Finished Updating report files: CPU user time: 2 seconds. CPU system time: 1 seconds. Elapsed time: 2.579 seconds; current allocated memory: 419.168 MB.
INFO: [VHDL 208-304] Generating VHDL RTL for v_tpg with prefix design_1_v_tpg_0_0_.
INFO: [VLOG 209-307] Generating Verilog RTL for v_tpg with prefix design_1_v_tpg_0_0_.
INFO: [HLS 200-789] **** Estimated Fmax: 294.81 MHz
INFO: [HLS 200-111] Finished Command csynth_design CPU user time: 21 seconds. CPU system time: 3 seconds. Elapsed time: 80.012 seconds; current allocated memory: 318.492 MB.
INFO: [HLS 200-1510] Running: export_design -format ip_catalog 
INFO: [IMPL 213-8] Exporting RTL as a Vivado IP.

****** Vivado v2022.2 (64-bit)
  **** SW Build 3671981 on Fri Oct 14 05:00:03 MDT 2022
  **** IP Build 3669848 on Fri Oct 14 08:30:02 MDT 2022
    ** Copyright 1986-2022 Xilinx, Inc. All Rights Reserved.

source run_ippack.tcl -notrace
INFO: [IP_Flow 19-234] Refreshing IP repositories
INFO: [IP_Flow 19-1704] No user IP repositories specified
INFO: [IP_Flow 19-2313] Loaded Vivado IP repository 'C:/Xilinx/Vivado/2022.2/data/ip'.
INFO: [Common 17-206] Exiting Vivado at Mon May  4 01:56:08 2026...
INFO: [HLS 200-802] Generated output file prj/sol/impl/export.zip
INFO: [HLS 200-111] Finished Command export_design CPU user time: 3 seconds. CPU system time: 0 seconds. Elapsed time: 10.934 seconds; current allocated memory: 6.168 MB.
INFO: [HLS 200-112] Total CPU user time: 24 seconds. Total CPU system time: 4 seconds. Total elapsed time: 103.122 seconds; peak allocated memory: 427.793 MB.
INFO: [Common 17-206] Exiting vitis_hls at Mon May  4 01:56:08 2026...
